[
  {
    "timestamp": "2025-01-24 14:28:45",
    "rooms": [
      {
        "id": 1200221,
        "name": "Meeting room 4th floor",
        "targetTemperature": 21.0,
        "currentTemperature": 21.49,
        "devices": [
          {
            "id": 2429794,
            "name": "Meeting room 4th West",
            "energy": 26,
            "energyTime": "2025-01-24 13:28:15"
          },
          {
            "id": 2429797,
            "name": "Meeting room 4th North West",
            "energy": 20,
            "energyTime": "2025-01-24 13:28:15"
          },
          {
            "id": 2429799,
            "name": "Meeting room 4th North",
            "energy": 6,
            "energyTime": "2025-01-24 13:28:15"
          }
        ]
      },
      {
        "id": 1200228,
        "name": "Canteen",
        "targetTemperature": 20.0,
        "currentTemperature": 21.04,
        "devices": [
          {
            "id": 2429803,
            "name": "Canteen Left",
            "energy": 12,
            "energyTime": "2025-01-24 13:28:15"
          },
          {
            "id": 2429806,
            "name": "Canteen Middle",
            "energy": 0,
            "energyTime": "2025-01-24 13:28:15"
          },
          {
            "id": 2429808,
            "name": "Canteen Right",
            "energy": 0,
            "energyTime": "2025-01-24 13:28:15"
          }
        ]
      },
      {
        "id": 1200231,
        "name": "Office 409",
        "targetTemperature": 20.0,
        "currentTemperature": 20.27,
        "devices": [
          {
            "id": 2429813,
            "name": "Heater 409",
            "energy": 31,
            "energyTime": "2025-01-24 13:28:15"
          }
        ]
      },
      {
        "id": 1200237,
        "name": "Office 408",
        "targetTemperature": 20.0,
        "currentTemperature": 21.27,
        "devices": [
          {
            "id": 2429826,
            "name": "Heater 408",
            "energy": 0,
            "energyTime": "2025-01-24 13:28:15"
          }
        ]
      },
      {
        "id": 1200241,
        "name": "Office 407",
        "targetTemperature": 20.0,
        "currentTemperature": 20.48,
        "devices": [
          {
            "id": 2429839,
            "name": "Heater 407",
            "energy": 6,
            "energyTime": "2025-01-24 13:28:15"
          }
        ]
      },
      {
        "id": 1200242,
        "name": "Office 406",
        "targetTemperature": 20.0,
        "currentTemperature": 20.34,
        "devices": [
          {
            "id": 2429842,
            "name": "Heater 406",
            "energy": 15,
            "energyTime": "2025-01-24 13:28:15"
          }
        ]
      },
      {
        "id": 1200247,
        "name": "Office 405",
        "targetTemperature": 20.0,
        "currentTemperature": 20.48,
        "devices": [
          {
            "id": 2429844,
            "name": "Heater 405",
            "energy": 7,
            "energyTime": "2025-01-24 13:28:15"
          }
        ]
      },
      {
        "id": 1200248,
        "name": "Office 404",
        "targetTemperature": 23.0,
        "currentTemperature": 22.33,
        "devices": [
          {
            "id": 2429845,
            "name": "Heater 404",
            "energy": 126,
            "energyTime": "2025-01-24 13:28:15"
          }
        ]
      },
      {
        "id": 1200249,
        "name": "Office Hallway 4th floor",
        "targetTemperature": 20.0,
        "currentTemperature": 20.9,
        "devices": []
      },
      {
        "id": 1200250,
        "name": "Office 401",
        "targetTemperature": 20.0,
        "currentTemperature": 21.64,
        "devices": [
          {
            "id": 2429849,
            "name": "Heater 401",
            "energy": 0,
            "energyTime": "2025-01-24 13:28:15"
          }
        ]
      },
      {
        "id": 1200321,
        "name": "Office 310",
        "targetTemperature": 20.0,
        "currentTemperature": 20.12,
        "devices": [
          {
            "id": 2430000,
            "name": "Heater 310 Right",
            "energy": 44,
            "energyTime": "2025-01-24 13:28:15"
          },
          {
            "id": 2430008,
            "name": "Heater 310 Left",
            "energy": 25,
            "energyTime": "2025-01-24 13:28:15"
          }
        ]
      }
    ]
  },
  {
    "timestamp": "2025-01-24 15:38:20",
    "rooms": [
      {
        "id": 1200221,
        "name": "Meeting room 4th floor",
        "targetTemperature": 21.0,
        "currentTemperature": 20.92,
        "devices": [
          {
            "id": 2429794,
            "name": "Meeting room 4th West",
            "energy": 68,
            "energyTime": "2025-01-24 14:38:20"
          },
          {
            "id": 2429797,
            "name": "Meeting room 4th North West",
            "energy": 58,
            "energyTime": "2025-01-24 14:38:20"
          },
          {
            "id": 2429799,
            "name": "Meeting room 4th North",
            "energy": 28,
            "energyTime": "2025-01-24 14:38:20"
          }
        ]
      },
      {
        "id": 1200228,
        "name": "Canteen",
        "targetTemperature": 20.0,
        "currentTemperature": 20.7,
        "devices": [
          {
            "id": 2429803,
            "name": "Canteen Left",
            "energy": 28,
            "energyTime": "2025-01-24 14:38:20"
          },
          {
            "id": 2429806,
            "name": "Canteen Middle",
            "energy": 9,
            "energyTime": "2025-01-24 14:38:20"
          },
          {
            "id": 2429808,
            "name": "Canteen Right",
            "energy": 0,
            "energyTime": "2025-01-24 14:38:20"
          }
        ]
      },
      {
        "id": 1200231,
        "name": "Office 409",
        "targetTemperature": 20.0,
        "currentTemperature": 20.05,
        "devices": [
          {
            "id": 2429813,
            "name": "Heater 409",
            "energy": 46,
            "energyTime": "2025-01-24 14:38:20"
          }
        ]
      },
      {
        "id": 1200237,
        "name": "Office 408",
        "targetTemperature": 20.0,
        "currentTemperature": 21.05,
        "devices": [
          {
            "id": 2429826,
            "name": "Heater 408",
            "energy": 0,
            "energyTime": "2025-01-24 14:38:20"
          }
        ]
      },
      {
        "id": 1200241,
        "name": "Office 407",
        "targetTemperature": 20.0,
        "currentTemperature": 20.27,
        "devices": [
          {
            "id": 2429839,
            "name": "Heater 407",
            "energy": 10,
            "energyTime": "2025-01-24 14:38:20"
          }
        ]
      },
      {
        "id": 1200242,
        "name": "Office 406",
        "targetTemperature": 20.0,
        "currentTemperature": 20.2,
        "devices": [
          {
            "id": 2429842,
            "name": "Heater 406",
            "energy": 22,
            "energyTime": "2025-01-24 14:38:20"
          }
        ]
      },
      {
        "id": 1200247,
        "name": "Office 405",
        "targetTemperature": 20.0,
        "currentTemperature": 20.34,
        "devices": [
          {
            "id": 2429844,
            "name": "Heater 405",
            "energy": 14,
            "energyTime": "2025-01-24 14:38:20"
          }
        ]
      },
      {
        "id": 1200248,
        "name": "Office 404",
        "targetTemperature": 23.0,
        "currentTemperature": 22.01,
        "devices": [
          {
            "id": 2429845,
            "name": "Heater 404",
            "energy": 186,
            "energyTime": "2025-01-24 14:38:20"
          }
        ]
      },
      {
        "id": 1200249,
        "name": "Office Hallway 4th floor",
        "targetTemperature": 20.0,
        "currentTemperature": 20.83,
        "devices": []
      },
      {
        "id": 1200250,
        "name": "Office 401",
        "targetTemperature": 20.0,
        "currentTemperature": 21.42,
        "devices": [
          {
            "id": 2429849,
            "name": "Heater 401",
            "energy": 0,
            "energyTime": "2025-01-24 14:38:20"
          }
        ]
      },
      {
        "id": 1200321,
        "name": "Office 310",
        "targetTemperature": 20.0,
        "currentTemperature": 20.19,
        "devices": [
          {
            "id": 2430000,
            "name": "Heater 310 Right",
            "energy": 59,
            "energyTime": "2025-01-24 14:38:20"
          },
          {
            "id": 2430008,
            "name": "Heater 310 Left",
            "energy": 31,
            "energyTime": "2025-01-24 14:38:20"
          }
        ]
      }
    ]
  },
  {
    "timestamp": "2025-01-24 15:41:22",
    "rooms": [
      {
        "id": 1200221,
        "name": "Meeting room 4th floor",
        "targetTemperature": 21.0,
        "currentTemperature": 20.92,
        "devices": [
          {
            "id": 2429794,
            "name": "Meeting room 4th West",
            "energy": 68,
            "energyTime": "2025-01-24 14:38:20"
          },
          {
            "id": 2429797,
            "name": "Meeting room 4th North West",
            "energy": 58,
            "energyTime": "2025-01-24 14:38:20"
          },
          {
            "id": 2429799,
            "name": "Meeting room 4th North",
            "energy": 28,
            "energyTime": "2025-01-24 14:38:20"
          }
        ]
      },
      {
        "id": 1200228,
        "name": "Canteen",
        "targetTemperature": 20.0,
        "currentTemperature": 20.7,
        "devices": [
          {
            "id": 2429803,
            "name": "Canteen Left",
            "energy": 28,
            "energyTime": "2025-01-24 14:38:20"
          },
          {
            "id": 2429806,
            "name": "Canteen Middle",
            "energy": 9,
            "energyTime": "2025-01-24 14:38:20"
          },
          {
            "id": 2429808,
            "name": "Canteen Right",
            "energy": 0,
            "energyTime": "2025-01-24 14:38:20"
          }
        ]
      },
      {
        "id": 1200231,
        "name": "Office 409",
        "targetTemperature": 20.0,
        "currentTemperature": 20.05,
        "devices": [
          {
            "id": 2429813,
            "name": "Heater 409",
            "energy": 46,
            "energyTime": "2025-01-24 14:38:20"
          }
        ]
      },
      {
        "id": 1200237,
        "name": "Office 408",
        "targetTemperature": 20.0,
        "currentTemperature": 21.05,
        "devices": [
          {
            "id": 2429826,
            "name": "Heater 408",
            "energy": 0,
            "energyTime": "2025-01-24 14:38:20"
          }
        ]
      },
      {
        "id": 1200241,
        "name": "Office 407",
        "targetTemperature": 20.0,
        "currentTemperature": 20.27,
        "devices": [
          {
            "id": 2429839,
            "name": "Heater 407",
            "energy": 10,
            "energyTime": "2025-01-24 14:38:20"
          }
        ]
      },
      {
        "id": 1200242,
        "name": "Office 406",
        "targetTemperature": 20.0,
        "currentTemperature": 20.2,
        "devices": [
          {
            "id": 2429842,
            "name": "Heater 406",
            "energy": 22,
            "energyTime": "2025-01-24 14:38:20"
          }
        ]
      },
      {
        "id": 1200247,
        "name": "Office 405",
        "targetTemperature": 20.0,
        "currentTemperature": 20.34,
        "devices": [
          {
            "id": 2429844,
            "name": "Heater 405",
            "energy": 14,
            "energyTime": "2025-01-24 14:38:20"
          }
        ]
      },
      {
        "id": 1200248,
        "name": "Office 404",
        "targetTemperature": 23.0,
        "currentTemperature": 22.01,
        "devices": [
          {
            "id": 2429845,
            "name": "Heater 404",
            "energy": 186,
            "energyTime": "2025-01-24 14:38:20"
          }
        ]
      },
      {
        "id": 1200249,
        "name": "Office Hallway 4th floor",
        "targetTemperature": 20.0,
        "currentTemperature": 20.83,
        "devices": []
      },
      {
        "id": 1200250,
        "name": "Office 401",
        "targetTemperature": 20.0,
        "currentTemperature": 21.42,
        "devices": [
          {
            "id": 2429849,
            "name": "Heater 401",
            "energy": 0,
            "energyTime": "2025-01-24 14:38:20"
          }
        ]
      },
      {
        "id": 1200321,
        "name": "Office 310",
        "targetTemperature": 20.0,
        "currentTemperature": 20.19,
        "devices": [
          {
            "id": 2430000,
            "name": "Heater 310 Right",
            "energy": 59,
            "energyTime": "2025-01-24 14:38:20"
          },
          {
            "id": 2430008,
            "name": "Heater 310 Left",
            "energy": 31,
            "energyTime": "2025-01-24 14:38:20"
          }
        ]
      }
    ]
  }
]