[
    {
        "timestamp": "2025-02-20T00:00:02.539252",
        "co2": 435,
        "supplyAirflow": 202,
        "extractAirflow": 203,
        "supplyAirDuctPressure": 16,
        "extractAirDuctPressure": 14,
        "supplyAirFanSpeedLevel": 1446,
        "extractAirFanSpeedLevel": 1082,
        "SFP": 4,
        "supplyAirTemperature": 2869,
        "extractAirTemperature": 2106,
        "outdoorTemperature": -674,
        "reheatLevel": 2512,
        "coolingLevel": 0,
        "supplyAirFilterPressure": 0,
        "extractAirFilterPressure": 11,
        "operationMode": 15,
        "heatExchangerRegulator": 10000,
        "RhxEfficiency": 8400
    },
    {
        "timestamp": "2025-02-20T00:10:02.190785",
        "co2": 439,
        "supplyAirflow": 202,
        "extractAirflow": 203,
        "supplyAirDuctPressure": 15,
        "extractAirDuctPressure": 14,
        "supplyAirFanSpeedLevel": 1444,
        "extractAirFanSpeedLevel": 1097,
        "SFP": 4,
        "supplyAirTemperature": 2559,
        "extractAirTemperature": 2098,
        "outdoorTemperature": -648,
        "reheatLevel": 2512,
        "coolingLevel": 0,
        "supplyAirFilterPressure": 0,
        "extractAirFilterPressure": 11,
        "operationMode": 15,
        "heatExchangerRegulator": 10000,
        "RhxEfficiency": 8398
    },
    {
        "timestamp": "2025-02-20T00:20:02.792537",
        "co2": 435,
        "supplyAirflow": 202,
        "extractAirflow": 203,
        "supplyAirDuctPressure": 14,
        "extractAirDuctPressure": 14,
        "supplyAirFanSpeedLevel": 1412,
        "extractAirFanSpeedLevel": 1107,
        "SFP": 4,
        "supplyAirTemperature": 2465,
        "extractAirTemperature": 2098,
        "outdoorTemperature": -649,
        "reheatLevel": 2512,
        "coolingLevel": 0,
        "supplyAirFilterPressure": 0,
        "extractAirFilterPressure": 11,
        "operationMode": 15,
        "heatExchangerRegulator": 10000,
        "RhxEfficiency": 8400
    },
    {
        "timestamp": "2025-02-20T00:30:02.441719",
        "co2": 441,
        "supplyAirflow": 202,
        "extractAirflow": 203,
        "supplyAirDuctPressure": 16,
        "extractAirDuctPressure": 14,
        "supplyAirFanSpeedLevel": 1488,
        "extractAirFanSpeedLevel": 1096,
        "SFP": 4,
        "supplyAirTemperature": 3670,
        "extractAirTemperature": 2098,
        "outdoorTemperature": -670,
        "reheatLevel": 0,
        "coolingLevel": 0,
        "supplyAirFilterPressure": 0,
        "extractAirFilterPressure": 11,
        "operationMode": 15,
        "heatExchangerRegulator": 10000,
        "RhxEfficiency": 8400
    },
    {
        "timestamp": "2025-02-20T00:40:02.131743",
        "co2": 436,
        "supplyAirflow": 202,
        "extractAirflow": 198,
        "supplyAirDuctPressure": 16,
        "extractAirDuctPressure": 14,
        "supplyAirFanSpeedLevel": 1453,
        "extractAirFanSpeedLevel": 1089,
        "SFP": 4,
        "supplyAirTemperature": 2959,
        "extractAirTemperature": 2098,
        "outdoorTemperature": -687,
        "reheatLevel": 2512,
        "coolingLevel": 0,
        "supplyAirFilterPressure": 0,
        "extractAirFilterPressure": 11,
        "operationMode": 15,
        "heatExchangerRegulator": 10000,
        "RhxEfficiency": 8398
    },
    {
        "timestamp": "2025-02-20T00:50:02.752301",
        "co2": 431,
        "supplyAirflow": 202,
        "extractAirflow": 198,
        "supplyAirDuctPressure": 15,
        "extractAirDuctPressure": 13,
        "supplyAirFanSpeedLevel": 1449,
        "extractAirFanSpeedLevel": 1079,
        "SFP": 4,
        "supplyAirTemperature": 2592,
        "extractAirTemperature": 2098,
        "outdoorTemperature": -700,
        "reheatLevel": 2512,
        "coolingLevel": 0,
        "supplyAirFilterPressure": 0,
        "extractAirFilterPressure": 11,
        "operationMode": 15,
        "heatExchangerRegulator": 10000,
        "RhxEfficiency": 8399
    },
    {
        "timestamp": "2025-02-20T01:00:02.441403",
        "co2": 435,
        "supplyAirflow": 202,
        "extractAirflow": 203,
        "supplyAirDuctPressure": 14,
        "extractAirDuctPressure": 14,
        "supplyAirFanSpeedLevel": 1425,
        "extractAirFanSpeedLevel": 1091,
        "SFP": 4,
        "supplyAirTemperature": 2419,
        "extractAirTemperature": 2098,
        "outdoorTemperature": -693,
        "reheatLevel": 2512,
        "coolingLevel": 0,
        "supplyAirFilterPressure": 0,
        "extractAirFilterPressure": 11,
        "operationMode": 15,
        "heatExchangerRegulator": 10000,
        "RhxEfficiency": 8400
    },
    {
        "timestamp": "2025-02-20T01:10:02.195831",
        "co2": 435,
        "supplyAirflow": 197,
        "extractAirflow": 203,
        "supplyAirDuctPressure": 15,
        "extractAirDuctPressure": 14,
        "supplyAirFanSpeedLevel": 1487,
        "extractAirFanSpeedLevel": 1081,
        "SFP": 4,
        "supplyAirTemperature": 3692,
        "extractAirTemperature": 2093,
        "outdoorTemperature": -648,
        "reheatLevel": 0,
        "coolingLevel": 0,
        "supplyAirFilterPressure": 0,
        "extractAirFilterPressure": 11,
        "operationMode": 15,
        "heatExchangerRegulator": 10000,
        "RhxEfficiency": 8401
    },
    {
        "timestamp": "2025-02-20T01:20:02.972694",
        "co2": 438,
        "supplyAirflow": 197,
        "extractAirflow": 198,
        "supplyAirDuctPressure": 16,
        "extractAirDuctPressure": 14,
        "supplyAirFanSpeedLevel": 1455,
        "extractAirFanSpeedLevel": 1084,
        "SFP": 4,
        "supplyAirTemperature": 3009,
        "extractAirTemperature": 2093,
        "outdoorTemperature": -637,
        "reheatLevel": 2500,
        "coolingLevel": 0,
        "supplyAirFilterPressure": 0,
        "extractAirFilterPressure": 11,
        "operationMode": 15,
        "heatExchangerRegulator": 10000,
        "RhxEfficiency": 8400
    },
    {
        "timestamp": "2025-02-20T01:30:02.698828",
        "co2": 434,
        "supplyAirflow": 202,
        "extractAirflow": 203,
        "supplyAirDuctPressure": 15,
        "extractAirDuctPressure": 14,
        "supplyAirFanSpeedLevel": 1440,
        "extractAirFanSpeedLevel": 1098,
        "SFP": 4,
        "supplyAirTemperature": 2633,
        "extractAirTemperature": 2094,
        "outdoorTemperature": -650,
        "reheatLevel": 2512,
        "coolingLevel": 0,
        "supplyAirFilterPressure": 0,
        "extractAirFilterPressure": 11,
        "operationMode": 15,
        "heatExchangerRegulator": 10000,
        "RhxEfficiency": 8400
    },
    {
        "timestamp": "2025-02-20T01:40:02.525053",
        "co2": 433,
        "supplyAirflow": 202,
        "extractAirflow": 203,
        "supplyAirDuctPressure": 14,
        "extractAirDuctPressure": 14,
        "supplyAirFanSpeedLevel": 1406,
        "extractAirFanSpeedLevel": 1088,
        "SFP": 4,
        "supplyAirTemperature": 2318,
        "extractAirTemperature": 2094,
        "outdoorTemperature": -662,
        "reheatLevel": 2512,
        "coolingLevel": 0,
        "supplyAirFilterPressure": 0,
        "extractAirFilterPressure": 11,
        "operationMode": 15,
        "heatExchangerRegulator": 10000,
        "RhxEfficiency": 8403
    },
    {
        "timestamp": "2025-02-20T01:50:02.223194",
        "co2": 432,
        "supplyAirflow": 202,
        "extractAirflow": 203,
        "supplyAirDuctPressure": 14,
        "extractAirDuctPressure": 14,
        "supplyAirFanSpeedLevel": 1398,
        "extractAirFanSpeedLevel": 1106,
        "SFP": 4,
        "supplyAirTemperature": 3304,
        "extractAirTemperature": 2094,
        "outdoorTemperature": -648,
        "reheatLevel": 0,
        "coolingLevel": 0,
        "supplyAirFilterPressure": 0,
        "extractAirFilterPressure": 11,
        "operationMode": 15,
        "heatExchangerRegulator": 10000,
        "RhxEfficiency": 8397
    },
    {
        "timestamp": "2025-02-20T02:00:03.116846",
        "co2": 436,
        "supplyAirflow": 202,
        "extractAirflow": 198,
        "supplyAirDuctPressure": 16,
        "extractAirDuctPressure": 14,
        "supplyAirFanSpeedLevel": 1463,
        "extractAirFanSpeedLevel": 1100,
        "SFP": 4,
        "supplyAirTemperature": 3424,
        "extractAirTemperature": 2106,
        "outdoorTemperature": -531,
        "reheatLevel": 2512,
        "coolingLevel": 0,
        "supplyAirFilterPressure": 0,
        "extractAirFilterPressure": 11,
        "operationMode": 15,
        "heatExchangerRegulator": 10000,
        "RhxEfficiency": 8398
    },
    {
        "timestamp": "2025-02-20T02:10:03.006921",
        "co2": 435,
        "supplyAirflow": 202,
        "extractAirflow": 203,
        "supplyAirDuctPressure": 16,
        "extractAirDuctPressure": 14,
        "supplyAirFanSpeedLevel": 1439,
        "extractAirFanSpeedLevel": 1099,
        "SFP": 4,
        "supplyAirTemperature": 2910,
        "extractAirTemperature": 2120,
        "outdoorTemperature": -531,
        "reheatLevel": 2512,
        "coolingLevel": 0,
        "supplyAirFilterPressure": 0,
        "extractAirFilterPressure": 11,
        "operationMode": 15,
        "heatExchangerRegulator": 10000,
        "RhxEfficiency": 8400
    },
    {
        "timestamp": "2025-02-20T02:20:02.817524",
        "co2": 436,
        "supplyAirflow": 202,
        "extractAirflow": 203,
        "supplyAirDuctPressure": 16,
        "extractAirDuctPressure": 14,
        "supplyAirFanSpeedLevel": 1435,
        "extractAirFanSpeedLevel": 1088,
        "SFP": 4,
        "supplyAirTemperature": 2556,
        "extractAirTemperature": 2131,
        "outdoorTemperature": -587,
        "reheatLevel": 2512,
        "coolingLevel": 0,
        "supplyAirFilterPressure": 0,
        "extractAirFilterPressure": 11,
        "operationMode": 15,
        "heatExchangerRegulator": 10000,
        "RhxEfficiency": 8400
    },
    {
        "timestamp": "2025-02-20T02:30:02.505274",
        "co2": 438,
        "supplyAirflow": 197,
        "extractAirflow": 203,
        "supplyAirDuctPressure": 13,
        "extractAirDuctPressure": 14,
        "supplyAirFanSpeedLevel": 1401,
        "extractAirFanSpeedLevel": 1093,
        "SFP": 4,
        "supplyAirTemperature": 2530,
        "extractAirTemperature": 2131,
        "outdoorTemperature": -631,
        "reheatLevel": 1867,
        "coolingLevel": 0,
        "supplyAirFilterPressure": 0,
        "extractAirFilterPressure": 11,
        "operationMode": 15,
        "heatExchangerRegulator": 10000,
        "RhxEfficiency": 8402
    },
    {
        "timestamp": "2025-02-20T02:40:02.386638",
        "co2": 441,
        "supplyAirflow": 197,
        "extractAirflow": 198,
        "supplyAirDuctPressure": 17,
        "extractAirDuctPressure": 14,
        "supplyAirFanSpeedLevel": 1458,
        "extractAirFanSpeedLevel": 1097,
        "SFP": 4,
        "supplyAirTemperature": 3700,
        "extractAirTemperature": 2131,
        "outdoorTemperature": -618,
        "reheatLevel": 0,
        "coolingLevel": 0,
        "supplyAirFilterPressure": 0,
        "extractAirFilterPressure": 11,
        "operationMode": 15,
        "heatExchangerRegulator": 10000,
        "RhxEfficiency": 8401
    },
    {
        "timestamp": "2025-02-20T02:50:02.233397",
        "co2": 434,
        "supplyAirflow": 202,
        "extractAirflow": 203,
        "supplyAirDuctPressure": 14,
        "extractAirDuctPressure": 14,
        "supplyAirFanSpeedLevel": 1439,
        "extractAirFanSpeedLevel": 1103,
        "SFP": 4,
        "supplyAirTemperature": 3014,
        "extractAirTemperature": 2131,
        "outdoorTemperature": -612,
        "reheatLevel": 2512,
        "coolingLevel": 0,
        "supplyAirFilterPressure": 0,
        "extractAirFilterPressure": 11,
        "operationMode": 15,
        "heatExchangerRegulator": 10000,
        "RhxEfficiency": 8396
    },
    {
        "timestamp": "2025-02-20T03:00:03.003440",
        "co2": 436,
        "supplyAirflow": 202,
        "extractAirflow": 198,
        "supplyAirDuctPressure": 16,
        "extractAirDuctPressure": 14,
        "supplyAirFanSpeedLevel": 1442,
        "extractAirFanSpeedLevel": 1092,
        "SFP": 4,
        "supplyAirTemperature": 2697,
        "extractAirTemperature": 2131,
        "outdoorTemperature": -593,
        "reheatLevel": 2512,
        "coolingLevel": 0,
        "supplyAirFilterPressure": 0,
        "extractAirFilterPressure": 11,
        "operationMode": 15,
        "heatExchangerRegulator": 10000,
        "RhxEfficiency": 8397
    },
    {
        "timestamp": "2025-02-20T03:10:03.068651",
        "co2": 440,
        "supplyAirflow": 202,
        "extractAirflow": 198,
        "supplyAirDuctPressure": 15,
        "extractAirDuctPressure": 15,
        "supplyAirFanSpeedLevel": 1410,
        "extractAirFanSpeedLevel": 1088,
        "SFP": 4,
        "supplyAirTemperature": 2351,
        "extractAirTemperature": 2131,
        "outdoorTemperature": -594,
        "reheatLevel": 2512,
        "coolingLevel": 0,
        "supplyAirFilterPressure": 0,
        "extractAirFilterPressure": 11,
        "operationMode": 15,
        "heatExchangerRegulator": 10000,
        "RhxEfficiency": 8400
    },
    {
        "timestamp": "2025-02-20T03:20:02.824019",
        "co2": 441,
        "supplyAirflow": 206,
        "extractAirflow": 198,
        "supplyAirDuctPressure": 16,
        "extractAirDuctPressure": 14,
        "supplyAirFanSpeedLevel": 1455,
        "extractAirFanSpeedLevel": 1095,
        "SFP": 4,
        "supplyAirTemperature": 3760,
        "extractAirTemperature": 2131,
        "outdoorTemperature": -581,
        "reheatLevel": 0,
        "coolingLevel": 0,
        "supplyAirFilterPressure": 0,
        "extractAirFilterPressure": 11,
        "operationMode": 15,
        "heatExchangerRegulator": 10000,
        "RhxEfficiency": 8399
    },
    {
        "timestamp": "2025-02-20T03:30:02.691841",
        "co2": 433,
        "supplyAirflow": 202,
        "extractAirflow": 198,
        "supplyAirDuctPressure": 16,
        "extractAirDuctPressure": 14,
        "supplyAirFanSpeedLevel": 1459,
        "extractAirFanSpeedLevel": 1101,
        "SFP": 4,
        "supplyAirTemperature": 3145,
        "extractAirTemperature": 2131,
        "outdoorTemperature": -518,
        "reheatLevel": 2512,
        "coolingLevel": 0,
        "supplyAirFilterPressure": 0,
        "extractAirFilterPressure": 11,
        "operationMode": 15,
        "heatExchangerRegulator": 10000,
        "RhxEfficiency": 8397
    },
    {
        "timestamp": "2025-02-20T03:40:02.554918",
        "co2": 433,
        "supplyAirflow": 202,
        "extractAirflow": 198,
        "supplyAirDuctPressure": 15,
        "extractAirDuctPressure": 14,
        "supplyAirFanSpeedLevel": 1452,
        "extractAirFanSpeedLevel": 1084,
        "SFP": 4,
        "supplyAirTemperature": 2751,
        "extractAirTemperature": 2145,
        "outdoorTemperature": -512,
        "reheatLevel": 2512,
        "coolingLevel": 0,
        "supplyAirFilterPressure": 0,
        "extractAirFilterPressure": 11,
        "operationMode": 15,
        "heatExchangerRegulator": 10000,
        "RhxEfficiency": 8401
    },
    {
        "timestamp": "2025-02-20T03:50:02.424810",
        "co2": 438,
        "supplyAirflow": 202,
        "extractAirflow": 198,
        "supplyAirDuctPressure": 14,
        "extractAirDuctPressure": 14,
        "supplyAirFanSpeedLevel": 1398,
        "extractAirFanSpeedLevel": 1104,
        "SFP": 4,
        "supplyAirTemperature": 2421,
        "extractAirTemperature": 2150,
        "outdoorTemperature": -493,
        "reheatLevel": 1860,
        "coolingLevel": 0,
        "supplyAirFilterPressure": 0,
        "extractAirFilterPressure": 11,
        "operationMode": 15,
        "heatExchangerRegulator": 10000,
        "RhxEfficiency": 8397
    },
    {
        "timestamp": "2025-02-20T04:00:02.287815",
        "co2": 439,
        "supplyAirflow": 202,
        "extractAirflow": 198,
        "supplyAirDuctPressure": 16,
        "extractAirDuctPressure": 14,
        "supplyAirFanSpeedLevel": 1422,
        "extractAirFanSpeedLevel": 1099,
        "SFP": 4,
        "supplyAirTemperature": 2274,
        "extractAirTemperature": 2125,
        "outdoorTemperature": -497,
        "reheatLevel": 2500,
        "coolingLevel": 0,
        "supplyAirFilterPressure": 0,
        "extractAirFilterPressure": 11,
        "operationMode": 15,
        "heatExchangerRegulator": 10000,
        "RhxEfficiency": 8400
    },
    {
        "timestamp": "2025-02-20T04:10:03.131990",
        "co2": 443,
        "supplyAirflow": 202,
        "extractAirflow": 203,
        "supplyAirDuctPressure": 15,
        "extractAirDuctPressure": 14,
        "supplyAirFanSpeedLevel": 1417,
        "extractAirFanSpeedLevel": 1097,
        "SFP": 4,
        "supplyAirTemperature": 2421,
        "extractAirTemperature": 2112,
        "outdoorTemperature": -462,
        "reheatLevel": 2512,
        "coolingLevel": 0,
        "supplyAirFilterPressure": 0,
        "extractAirFilterPressure": 11,
        "operationMode": 15,
        "heatExchangerRegulator": 10000,
        "RhxEfficiency": 8399
    },
    {
        "timestamp": "2025-02-20T04:20:02.986510",
        "co2": 439,
        "supplyAirflow": 202,
        "extractAirflow": 203,
        "supplyAirDuctPressure": 15,
        "extractAirDuctPressure": 14,
        "supplyAirFanSpeedLevel": 1403,
        "extractAirFanSpeedLevel": 1106,
        "SFP": 4,
        "supplyAirTemperature": 2521,
        "extractAirTemperature": 2125,
        "outdoorTemperature": -462,
        "reheatLevel": 1474,
        "coolingLevel": 0,
        "supplyAirFilterPressure": 0,
        "extractAirFilterPressure": 11,
        "operationMode": 15,
        "heatExchangerRegulator": 10000,
        "RhxEfficiency": 8400
    },
    {
        "timestamp": "2025-02-20T04:30:02.863477",
        "co2": 439,
        "supplyAirflow": 202,
        "extractAirflow": 203,
        "supplyAirDuctPressure": 14,
        "extractAirDuctPressure": 14,
        "supplyAirFanSpeedLevel": 1422,
        "extractAirFanSpeedLevel": 1100,
        "SFP": 4,
        "supplyAirTemperature": 3694,
        "extractAirTemperature": 2131,
        "outdoorTemperature": -470,
        "reheatLevel": 0,
        "coolingLevel": 0,
        "supplyAirFilterPressure": 0,
        "extractAirFilterPressure": 11,
        "operationMode": 15,
        "heatExchangerRegulator": 10000,
        "RhxEfficiency": 8398
    },
    {
        "timestamp": "2025-02-20T04:40:02.715812",
        "co2": 444,
        "supplyAirflow": 206,
        "extractAirflow": 198,
        "supplyAirDuctPressure": 16,
        "extractAirDuctPressure": 14,
        "supplyAirFanSpeedLevel": 1472,
        "extractAirFanSpeedLevel": 1103,
        "SFP": 4,
        "supplyAirTemperature": 3374,
        "extractAirTemperature": 2137,
        "outdoorTemperature": -472,
        "reheatLevel": 2537,
        "coolingLevel": 0,
        "supplyAirFilterPressure": 0,
        "extractAirFilterPressure": 11,
        "operationMode": 15,
        "heatExchangerRegulator": 10000,
        "RhxEfficiency": 8399
    },
    {
        "timestamp": "2025-02-20T04:50:02.504504",
        "co2": 439,
        "supplyAirflow": 202,
        "extractAirflow": 203,
        "supplyAirDuctPressure": 15,
        "extractAirDuctPressure": 14,
        "supplyAirFanSpeedLevel": 1421,
        "extractAirFanSpeedLevel": 1102,
        "SFP": 4,
        "supplyAirTemperature": 2419,
        "extractAirTemperature": 2145,
        "outdoorTemperature": -443,
        "reheatLevel": 2512,
        "coolingLevel": 0,
        "supplyAirFilterPressure": 0,
        "extractAirFilterPressure": 11,
        "operationMode": 15,
        "heatExchangerRegulator": 10000,
        "RhxEfficiency": 8400
    },
    {
        "timestamp": "2025-02-20T05:00:02.367421",
        "co2": 440,
        "supplyAirflow": 202,
        "extractAirflow": 198,
        "supplyAirDuctPressure": 14,
        "extractAirDuctPressure": 14,
        "supplyAirFanSpeedLevel": 1400,
        "extractAirFanSpeedLevel": 1097,
        "SFP": 4,
        "supplyAirTemperature": 2446,
        "extractAirTemperature": 2143,
        "outdoorTemperature": -449,
        "reheatLevel": 1458,
        "coolingLevel": 0,
        "supplyAirFilterPressure": 0,
        "extractAirFilterPressure": 11,
        "operationMode": 15,
        "heatExchangerRegulator": 10000,
        "RhxEfficiency": 8398
    },
    {
        "timestamp": "2025-02-20T05:10:02.255020",
        "co2": 438,
        "supplyAirflow": 197,
        "extractAirflow": 203,
        "supplyAirDuctPressure": 15,
        "extractAirDuctPressure": 14,
        "supplyAirFanSpeedLevel": 1416,
        "extractAirFanSpeedLevel": 1103,
        "SFP": 4,
        "supplyAirTemperature": 3496,
        "extractAirTemperature": 2144,
        "outdoorTemperature": -418,
        "reheatLevel": 0,
        "coolingLevel": 0,
        "supplyAirFilterPressure": 0,
        "extractAirFilterPressure": 11,
        "operationMode": 15,
        "heatExchangerRegulator": 10000,
        "RhxEfficiency": 8396
    },
    {
        "timestamp": "2025-02-20T05:20:03.191693",
        "co2": 437,
        "supplyAirflow": 202,
        "extractAirflow": 198,
        "supplyAirDuctPressure": 15,
        "extractAirDuctPressure": 14,
        "supplyAirFanSpeedLevel": 1449,
        "extractAirFanSpeedLevel": 1095,
        "SFP": 4,
        "supplyAirTemperature": 2832,
        "extractAirTemperature": 2150,
        "outdoorTemperature": -398,
        "reheatLevel": 2512,
        "coolingLevel": 0,
        "supplyAirFilterPressure": 0,
        "extractAirFilterPressure": 11,
        "operationMode": 15,
        "heatExchangerRegulator": 10000,
        "RhxEfficiency": 8398
    },
    {
        "timestamp": "2025-02-20T05:30:03.050396",
        "co2": 441,
        "supplyAirflow": 202,
        "extractAirflow": 203,
        "supplyAirDuctPressure": 13,
        "extractAirDuctPressure": 14,
        "supplyAirFanSpeedLevel": 1409,
        "extractAirFanSpeedLevel": 1097,
        "SFP": 4,
        "supplyAirTemperature": 2174,
        "extractAirTemperature": 2150,
        "outdoorTemperature": -381,
        "reheatLevel": 2512,
        "coolingLevel": 0,
        "supplyAirFilterPressure": 0,
        "extractAirFilterPressure": 11,
        "operationMode": 15,
        "heatExchangerRegulator": 10000,
        "RhxEfficiency": 8397
    },
    {
        "timestamp": "2025-02-20T05:40:03.134424",
        "co2": 440,
        "supplyAirflow": 202,
        "extractAirflow": 203,
        "supplyAirDuctPressure": 16,
        "extractAirDuctPressure": 14,
        "supplyAirFanSpeedLevel": 1480,
        "extractAirFanSpeedLevel": 1104,
        "SFP": 4,
        "supplyAirTemperature": 3726,
        "extractAirTemperature": 2149,
        "outdoorTemperature": -375,
        "reheatLevel": 0,
        "coolingLevel": 0,
        "supplyAirFilterPressure": 0,
        "extractAirFilterPressure": 11,
        "operationMode": 15,
        "heatExchangerRegulator": 10000,
        "RhxEfficiency": 8394
    },
    {
        "timestamp": "2025-02-20T05:50:03.101371",
        "co2": 442,
        "supplyAirflow": 202,
        "extractAirflow": 203,
        "supplyAirDuctPressure": 15,
        "extractAirDuctPressure": 14,
        "supplyAirFanSpeedLevel": 1435,
        "extractAirFanSpeedLevel": 1096,
        "SFP": 4,
        "supplyAirTemperature": 2646,
        "extractAirTemperature": 2149,
        "outdoorTemperature": -362,
        "reheatLevel": 2512,
        "coolingLevel": 0,
        "supplyAirFilterPressure": 0,
        "extractAirFilterPressure": 11,
        "operationMode": 15,
        "heatExchangerRegulator": 10000,
        "RhxEfficiency": 8400
    },
    {
        "timestamp": "2025-02-20T06:00:02.907272",
        "co2": 441,
        "supplyAirflow": 206,
        "extractAirflow": 198,
        "supplyAirDuctPressure": 13,
        "extractAirDuctPressure": 14,
        "supplyAirFanSpeedLevel": 1404,
        "extractAirFanSpeedLevel": 1094,
        "SFP": 4,
        "supplyAirTemperature": 2250,
        "extractAirTemperature": 2149,
        "outdoorTemperature": -370,
        "reheatLevel": 2537,
        "coolingLevel": 0,
        "supplyAirFilterPressure": 0,
        "extractAirFilterPressure": 11,
        "operationMode": 15,
        "heatExchangerRegulator": 10000,
        "RhxEfficiency": 8398
    },
    {
        "timestamp": "2025-02-20T06:10:02.797420",
        "co2": 446,
        "supplyAirflow": 202,
        "extractAirflow": 203,
        "supplyAirDuctPressure": 16,
        "extractAirDuctPressure": 14,
        "supplyAirFanSpeedLevel": 1480,
        "extractAirFanSpeedLevel": 1106,
        "SFP": 4,
        "supplyAirTemperature": 3585,
        "extractAirTemperature": 2149,
        "outdoorTemperature": -350,
        "reheatLevel": 2512,
        "coolingLevel": 0,
        "supplyAirFilterPressure": 0,
        "extractAirFilterPressure": 11,
        "operationMode": 15,
        "heatExchangerRegulator": 10000,
        "RhxEfficiency": 8396
    },
    {
        "timestamp": "2025-02-20T06:20:02.935835",
        "co2": 439,
        "supplyAirflow": 202,
        "extractAirflow": 198,
        "supplyAirDuctPressure": 14,
        "extractAirDuctPressure": 14,
        "supplyAirFanSpeedLevel": 1439,
        "extractAirFanSpeedLevel": 1119,
        "SFP": 4,
        "supplyAirTemperature": 2563,
        "extractAirTemperature": 2150,
        "outdoorTemperature": -362,
        "reheatLevel": 2512,
        "coolingLevel": 0,
        "supplyAirFilterPressure": 0,
        "extractAirFilterPressure": 11,
        "operationMode": 15,
        "heatExchangerRegulator": 10000,
        "RhxEfficiency": 8400
    },
    {
        "timestamp": "2025-02-20T06:30:02.728135",
        "co2": 442,
        "supplyAirflow": 197,
        "extractAirflow": 203,
        "supplyAirDuctPressure": 15,
        "extractAirDuctPressure": 15,
        "supplyAirFanSpeedLevel": 1407,
        "extractAirFanSpeedLevel": 1107,
        "SFP": 4,
        "supplyAirTemperature": 2348,
        "extractAirTemperature": 2150,
        "outdoorTemperature": -318,
        "reheatLevel": 1742,
        "coolingLevel": 0,
        "supplyAirFilterPressure": 0,
        "extractAirFilterPressure": 11,
        "operationMode": 15,
        "heatExchangerRegulator": 10000,
        "RhxEfficiency": 8404
    },
    {
        "timestamp": "2025-02-20T06:40:02.710294",
        "co2": 441,
        "supplyAirflow": 401,
        "extractAirflow": 388,
        "supplyAirDuctPressure": 43,
        "extractAirDuctPressure": 36,
        "supplyAirFanSpeedLevel": 3261,
        "extractAirFanSpeedLevel": 2515,
        "SFP": 5,
        "supplyAirTemperature": 3393,
        "extractAirTemperature": 2170,
        "outdoorTemperature": -306,
        "reheatLevel": 3341,
        "coolingLevel": 0,
        "supplyAirFilterPressure": 6,
        "extractAirFilterPressure": 19,
        "operationMode": 12,
        "heatExchangerRegulator": 10000,
        "RhxEfficiency": 8308
    },
    {
        "timestamp": "2025-02-20T06:50:02.778341",
        "co2": 437,
        "supplyAirflow": 406,
        "extractAirflow": 389,
        "supplyAirDuctPressure": 39,
        "extractAirDuctPressure": 36,
        "supplyAirFanSpeedLevel": 3196,
        "extractAirFanSpeedLevel": 2496,
        "SFP": 5,
        "supplyAirTemperature": 2098,
        "extractAirTemperature": 2206,
        "outdoorTemperature": -294,
        "reheatLevel": 3787,
        "coolingLevel": 0,
        "supplyAirFilterPressure": 6,
        "extractAirFilterPressure": 19,
        "operationMode": 12,
        "heatExchangerRegulator": 10000,
        "RhxEfficiency": 8307
    },
    {
        "timestamp": "2025-02-20T07:00:02.630232",
        "co2": 443,
        "supplyAirflow": 403,
        "extractAirflow": 389,
        "supplyAirDuctPressure": 38,
        "extractAirDuctPressure": 36,
        "supplyAirFanSpeedLevel": 3200,
        "extractAirFanSpeedLevel": 2497,
        "SFP": 5,
        "supplyAirTemperature": 2650,
        "extractAirTemperature": 2225,
        "outdoorTemperature": -293,
        "reheatLevel": 0,
        "coolingLevel": 0,
        "supplyAirFilterPressure": 6,
        "extractAirFilterPressure": 19,
        "operationMode": 12,
        "heatExchangerRegulator": 10000,
        "RhxEfficiency": 8304
    },
    {
        "timestamp": "2025-02-20T07:10:02.502681",
        "co2": 444,
        "supplyAirflow": 401,
        "extractAirflow": 389,
        "supplyAirDuctPressure": 39,
        "extractAirDuctPressure": 35,
        "supplyAirFanSpeedLevel": 3218,
        "extractAirFanSpeedLevel": 2491,
        "SFP": 5,
        "supplyAirTemperature": 3012,
        "extractAirTemperature": 2212,
        "outdoorTemperature": -275,
        "reheatLevel": 3756,
        "coolingLevel": 0,
        "supplyAirFilterPressure": 6,
        "extractAirFilterPressure": 19,
        "operationMode": 12,
        "heatExchangerRegulator": 10000,
        "RhxEfficiency": 8302
    },
    {
        "timestamp": "2025-02-20T07:20:02.440113",
        "co2": 446,
        "supplyAirflow": 406,
        "extractAirflow": 389,
        "supplyAirDuctPressure": 36,
        "extractAirDuctPressure": 36,
        "supplyAirFanSpeedLevel": 3151,
        "extractAirFanSpeedLevel": 2497,
        "SFP": 5,
        "supplyAirTemperature": 1406,
        "extractAirTemperature": 2245,
        "outdoorTemperature": -275,
        "reheatLevel": 0,
        "coolingLevel": 0,
        "supplyAirFilterPressure": 6,
        "extractAirFilterPressure": 19,
        "operationMode": 12,
        "heatExchangerRegulator": 10000,
        "RhxEfficiency": 8302
    },
    {
        "timestamp": "2025-02-20T07:30:02.206680",
        "co2": 454,
        "supplyAirflow": 406,
        "extractAirflow": 389,
        "supplyAirDuctPressure": 40,
        "extractAirDuctPressure": 35,
        "supplyAirFanSpeedLevel": 3236,
        "extractAirFanSpeedLevel": 2498,
        "SFP": 5,
        "supplyAirTemperature": 3371,
        "extractAirTemperature": 2206,
        "outdoorTemperature": -256,
        "reheatLevel": 3787,
        "coolingLevel": 0,
        "supplyAirFilterPressure": 6,
        "extractAirFilterPressure": 19,
        "operationMode": 12,
        "heatExchangerRegulator": 10000,
        "RhxEfficiency": 8301
    },
    {
        "timestamp": "2025-02-20T07:40:02.984329",
        "co2": 454,
        "supplyAirflow": 403,
        "extractAirflow": 389,
        "supplyAirDuctPressure": 39,
        "extractAirDuctPressure": 36,
        "supplyAirFanSpeedLevel": 3219,
        "extractAirFanSpeedLevel": 2500,
        "SFP": 5,
        "supplyAirTemperature": 1981,
        "extractAirTemperature": 2237,
        "outdoorTemperature": -212,
        "reheatLevel": 3768,
        "coolingLevel": 0,
        "supplyAirFilterPressure": 6,
        "extractAirFilterPressure": 19,
        "operationMode": 12,
        "heatExchangerRegulator": 10000,
        "RhxEfficiency": 8312
    },
    {
        "timestamp": "2025-02-20T07:50:02.831841",
        "co2": 453,
        "supplyAirflow": 401,
        "extractAirflow": 389,
        "supplyAirDuctPressure": 39,
        "extractAirDuctPressure": 35,
        "supplyAirFanSpeedLevel": 3202,
        "extractAirFanSpeedLevel": 2489,
        "SFP": 5,
        "supplyAirTemperature": 3319,
        "extractAirTemperature": 2231,
        "outdoorTemperature": -245,
        "reheatLevel": 0,
        "coolingLevel": 0,
        "supplyAirFilterPressure": 6,
        "extractAirFilterPressure": 19,
        "operationMode": 12,
        "heatExchangerRegulator": 10000,
        "RhxEfficiency": 8301
    },
    {
        "timestamp": "2025-02-20T08:00:02.729687",
        "co2": 460,
        "supplyAirflow": 403,
        "extractAirflow": 389,
        "supplyAirDuctPressure": 40,
        "extractAirDuctPressure": 35,
        "supplyAirFanSpeedLevel": 3218,
        "extractAirFanSpeedLevel": 2490,
        "SFP": 5,
        "supplyAirTemperature": 2534,
        "extractAirTemperature": 2231,
        "outdoorTemperature": -231,
        "reheatLevel": 3768,
        "coolingLevel": 0,
        "supplyAirFilterPressure": 6,
        "extractAirFilterPressure": 19,
        "operationMode": 12,
        "heatExchangerRegulator": 10000,
        "RhxEfficiency": 8308
    },
    {
        "timestamp": "2025-02-20T08:10:02.705917",
        "co2": 475,
        "supplyAirflow": 409,
        "extractAirflow": 389,
        "supplyAirDuctPressure": 39,
        "extractAirDuctPressure": 35,
        "supplyAirFanSpeedLevel": 3205,
        "extractAirFanSpeedLevel": 2483,
        "SFP": 5,
        "supplyAirTemperature": 2635,
        "extractAirTemperature": 2249,
        "outdoorTemperature": -237,
        "reheatLevel": 0,
        "coolingLevel": 0,
        "supplyAirFilterPressure": 6,
        "extractAirFilterPressure": 19,
        "operationMode": 12,
        "heatExchangerRegulator": 10000,
        "RhxEfficiency": 8307
    },
    {
        "timestamp": "2025-02-20T08:20:02.753619",
        "co2": 471,
        "supplyAirflow": 401,
        "extractAirflow": 389,
        "supplyAirDuctPressure": 40,
        "extractAirDuctPressure": 35,
        "supplyAirFanSpeedLevel": 3217,
        "extractAirFanSpeedLevel": 2486,
        "SFP": 5,
        "supplyAirTemperature": 2924,
        "extractAirTemperature": 2218,
        "outdoorTemperature": -220,
        "reheatLevel": 3756,
        "coolingLevel": 0,
        "supplyAirFilterPressure": 6,
        "extractAirFilterPressure": 19,
        "operationMode": 12,
        "heatExchangerRegulator": 10000,
        "RhxEfficiency": 8323
    },
    {
        "timestamp": "2025-02-20T08:30:02.578844",
        "co2": 471,
        "supplyAirflow": 403,
        "extractAirflow": 389,
        "supplyAirDuctPressure": 38,
        "extractAirDuctPressure": 35,
        "supplyAirFanSpeedLevel": 3216,
        "extractAirFanSpeedLevel": 2486,
        "SFP": 5,
        "supplyAirTemperature": 2310,
        "extractAirTemperature": 2262,
        "outdoorTemperature": -181,
        "reheatLevel": 0,
        "coolingLevel": 0,
        "supplyAirFilterPressure": 6,
        "extractAirFilterPressure": 19,
        "operationMode": 12,
        "heatExchangerRegulator": 10000,
        "RhxEfficiency": 8313
    },
    {
        "timestamp": "2025-02-20T08:40:02.439269",
        "co2": 477,
        "supplyAirflow": 403,
        "extractAirflow": 388,
        "supplyAirDuctPressure": 39,
        "extractAirDuctPressure": 36,
        "supplyAirFanSpeedLevel": 3231,
        "extractAirFanSpeedLevel": 2517,
        "SFP": 5,
        "supplyAirTemperature": 2712,
        "extractAirTemperature": 2223,
        "outdoorTemperature": -175,
        "reheatLevel": 3768,
        "coolingLevel": 0,
        "supplyAirFilterPressure": 6,
        "extractAirFilterPressure": 19,
        "operationMode": 12,
        "heatExchangerRegulator": 10000,
        "RhxEfficiency": 8300
    },
    {
        "timestamp": "2025-02-20T08:50:03.258309",
        "co2": 486,
        "supplyAirflow": 403,
        "extractAirflow": 389,
        "supplyAirDuctPressure": 39,
        "extractAirDuctPressure": 36,
        "supplyAirFanSpeedLevel": 3210,
        "extractAirFanSpeedLevel": 2514,
        "SFP": 5,
        "supplyAirTemperature": 2462,
        "extractAirTemperature": 2262,
        "outdoorTemperature": -156,
        "reheatLevel": 0,
        "coolingLevel": 0,
        "supplyAirFilterPressure": 6,
        "extractAirFilterPressure": 19,
        "operationMode": 12,
        "heatExchangerRegulator": 10000,
        "RhxEfficiency": 8300
    },
    {
        "timestamp": "2025-02-20T09:00:03.092161",
        "co2": 487,
        "supplyAirflow": 406,
        "extractAirflow": 391,
        "supplyAirDuctPressure": 42,
        "extractAirDuctPressure": 36,
        "supplyAirFanSpeedLevel": 3228,
        "extractAirFanSpeedLevel": 2516,
        "SFP": 5,
        "supplyAirTemperature": 2507,
        "extractAirTemperature": 2237,
        "outdoorTemperature": -131,
        "reheatLevel": 3787,
        "coolingLevel": 0,
        "supplyAirFilterPressure": 6,
        "extractAirFilterPressure": 19,
        "operationMode": 12,
        "heatExchangerRegulator": 10000,
        "RhxEfficiency": 8301
    },
    {
        "timestamp": "2025-02-20T09:10:02.979392",
        "co2": 493,
        "supplyAirflow": 403,
        "extractAirflow": 389,
        "supplyAirDuctPressure": 39,
        "extractAirDuctPressure": 35,
        "supplyAirFanSpeedLevel": 3222,
        "extractAirFanSpeedLevel": 2511,
        "SFP": 5,
        "supplyAirTemperature": 2636,
        "extractAirTemperature": 2262,
        "outdoorTemperature": -118,
        "reheatLevel": 0,
        "coolingLevel": 0,
        "supplyAirFilterPressure": 6,
        "extractAirFilterPressure": 19,
        "operationMode": 12,
        "heatExchangerRegulator": 10000,
        "RhxEfficiency": 8301
    },
    {
        "timestamp": "2025-02-20T09:20:02.915359",
        "co2": 484,
        "supplyAirflow": 401,
        "extractAirflow": 391,
        "supplyAirDuctPressure": 43,
        "extractAirDuctPressure": 36,
        "supplyAirFanSpeedLevel": 3217,
        "extractAirFanSpeedLevel": 2517,
        "SFP": 5,
        "supplyAirTemperature": 2005,
        "extractAirTemperature": 2243,
        "outdoorTemperature": -120,
        "reheatLevel": 3756,
        "coolingLevel": 0,
        "supplyAirFilterPressure": 6,
        "extractAirFilterPressure": 19,
        "operationMode": 12,
        "heatExchangerRegulator": 10000,
        "RhxEfficiency": 8302
    },
    {
        "timestamp": "2025-02-20T09:30:02.676019",
        "co2": 475,
        "supplyAirflow": 398,
        "extractAirflow": 389,
        "supplyAirDuctPressure": 44,
        "extractAirDuctPressure": 35,
        "supplyAirFanSpeedLevel": 3220,
        "extractAirFanSpeedLevel": 2508,
        "SFP": 5,
        "supplyAirTemperature": 3226,
        "extractAirTemperature": 2243,
        "outdoorTemperature": -150,
        "reheatLevel": 0,
        "coolingLevel": 0,
        "supplyAirFilterPressure": 6,
        "extractAirFilterPressure": 19,
        "operationMode": 12,
        "heatExchangerRegulator": 10000,
        "RhxEfficiency": 8301
    },
    {
        "timestamp": "2025-02-20T09:40:02.242274",
        "co2": 479,
        "supplyAirflow": 403,
        "extractAirflow": 388,
        "supplyAirDuctPressure": 40,
        "extractAirDuctPressure": 35,
        "supplyAirFanSpeedLevel": 3213,
        "extractAirFanSpeedLevel": 2495,
        "SFP": 5,
        "supplyAirTemperature": 1774,
        "extractAirTemperature": 2248,
        "outdoorTemperature": -131,
        "reheatLevel": 3768,
        "coolingLevel": 0,
        "supplyAirFilterPressure": 6,
        "extractAirFilterPressure": 19,
        "operationMode": 12,
        "heatExchangerRegulator": 10000,
        "RhxEfficiency": 8317
    },
    {
        "timestamp": "2025-02-20T09:50:02.347131",
        "co2": 472,
        "supplyAirflow": 406,
        "extractAirflow": 391,
        "supplyAirDuctPressure": 36,
        "extractAirDuctPressure": 36,
        "supplyAirFanSpeedLevel": 3229,
        "extractAirFanSpeedLevel": 2517,
        "SFP": 5,
        "supplyAirTemperature": 3510,
        "extractAirTemperature": 2237,
        "outdoorTemperature": -131,
        "reheatLevel": 0,
        "coolingLevel": 0,
        "supplyAirFilterPressure": 6,
        "extractAirFilterPressure": 19,
        "operationMode": 12,
        "heatExchangerRegulator": 10000,
        "RhxEfficiency": 8300
    },
    {
        "timestamp": "2025-02-20T10:00:02.268163",
        "co2": 474,
        "supplyAirflow": 401,
        "extractAirflow": 389,
        "supplyAirDuctPressure": 39,
        "extractAirDuctPressure": 35,
        "supplyAirFanSpeedLevel": 3161,
        "extractAirFanSpeedLevel": 2496,
        "SFP": 5,
        "supplyAirTemperature": 1258,
        "extractAirTemperature": 2268,
        "outdoorTemperature": -131,
        "reheatLevel": 677,
        "coolingLevel": 0,
        "supplyAirFilterPressure": 6,
        "extractAirFilterPressure": 18,
        "operationMode": 12,
        "heatExchangerRegulator": 10000,
        "RhxEfficiency": 8304
    },
    {
        "timestamp": "2025-02-20T10:10:02.439653",
        "co2": 463,
        "supplyAirflow": 401,
        "extractAirflow": 388,
        "supplyAirDuctPressure": 45,
        "extractAirDuctPressure": 35,
        "supplyAirFanSpeedLevel": 3246,
        "extractAirFanSpeedLevel": 2513,
        "SFP": 5,
        "supplyAirTemperature": 3337,
        "extractAirTemperature": 2218,
        "outdoorTemperature": -93,
        "reheatLevel": 3756,
        "coolingLevel": 0,
        "supplyAirFilterPressure": 6,
        "extractAirFilterPressure": 19,
        "operationMode": 12,
        "heatExchangerRegulator": 10000,
        "RhxEfficiency": 8300
    },
    {
        "timestamp": "2025-02-20T10:20:02.576064",
        "co2": 467,
        "supplyAirflow": 406,
        "extractAirflow": 388,
        "supplyAirDuctPressure": 39,
        "extractAirDuctPressure": 34,
        "supplyAirFanSpeedLevel": 3210,
        "extractAirFanSpeedLevel": 2515,
        "SFP": 5,
        "supplyAirTemperature": 2143,
        "extractAirTemperature": 2270,
        "outdoorTemperature": -31,
        "reheatLevel": 0,
        "coolingLevel": 0,
        "supplyAirFilterPressure": 6,
        "extractAirFilterPressure": 19,
        "operationMode": 12,
        "heatExchangerRegulator": 10000,
        "RhxEfficiency": 8300
    },
    {
        "timestamp": "2025-02-20T10:30:02.480885",
        "co2": 460,
        "supplyAirflow": 401,
        "extractAirflow": 391,
        "supplyAirDuctPressure": 41,
        "extractAirDuctPressure": 35,
        "supplyAirFanSpeedLevel": 3271,
        "extractAirFanSpeedLevel": 2501,
        "SFP": 5,
        "supplyAirTemperature": 2923,
        "extractAirTemperature": 2231,
        "outdoorTemperature": 20,
        "reheatLevel": 3756,
        "coolingLevel": 0,
        "supplyAirFilterPressure": 6,
        "extractAirFilterPressure": 19,
        "operationMode": 12,
        "heatExchangerRegulator": 10000,
        "RhxEfficiency": 8304
    },
    {
        "timestamp": "2025-02-20T10:40:02.408464",
        "co2": 459,
        "supplyAirflow": 401,
        "extractAirflow": 388,
        "supplyAirDuctPressure": 40,
        "extractAirDuctPressure": 34,
        "supplyAirFanSpeedLevel": 3174,
        "extractAirFanSpeedLevel": 2515,
        "SFP": 5,
        "supplyAirTemperature": 1557,
        "extractAirTemperature": 2275,
        "outdoorTemperature": 6,
        "reheatLevel": 0,
        "coolingLevel": 0,
        "supplyAirFilterPressure": 6,
        "extractAirFilterPressure": 19,
        "operationMode": 12,
        "heatExchangerRegulator": 10000,
        "RhxEfficiency": 8300
    },
    {
        "timestamp": "2025-02-20T10:50:02.364874",
        "co2": 460,
        "supplyAirflow": 401,
        "extractAirflow": 388,
        "supplyAirDuctPressure": 44,
        "extractAirDuctPressure": 33,
        "supplyAirFanSpeedLevel": 3250,
        "extractAirFanSpeedLevel": 2498,
        "SFP": 5,
        "supplyAirTemperature": 3118,
        "extractAirTemperature": 2237,
        "outdoorTemperature": 23,
        "reheatLevel": 3756,
        "coolingLevel": 0,
        "supplyAirFilterPressure": 6,
        "extractAirFilterPressure": 19,
        "operationMode": 12,
        "heatExchangerRegulator": 10000,
        "RhxEfficiency": 8300
    },
    {
        "timestamp": "2025-02-20T11:00:02.363139",
        "co2": 464,
        "supplyAirflow": 414,
        "extractAirflow": 388,
        "supplyAirDuctPressure": 36,
        "extractAirDuctPressure": 33,
        "supplyAirFanSpeedLevel": 3175,
        "extractAirFanSpeedLevel": 2519,
        "SFP": 5,
        "supplyAirTemperature": 1355,
        "extractAirTemperature": 2281,
        "outdoorTemperature": 25,
        "reheatLevel": 0,
        "coolingLevel": 0,
        "supplyAirFilterPressure": 6,
        "extractAirFilterPressure": 19,
        "operationMode": 12,
        "heatExchangerRegulator": 10000,
        "RhxEfficiency": 8298
    },
    {
        "timestamp": "2025-02-20T11:10:02.503060",
        "co2": 500,
        "supplyAirflow": 401,
        "extractAirflow": 391,
        "supplyAirDuctPressure": 45,
        "extractAirDuctPressure": 34,
        "supplyAirFanSpeedLevel": 3265,
        "extractAirFanSpeedLevel": 2514,
        "SFP": 5,
        "supplyAirTemperature": 3376,
        "extractAirTemperature": 2243,
        "outdoorTemperature": 23,
        "reheatLevel": 3756,
        "coolingLevel": 0,
        "supplyAirFilterPressure": 7,
        "extractAirFilterPressure": 19,
        "operationMode": 12,
        "heatExchangerRegulator": 10000,
        "RhxEfficiency": 8304
    },
    {
        "timestamp": "2025-02-20T11:20:02.672283",
        "co2": 525,
        "supplyAirflow": 403,
        "extractAirflow": 388,
        "supplyAirDuctPressure": 39,
        "extractAirDuctPressure": 34,
        "supplyAirFanSpeedLevel": 3227,
        "extractAirFanSpeedLevel": 2517,
        "SFP": 5,
        "supplyAirTemperature": 2131,
        "extractAirTemperature": 2281,
        "outdoorTemperature": 31,
        "reheatLevel": 0,
        "coolingLevel": 0,
        "supplyAirFilterPressure": 6,
        "extractAirFilterPressure": 19,
        "operationMode": 12,
        "heatExchangerRegulator": 10000,
        "RhxEfficiency": 8300
    },
    {
        "timestamp": "2025-02-20T11:30:02.789079",
        "co2": 531,
        "supplyAirflow": 403,
        "extractAirflow": 391,
        "supplyAirDuctPressure": 42,
        "extractAirDuctPressure": 33,
        "supplyAirFanSpeedLevel": 3242,
        "extractAirFanSpeedLevel": 2510,
        "SFP": 5,
        "supplyAirTemperature": 1884,
        "extractAirTemperature": 2237,
        "outdoorTemperature": 31,
        "reheatLevel": 3768,
        "coolingLevel": 0,
        "supplyAirFilterPressure": 6,
        "extractAirFilterPressure": 19,
        "operationMode": 12,
        "heatExchangerRegulator": 10000,
        "RhxEfficiency": 8304
    },
    {
        "timestamp": "2025-02-20T11:40:03.008376",
        "co2": 496,
        "supplyAirflow": 403,
        "extractAirflow": 388,
        "supplyAirDuctPressure": 41,
        "extractAirDuctPressure": 36,
        "supplyAirFanSpeedLevel": 3224,
        "extractAirFanSpeedLevel": 2520,
        "SFP": 5,
        "supplyAirTemperature": 3060,
        "extractAirTemperature": 2256,
        "outdoorTemperature": 18,
        "reheatLevel": 0,
        "coolingLevel": 0,
        "supplyAirFilterPressure": 6,
        "extractAirFilterPressure": 19,
        "operationMode": 12,
        "heatExchangerRegulator": 10000,
        "RhxEfficiency": 8302
    },
    {
        "timestamp": "2025-02-20T11:50:02.306810",
        "co2": 488,
        "supplyAirflow": 401,
        "extractAirflow": 391,
        "supplyAirDuctPressure": 35,
        "extractAirDuctPressure": 33,
        "supplyAirFanSpeedLevel": 3210,
        "extractAirFanSpeedLevel": 2514,
        "SFP": 5,
        "supplyAirTemperature": 2023,
        "extractAirTemperature": 2276,
        "outdoorTemperature": 56,
        "reheatLevel": 0,
        "coolingLevel": 0,
        "supplyAirFilterPressure": 6,
        "extractAirFilterPressure": 19,
        "operationMode": 12,
        "heatExchangerRegulator": 10000,
        "RhxEfficiency": 8303
    },
    {
        "timestamp": "2025-02-20T12:00:02.420654",
        "co2": 476,
        "supplyAirflow": 409,
        "extractAirflow": 390,
        "supplyAirDuctPressure": 41,
        "extractAirDuctPressure": 35,
        "supplyAirFanSpeedLevel": 3256,
        "extractAirFanSpeedLevel": 2519,
        "SFP": 5,
        "supplyAirTemperature": 2897,
        "extractAirTemperature": 2231,
        "outdoorTemperature": 68,
        "reheatLevel": 3806,
        "coolingLevel": 0,
        "supplyAirFilterPressure": 6,
        "extractAirFilterPressure": 19,
        "operationMode": 12,
        "heatExchangerRegulator": 10000,
        "RhxEfficiency": 8300
    },
    {
        "timestamp": "2025-02-20T12:10:02.450540",
        "co2": 468,
        "supplyAirflow": 401,
        "extractAirflow": 385,
        "supplyAirDuctPressure": 41,
        "extractAirDuctPressure": 35,
        "supplyAirFanSpeedLevel": 3220,
        "extractAirFanSpeedLevel": 2502,
        "SFP": 5,
        "supplyAirTemperature": 2328,
        "extractAirTemperature": 2281,
        "outdoorTemperature": 43,
        "reheatLevel": 0,
        "coolingLevel": 0,
        "supplyAirFilterPressure": 6,
        "extractAirFilterPressure": 19,
        "operationMode": 12,
        "heatExchangerRegulator": 10000,
        "RhxEfficiency": 8299
    },
    {
        "timestamp": "2025-02-20T12:20:02.427095",
        "co2": 525,
        "supplyAirflow": 401,
        "extractAirflow": 388,
        "supplyAirDuctPressure": 40,
        "extractAirDuctPressure": 35,
        "supplyAirFanSpeedLevel": 3186,
        "extractAirFanSpeedLevel": 2520,
        "SFP": 5,
        "supplyAirTemperature": 1913,
        "extractAirTemperature": 2268,
        "outdoorTemperature": 73,
        "reheatLevel": 0,
        "coolingLevel": 0,
        "supplyAirFilterPressure": 6,
        "extractAirFilterPressure": 19,
        "operationMode": 12,
        "heatExchangerRegulator": 10000,
        "RhxEfficiency": 8300
    },
    {
        "timestamp": "2025-02-20T12:30:02.290672",
        "co2": 558,
        "supplyAirflow": 401,
        "extractAirflow": 390,
        "supplyAirDuctPressure": 43,
        "extractAirDuctPressure": 35,
        "supplyAirFanSpeedLevel": 3267,
        "extractAirFanSpeedLevel": 2520,
        "SFP": 5,
        "supplyAirTemperature": 3325,
        "extractAirTemperature": 2231,
        "outdoorTemperature": 43,
        "reheatLevel": 3756,
        "coolingLevel": 0,
        "supplyAirFilterPressure": 6,
        "extractAirFilterPressure": 19,
        "operationMode": 12,
        "heatExchangerRegulator": 10000,
        "RhxEfficiency": 8301
    },
    {
        "timestamp": "2025-02-20T12:40:02.393378",
        "co2": 584,
        "supplyAirflow": 401,
        "extractAirflow": 388,
        "supplyAirDuctPressure": 39,
        "extractAirDuctPressure": 35,
        "supplyAirFanSpeedLevel": 3225,
        "extractAirFanSpeedLevel": 2513,
        "SFP": 5,
        "supplyAirTemperature": 2156,
        "extractAirTemperature": 2281,
        "outdoorTemperature": 45,
        "reheatLevel": 0,
        "coolingLevel": 0,
        "supplyAirFilterPressure": 6,
        "extractAirFilterPressure": 19,
        "operationMode": 12,
        "heatExchangerRegulator": 10000,
        "RhxEfficiency": 8300
    },
    {
        "timestamp": "2025-02-20T12:50:02.593522",
        "co2": 543,
        "supplyAirflow": 406,
        "extractAirflow": 388,
        "supplyAirDuctPressure": 36,
        "extractAirDuctPressure": 35,
        "supplyAirFanSpeedLevel": 3216,
        "extractAirFanSpeedLevel": 2516,
        "SFP": 5,
        "supplyAirTemperature": 1646,
        "extractAirTemperature": 2243,
        "outdoorTemperature": 50,
        "reheatLevel": 3787,
        "coolingLevel": 0,
        "supplyAirFilterPressure": 6,
        "extractAirFilterPressure": 19,
        "operationMode": 12,
        "heatExchangerRegulator": 10000,
        "RhxEfficiency": 8300
    },
    {
        "timestamp": "2025-02-20T13:00:02.562047",
        "co2": 496,
        "supplyAirflow": 406,
        "extractAirflow": 387,
        "supplyAirDuctPressure": 41,
        "extractAirDuctPressure": 34,
        "supplyAirFanSpeedLevel": 3244,
        "extractAirFanSpeedLevel": 2519,
        "SFP": 5,
        "supplyAirTemperature": 3316,
        "extractAirTemperature": 2245,
        "outdoorTemperature": 69,
        "reheatLevel": 0,
        "coolingLevel": 0,
        "supplyAirFilterPressure": 6,
        "extractAirFilterPressure": 19,
        "operationMode": 12,
        "heatExchangerRegulator": 10000,
        "RhxEfficiency": 8300
    },
    {
        "timestamp": "2025-02-20T13:10:02.546748",
        "co2": 487,
        "supplyAirflow": 403,
        "extractAirflow": 394,
        "supplyAirDuctPressure": 39,
        "extractAirDuctPressure": 35,
        "supplyAirFanSpeedLevel": 3234,
        "extractAirFanSpeedLevel": 2518,
        "SFP": 5,
        "supplyAirTemperature": 2023,
        "extractAirTemperature": 2268,
        "outdoorTemperature": 74,
        "reheatLevel": 0,
        "coolingLevel": 0,
        "supplyAirFilterPressure": 6,
        "extractAirFilterPressure": 19,
        "operationMode": 12,
        "heatExchangerRegulator": 10000,
        "RhxEfficiency": 8301
    },
    {
        "timestamp": "2025-02-20T13:20:02.381822",
        "co2": 468,
        "supplyAirflow": 401,
        "extractAirflow": 390,
        "supplyAirDuctPressure": 39,
        "extractAirDuctPressure": 33,
        "supplyAirFanSpeedLevel": 3279,
        "extractAirFanSpeedLevel": 2515,
        "SFP": 5,
        "supplyAirTemperature": 3092,
        "extractAirTemperature": 2212,
        "outdoorTemperature": 87,
        "reheatLevel": 3756,
        "coolingLevel": 0,
        "supplyAirFilterPressure": 6,
        "extractAirFilterPressure": 19,
        "operationMode": 12,
        "heatExchangerRegulator": 10000,
        "RhxEfficiency": 8300
    },
    {
        "timestamp": "2025-02-20T13:30:02.157603",
        "co2": 461,
        "supplyAirflow": 406,
        "extractAirflow": 391,
        "supplyAirDuctPressure": 40,
        "extractAirDuctPressure": 33,
        "supplyAirFanSpeedLevel": 3206,
        "extractAirFanSpeedLevel": 2519,
        "SFP": 5,
        "supplyAirTemperature": 2080,
        "extractAirTemperature": 2262,
        "outdoorTemperature": 75,
        "reheatLevel": 0,
        "coolingLevel": 0,
        "supplyAirFilterPressure": 6,
        "extractAirFilterPressure": 19,
        "operationMode": 12,
        "heatExchangerRegulator": 10000,
        "RhxEfficiency": 8300
    },
    {
        "timestamp": "2025-02-20T13:40:02.988731",
        "co2": 456,
        "supplyAirflow": 406,
        "extractAirflow": 390,
        "supplyAirDuctPressure": 45,
        "extractAirDuctPressure": 34,
        "supplyAirFanSpeedLevel": 3270,
        "extractAirFanSpeedLevel": 2516,
        "SFP": 5,
        "supplyAirTemperature": 3133,
        "extractAirTemperature": 2223,
        "outdoorTemperature": 81,
        "reheatLevel": 3787,
        "coolingLevel": 0,
        "supplyAirFilterPressure": 6,
        "extractAirFilterPressure": 19,
        "operationMode": 12,
        "heatExchangerRegulator": 10000,
        "RhxEfficiency": 8300
    },
    {
        "timestamp": "2025-02-20T13:50:02.781615",
        "co2": 454,
        "supplyAirflow": 401,
        "extractAirflow": 388,
        "supplyAirDuctPressure": 39,
        "extractAirDuctPressure": 33,
        "supplyAirFanSpeedLevel": 3182,
        "extractAirFanSpeedLevel": 2520,
        "SFP": 5,
        "supplyAirTemperature": 1423,
        "extractAirTemperature": 2270,
        "outdoorTemperature": 100,
        "reheatLevel": 0,
        "coolingLevel": 0,
        "supplyAirFilterPressure": 7,
        "extractAirFilterPressure": 19,
        "operationMode": 12,
        "heatExchangerRegulator": 10000,
        "RhxEfficiency": 8300
    },
    {
        "timestamp": "2025-02-20T14:00:02.524534",
        "co2": 449,
        "supplyAirflow": 409,
        "extractAirflow": 387,
        "supplyAirDuctPressure": 45,
        "extractAirDuctPressure": 28,
        "supplyAirFanSpeedLevel": 3285,
        "extractAirFanSpeedLevel": 2508,
        "SFP": 5,
        "supplyAirTemperature": 3337,
        "extractAirTemperature": 2231,
        "outdoorTemperature": 112,
        "reheatLevel": 3806,
        "coolingLevel": 0,
        "supplyAirFilterPressure": 6,
        "extractAirFilterPressure": 19,
        "operationMode": 12,
        "heatExchangerRegulator": 10000,
        "RhxEfficiency": 8298
    },
    {
        "timestamp": "2025-02-20T14:10:02.175784",
        "co2": 455,
        "supplyAirflow": 401,
        "extractAirflow": 391,
        "supplyAirDuctPressure": 40,
        "extractAirDuctPressure": 36,
        "supplyAirFanSpeedLevel": 3229,
        "extractAirFanSpeedLevel": 2522,
        "SFP": 5,
        "supplyAirTemperature": 2162,
        "extractAirTemperature": 2275,
        "outdoorTemperature": 112,
        "reheatLevel": 0,
        "coolingLevel": 0,
        "supplyAirFilterPressure": 6,
        "extractAirFilterPressure": 19,
        "operationMode": 12,
        "heatExchangerRegulator": 10000,
        "RhxEfficiency": 8301
    },
    {
        "timestamp": "2025-02-20T14:20:03.104785",
        "co2": 448,
        "supplyAirflow": 401,
        "extractAirflow": 390,
        "supplyAirDuctPressure": 45,
        "extractAirDuctPressure": 33,
        "supplyAirFanSpeedLevel": 3276,
        "extractAirFanSpeedLevel": 2520,
        "SFP": 5,
        "supplyAirTemperature": 2986,
        "extractAirTemperature": 2223,
        "outdoorTemperature": 137,
        "reheatLevel": 3756,
        "coolingLevel": 0,
        "supplyAirFilterPressure": 7,
        "extractAirFilterPressure": 19,
        "operationMode": 12,
        "heatExchangerRegulator": 10000,
        "RhxEfficiency": 8303
    },
    {
        "timestamp": "2025-02-20T14:30:03.015588",
        "co2": 446,
        "supplyAirflow": 403,
        "extractAirflow": 384,
        "supplyAirDuctPressure": 40,
        "extractAirDuctPressure": 32,
        "supplyAirFanSpeedLevel": 3288,
        "extractAirFanSpeedLevel": 2486,
        "SFP": 5,
        "supplyAirTemperature": 2273,
        "extractAirTemperature": 2270,
        "outdoorTemperature": 137,
        "reheatLevel": 0,
        "coolingLevel": 0,
        "supplyAirFilterPressure": 6,
        "extractAirFilterPressure": 19,
        "operationMode": 12,
        "heatExchangerRegulator": 10000,
        "RhxEfficiency": 8309
    },
    {
        "timestamp": "2025-02-20T14:40:02.970614",
        "co2": 445,
        "supplyAirflow": 406,
        "extractAirflow": 387,
        "supplyAirDuctPressure": 39,
        "extractAirDuctPressure": 33,
        "supplyAirFanSpeedLevel": 3237,
        "extractAirFanSpeedLevel": 2509,
        "SFP": 5,
        "supplyAirTemperature": 1552,
        "extractAirTemperature": 2233,
        "outdoorTemperature": 123,
        "reheatLevel": 3768,
        "coolingLevel": 0,
        "supplyAirFilterPressure": 6,
        "extractAirFilterPressure": 19,
        "operationMode": 12,
        "heatExchangerRegulator": 10000,
        "RhxEfficiency": 8301
    },
    {
        "timestamp": "2025-02-20T14:50:02.738963",
        "co2": 443,
        "supplyAirflow": 392,
        "extractAirflow": 396,
        "supplyAirDuctPressure": 48,
        "extractAirDuctPressure": 29,
        "supplyAirFanSpeedLevel": 3329,
        "extractAirFanSpeedLevel": 2435,
        "SFP": 5,
        "supplyAirTemperature": 3166,
        "extractAirTemperature": 2225,
        "outdoorTemperature": 125,
        "reheatLevel": 0,
        "coolingLevel": 0,
        "supplyAirFilterPressure": 5,
        "extractAirFilterPressure": 20,
        "operationMode": 12,
        "heatExchangerRegulator": 10000,
        "RhxEfficiency": 8310
    },
    {
        "timestamp": "2025-02-20T15:00:02.576127",
        "co2": 446,
        "supplyAirflow": 403,
        "extractAirflow": 393,
        "supplyAirDuctPressure": 40,
        "extractAirDuctPressure": 34,
        "supplyAirFanSpeedLevel": 3216,
        "extractAirFanSpeedLevel": 2522,
        "SFP": 5,
        "supplyAirTemperature": 1504,
        "extractAirTemperature": 2243,
        "outdoorTemperature": 145,
        "reheatLevel": 3768,
        "coolingLevel": 0,
        "supplyAirFilterPressure": 6,
        "extractAirFilterPressure": 19,
        "operationMode": 12,
        "heatExchangerRegulator": 10000,
        "RhxEfficiency": 8301
    },
    {
        "timestamp": "2025-02-20T15:10:02.346875",
        "co2": 445,
        "supplyAirflow": 406,
        "extractAirflow": 387,
        "supplyAirDuctPressure": 46,
        "extractAirDuctPressure": 32,
        "supplyAirFanSpeedLevel": 3300,
        "extractAirFanSpeedLevel": 2496,
        "SFP": 5,
        "supplyAirTemperature": 3218,
        "extractAirTemperature": 2237,
        "outdoorTemperature": 123,
        "reheatLevel": 0,
        "coolingLevel": 0,
        "supplyAirFilterPressure": 6,
        "extractAirFilterPressure": 19,
        "operationMode": 12,
        "heatExchangerRegulator": 10000,
        "RhxEfficiency": 8300
    },
    {
        "timestamp": "2025-02-20T15:20:02.197768",
        "co2": 447,
        "supplyAirflow": 409,
        "extractAirflow": 387,
        "supplyAirDuctPressure": 39,
        "extractAirDuctPressure": 33,
        "supplyAirFanSpeedLevel": 3225,
        "extractAirFanSpeedLevel": 2514,
        "SFP": 5,
        "supplyAirTemperature": 1211,
        "extractAirTemperature": 2248,
        "outdoorTemperature": 125,
        "reheatLevel": 3806,
        "coolingLevel": 0,
        "supplyAirFilterPressure": 6,
        "extractAirFilterPressure": 19,
        "operationMode": 12,
        "heatExchangerRegulator": 10000,
        "RhxEfficiency": 8301
    },
    {
        "timestamp": "2025-02-20T15:30:02.172147",
        "co2": 448,
        "supplyAirflow": 395,
        "extractAirflow": 390,
        "supplyAirDuctPressure": 45,
        "extractAirDuctPressure": 32,
        "supplyAirFanSpeedLevel": 3360,
        "extractAirFanSpeedLevel": 2469,
        "SFP": 5,
        "supplyAirTemperature": 3717,
        "extractAirTemperature": 2212,
        "outdoorTemperature": 112,
        "reheatLevel": 0,
        "coolingLevel": 0,
        "supplyAirFilterPressure": 6,
        "extractAirFilterPressure": 19,
        "operationMode": 12,
        "heatExchangerRegulator": 10000,
        "RhxEfficiency": 8307
    },
    {
        "timestamp": "2025-02-20T15:40:03.090120",
        "co2": 446,
        "supplyAirflow": 202,
        "extractAirflow": 202,
        "supplyAirDuctPressure": 14,
        "extractAirDuctPressure": 13,
        "supplyAirFanSpeedLevel": 1443,
        "extractAirFanSpeedLevel": 1097,
        "SFP": 4,
        "supplyAirTemperature": 1214,
        "extractAirTemperature": 2231,
        "outdoorTemperature": 125,
        "reheatLevel": 2512,
        "coolingLevel": 0,
        "supplyAirFilterPressure": 0,
        "extractAirFilterPressure": 11,
        "operationMode": 15,
        "heatExchangerRegulator": 10000,
        "RhxEfficiency": 8590
    },
    {
        "timestamp": "2025-02-20T15:50:03.040978",
        "co2": 443,
        "supplyAirflow": 202,
        "extractAirflow": 202,
        "supplyAirDuctPressure": 16,
        "extractAirDuctPressure": 14,
        "supplyAirFanSpeedLevel": 1500,
        "extractAirFanSpeedLevel": 1117,
        "SFP": 4,
        "supplyAirTemperature": 3465,
        "extractAirTemperature": 2173,
        "outdoorTemperature": 137,
        "reheatLevel": 1678,
        "coolingLevel": 0,
        "supplyAirFilterPressure": 0,
        "extractAirFilterPressure": 11,
        "operationMode": 15,
        "heatExchangerRegulator": 10000,
        "RhxEfficiency": 8400
    },
    {
        "timestamp": "2025-02-20T16:00:02.894658",
        "co2": 441,
        "supplyAirflow": 197,
        "extractAirflow": 202,
        "supplyAirDuctPressure": 13,
        "extractAirDuctPressure": 14,
        "supplyAirFanSpeedLevel": 1417,
        "extractAirFanSpeedLevel": 1121,
        "SFP": 4,
        "supplyAirTemperature": 1705,
        "extractAirTemperature": 2168,
        "outdoorTemperature": 137,
        "reheatLevel": 2500,
        "coolingLevel": 0,
        "supplyAirFilterPressure": 0,
        "extractAirFilterPressure": 11,
        "operationMode": 15,
        "heatExchangerRegulator": 10000,
        "RhxEfficiency": 8402
    },
    {
        "timestamp": "2025-02-20T16:10:02.849688",
        "co2": 446,
        "supplyAirflow": 197,
        "extractAirflow": 202,
        "supplyAirDuctPressure": 16,
        "extractAirDuctPressure": 13,
        "supplyAirFanSpeedLevel": 1442,
        "extractAirFanSpeedLevel": 1118,
        "SFP": 4,
        "supplyAirTemperature": 3024,
        "extractAirTemperature": 2156,
        "outdoorTemperature": 137,
        "reheatLevel": 0,
        "coolingLevel": 0,
        "supplyAirFilterPressure": 0,
        "extractAirFilterPressure": 11,
        "operationMode": 15,
        "heatExchangerRegulator": 10000,
        "RhxEfficiency": 8402
    },
    {
        "timestamp": "2025-02-20T16:20:02.793692",
        "co2": 444,
        "supplyAirflow": 197,
        "extractAirflow": 202,
        "supplyAirDuctPressure": 16,
        "extractAirDuctPressure": 13,
        "supplyAirFanSpeedLevel": 1466,
        "extractAirFanSpeedLevel": 1111,
        "SFP": 4,
        "supplyAirTemperature": 2561,
        "extractAirTemperature": 2156,
        "outdoorTemperature": 137,
        "reheatLevel": 2500,
        "coolingLevel": 0,
        "supplyAirFilterPressure": 0,
        "extractAirFilterPressure": 11,
        "operationMode": 15,
        "heatExchangerRegulator": 10000,
        "RhxEfficiency": 8368
    },
    {
        "timestamp": "2025-02-20T16:30:02.675050",
        "co2": 438,
        "supplyAirflow": 197,
        "extractAirflow": 202,
        "supplyAirDuctPressure": 12,
        "extractAirDuctPressure": 14,
        "supplyAirFanSpeedLevel": 1371,
        "extractAirFanSpeedLevel": 1130,
        "SFP": 4,
        "supplyAirTemperature": 1860,
        "extractAirTemperature": 2150,
        "outdoorTemperature": 123,
        "reheatLevel": 871,
        "coolingLevel": 0,
        "supplyAirFilterPressure": 0,
        "extractAirFilterPressure": 11,
        "operationMode": 15,
        "heatExchangerRegulator": 10000,
        "RhxEfficiency": 8388
    },
    {
        "timestamp": "2025-02-20T16:40:02.905092",
        "co2": 443,
        "supplyAirflow": 211,
        "extractAirflow": 197,
        "supplyAirDuctPressure": 17,
        "extractAirDuctPressure": 11,
        "supplyAirFanSpeedLevel": 1552,
        "extractAirFanSpeedLevel": 1070,
        "SFP": 4,
        "supplyAirTemperature": 3274,
        "extractAirTemperature": 2149,
        "outdoorTemperature": 118,
        "reheatLevel": 2568,
        "coolingLevel": 0,
        "supplyAirFilterPressure": 0,
        "extractAirFilterPressure": 11,
        "operationMode": 15,
        "heatExchangerRegulator": 10000,
        "RhxEfficiency": 8342
    },
    {
        "timestamp": "2025-02-20T16:50:02.690571",
        "co2": 439,
        "supplyAirflow": 202,
        "extractAirflow": 197,
        "supplyAirDuctPressure": 15,
        "extractAirDuctPressure": 13,
        "supplyAirFanSpeedLevel": 1435,
        "extractAirFanSpeedLevel": 1116,
        "SFP": 4,
        "supplyAirTemperature": 1838,
        "extractAirTemperature": 2150,
        "outdoorTemperature": 118,
        "reheatLevel": 2512,
        "coolingLevel": 0,
        "supplyAirFilterPressure": 0,
        "extractAirFilterPressure": 11,
        "operationMode": 15,
        "heatExchangerRegulator": 10000,
        "RhxEfficiency": 8392
    },
    {
        "timestamp": "2025-02-20T17:00:02.569050",
        "co2": 441,
        "supplyAirflow": 202,
        "extractAirflow": 197,
        "supplyAirDuctPressure": 14,
        "extractAirDuctPressure": 14,
        "supplyAirFanSpeedLevel": 1430,
        "extractAirFanSpeedLevel": 1137,
        "SFP": 4,
        "supplyAirTemperature": 2954,
        "extractAirTemperature": 2143,
        "outdoorTemperature": 112,
        "reheatLevel": 0,
        "coolingLevel": 0,
        "supplyAirFilterPressure": 0,
        "extractAirFilterPressure": 11,
        "operationMode": 15,
        "heatExchangerRegulator": 10000,
        "RhxEfficiency": 8395
    },
    {
        "timestamp": "2025-02-20T17:10:02.425553",
        "co2": 441,
        "supplyAirflow": 192,
        "extractAirflow": 202,
        "supplyAirDuctPressure": 15,
        "extractAirDuctPressure": 15,
        "supplyAirFanSpeedLevel": 1450,
        "extractAirFanSpeedLevel": 1129,
        "SFP": 4,
        "supplyAirTemperature": 1830,
        "extractAirTemperature": 2149,
        "outdoorTemperature": 112,
        "reheatLevel": 2500,
        "coolingLevel": 0,
        "supplyAirFilterPressure": 0,
        "extractAirFilterPressure": 11,
        "operationMode": 15,
        "heatExchangerRegulator": 10000,
        "RhxEfficiency": 8400
    },
    {
        "timestamp": "2025-02-20T17:20:02.306354",
        "co2": 438,
        "supplyAirflow": 197,
        "extractAirflow": 196,
        "supplyAirDuctPressure": 16,
        "extractAirDuctPressure": 14,
        "supplyAirFanSpeedLevel": 1439,
        "extractAirFanSpeedLevel": 1126,
        "SFP": 4,
        "supplyAirTemperature": 2443,
        "extractAirTemperature": 2131,
        "outdoorTemperature": 112,
        "reheatLevel": 0,
        "coolingLevel": 0,
        "supplyAirFilterPressure": 0,
        "extractAirFilterPressure": 11,
        "operationMode": 15,
        "heatExchangerRegulator": 10000,
        "RhxEfficiency": 8403
    },
    {
        "timestamp": "2025-02-20T17:30:02.270876",
        "co2": 437,
        "supplyAirflow": 202,
        "extractAirflow": 196,
        "supplyAirDuctPressure": 16,
        "extractAirDuctPressure": 13,
        "supplyAirFanSpeedLevel": 1468,
        "extractAirFanSpeedLevel": 1138,
        "SFP": 4,
        "supplyAirTemperature": 3038,
        "extractAirTemperature": 2131,
        "outdoorTemperature": 112,
        "reheatLevel": 2512,
        "coolingLevel": 0,
        "supplyAirFilterPressure": 0,
        "extractAirFilterPressure": 11,
        "operationMode": 15,
        "heatExchangerRegulator": 10000,
        "RhxEfficiency": 8328
    },
    {
        "timestamp": "2025-02-20T17:40:02.307021",
        "co2": 430,
        "supplyAirflow": 202,
        "extractAirflow": 202,
        "supplyAirDuctPressure": 16,
        "extractAirDuctPressure": 10,
        "supplyAirFanSpeedLevel": 1441,
        "extractAirFanSpeedLevel": 1115,
        "SFP": 4,
        "supplyAirTemperature": 1842,
        "extractAirTemperature": 2137,
        "outdoorTemperature": 125,
        "reheatLevel": 2512,
        "coolingLevel": 0,
        "supplyAirFilterPressure": 0,
        "extractAirFilterPressure": 11,
        "operationMode": 15,
        "heatExchangerRegulator": 10000,
        "RhxEfficiency": 8401
    },
    {
        "timestamp": "2025-02-20T17:50:02.081648",
        "co2": 444,
        "supplyAirflow": 206,
        "extractAirflow": 191,
        "supplyAirDuctPressure": 14,
        "extractAirDuctPressure": 15,
        "supplyAirFanSpeedLevel": 1446,
        "extractAirFanSpeedLevel": 1135,
        "SFP": 4,
        "supplyAirTemperature": 3448,
        "extractAirTemperature": 2137,
        "outdoorTemperature": 124,
        "reheatLevel": 0,
        "coolingLevel": 0,
        "supplyAirFilterPressure": 0,
        "extractAirFilterPressure": 10,
        "operationMode": 15,
        "heatExchangerRegulator": 10000,
        "RhxEfficiency": 8388
    },
    {
        "timestamp": "2025-02-20T18:00:02.966741",
        "co2": 436,
        "supplyAirflow": 211,
        "extractAirflow": 197,
        "supplyAirDuctPressure": 16,
        "extractAirDuctPressure": 12,
        "supplyAirFanSpeedLevel": 1493,
        "extractAirFanSpeedLevel": 1106,
        "SFP": 4,
        "supplyAirTemperature": 2642,
        "extractAirTemperature": 2145,
        "outdoorTemperature": 124,
        "reheatLevel": 2568,
        "coolingLevel": 0,
        "supplyAirFilterPressure": 0,
        "extractAirFilterPressure": 10,
        "operationMode": 15,
        "heatExchangerRegulator": 10000,
        "RhxEfficiency": 8392
    },
    {
        "timestamp": "2025-02-20T18:10:03.042656",
        "co2": 435,
        "supplyAirflow": 202,
        "extractAirflow": 202,
        "supplyAirDuctPressure": 15,
        "extractAirDuctPressure": 12,
        "supplyAirFanSpeedLevel": 1416,
        "extractAirFanSpeedLevel": 1104,
        "SFP": 4,
        "supplyAirTemperature": 1867,
        "extractAirTemperature": 2144,
        "outdoorTemperature": 124,
        "reheatLevel": 1077,
        "coolingLevel": 0,
        "supplyAirFilterPressure": 0,
        "extractAirFilterPressure": 11,
        "operationMode": 15,
        "heatExchangerRegulator": 10000,
        "RhxEfficiency": 8363
    },
    {
        "timestamp": "2025-02-20T18:20:03.092032",
        "co2": 436,
        "supplyAirflow": 206,
        "extractAirflow": 202,
        "supplyAirDuctPressure": 16,
        "extractAirDuctPressure": 14,
        "supplyAirFanSpeedLevel": 1507,
        "extractAirFanSpeedLevel": 1135,
        "SFP": 4,
        "supplyAirTemperature": 3284,
        "extractAirTemperature": 2143,
        "outdoorTemperature": 125,
        "reheatLevel": 2537,
        "coolingLevel": 0,
        "supplyAirFilterPressure": 0,
        "extractAirFilterPressure": 11,
        "operationMode": 15,
        "heatExchangerRegulator": 10000,
        "RhxEfficiency": 8406
    },
    {
        "timestamp": "2025-02-20T18:30:02.964809",
        "co2": 434,
        "supplyAirflow": 202,
        "extractAirflow": 196,
        "supplyAirDuctPressure": 13,
        "extractAirDuctPressure": 14,
        "supplyAirFanSpeedLevel": 1417,
        "extractAirFanSpeedLevel": 1131,
        "SFP": 4,
        "supplyAirTemperature": 1812,
        "extractAirTemperature": 2150,
        "outdoorTemperature": 145,
        "reheatLevel": 2512,
        "coolingLevel": 0,
        "supplyAirFilterPressure": 0,
        "extractAirFilterPressure": 11,
        "operationMode": 15,
        "heatExchangerRegulator": 10000,
        "RhxEfficiency": 8393
    },
    {
        "timestamp": "2025-02-20T18:40:03.134519",
        "co2": 433,
        "supplyAirflow": 202,
        "extractAirflow": 202,
        "supplyAirDuctPressure": 15,
        "extractAirDuctPressure": 13,
        "supplyAirFanSpeedLevel": 1456,
        "extractAirFanSpeedLevel": 1115,
        "SFP": 4,
        "supplyAirTemperature": 3127,
        "extractAirTemperature": 2149,
        "outdoorTemperature": 137,
        "reheatLevel": 0,
        "coolingLevel": 0,
        "supplyAirFilterPressure": 0,
        "extractAirFilterPressure": 11,
        "operationMode": 15,
        "heatExchangerRegulator": 10000,
        "RhxEfficiency": 8401
    },
    {
        "timestamp": "2025-02-20T18:50:03.102913",
        "co2": 433,
        "supplyAirflow": 202,
        "extractAirflow": 196,
        "supplyAirDuctPressure": 16,
        "extractAirDuctPressure": 13,
        "supplyAirFanSpeedLevel": 1506,
        "extractAirFanSpeedLevel": 1111,
        "SFP": 4,
        "supplyAirTemperature": 2543,
        "extractAirTemperature": 2149,
        "outdoorTemperature": 137,
        "reheatLevel": 2512,
        "coolingLevel": 0,
        "supplyAirFilterPressure": 0,
        "extractAirFilterPressure": 11,
        "operationMode": 15,
        "heatExchangerRegulator": 10000,
        "RhxEfficiency": 8412
    },
    {
        "timestamp": "2025-02-20T19:00:02.019610",
        "co2": 437,
        "supplyAirflow": 202,
        "extractAirflow": 202,
        "supplyAirDuctPressure": 12,
        "extractAirDuctPressure": 15,
        "supplyAirFanSpeedLevel": 1397,
        "extractAirFanSpeedLevel": 1138,
        "SFP": 4,
        "supplyAirTemperature": 1971,
        "extractAirTemperature": 2144,
        "outdoorTemperature": 150,
        "reheatLevel": 682,
        "coolingLevel": 0,
        "supplyAirFilterPressure": 0,
        "extractAirFilterPressure": 11,
        "operationMode": 15,
        "heatExchangerRegulator": 10000,
        "RhxEfficiency": 8390
    },
    {
        "timestamp": "2025-02-20T19:10:03.013345",
        "co2": 430,
        "supplyAirflow": 202,
        "extractAirflow": 202,
        "supplyAirDuctPressure": 13,
        "extractAirDuctPressure": 15,
        "supplyAirFanSpeedLevel": 1499,
        "extractAirFanSpeedLevel": 1129,
        "SFP": 4,
        "supplyAirTemperature": 3234,
        "extractAirTemperature": 2143,
        "outdoorTemperature": 160,
        "reheatLevel": 2512,
        "coolingLevel": 0,
        "supplyAirFilterPressure": 0,
        "extractAirFilterPressure": 11,
        "operationMode": 15,
        "heatExchangerRegulator": 10000,
        "RhxEfficiency": 8400
    },
    {
        "timestamp": "2025-02-20T19:20:03.032506",
        "co2": 438,
        "supplyAirflow": 206,
        "extractAirflow": 196,
        "supplyAirDuctPressure": 12,
        "extractAirDuctPressure": 15,
        "supplyAirFanSpeedLevel": 1437,
        "extractAirFanSpeedLevel": 1132,
        "SFP": 4,
        "supplyAirTemperature": 1793,
        "extractAirTemperature": 2144,
        "outdoorTemperature": 175,
        "reheatLevel": 2537,
        "coolingLevel": 0,
        "supplyAirFilterPressure": 0,
        "extractAirFilterPressure": 11,
        "operationMode": 15,
        "heatExchangerRegulator": 10000,
        "RhxEfficiency": 8376
    },
    {
        "timestamp": "2025-02-20T19:30:02.799425",
        "co2": 434,
        "supplyAirflow": 197,
        "extractAirflow": 212,
        "supplyAirDuctPressure": 17,
        "extractAirDuctPressure": 10,
        "supplyAirFanSpeedLevel": 1501,
        "extractAirFanSpeedLevel": 1087,
        "SFP": 4,
        "supplyAirTemperature": 3351,
        "extractAirTemperature": 2143,
        "outdoorTemperature": 162,
        "reheatLevel": 0,
        "coolingLevel": 0,
        "supplyAirFilterPressure": 0,
        "extractAirFilterPressure": 11,
        "operationMode": 15,
        "heatExchangerRegulator": 10000,
        "RhxEfficiency": 8389
    },
    {
        "timestamp": "2025-02-20T19:40:02.995346",
        "co2": 434,
        "supplyAirflow": 202,
        "extractAirflow": 202,
        "supplyAirDuctPressure": 15,
        "extractAirDuctPressure": 14,
        "supplyAirFanSpeedLevel": 1455,
        "extractAirFanSpeedLevel": 1134,
        "SFP": 4,
        "supplyAirTemperature": 2447,
        "extractAirTemperature": 2150,
        "outdoorTemperature": 170,
        "reheatLevel": 2512,
        "coolingLevel": 0,
        "supplyAirFilterPressure": 0,
        "extractAirFilterPressure": 11,
        "operationMode": 15,
        "heatExchangerRegulator": 10000,
        "RhxEfficiency": 8401
    },
    {
        "timestamp": "2025-02-20T19:50:02.765425",
        "co2": 430,
        "supplyAirflow": 206,
        "extractAirflow": 196,
        "supplyAirDuctPressure": 12,
        "extractAirDuctPressure": 15,
        "supplyAirFanSpeedLevel": 1412,
        "extractAirFanSpeedLevel": 1135,
        "SFP": 4,
        "supplyAirTemperature": 2182,
        "extractAirTemperature": 2149,
        "outdoorTemperature": 169,
        "reheatLevel": 0,
        "coolingLevel": 0,
        "supplyAirFilterPressure": 0,
        "extractAirFilterPressure": 11,
        "operationMode": 15,
        "heatExchangerRegulator": 10000,
        "RhxEfficiency": 8393
    },
    {
        "timestamp": "2025-02-20T20:00:02.620322",
        "co2": 431,
        "supplyAirflow": 202,
        "extractAirflow": 202,
        "supplyAirDuctPressure": 12,
        "extractAirDuctPressure": 17,
        "supplyAirFanSpeedLevel": 1548,
        "extractAirFanSpeedLevel": 1102,
        "SFP": 4,
        "supplyAirTemperature": 3167,
        "extractAirTemperature": 2143,
        "outdoorTemperature": 181,
        "reheatLevel": 2512,
        "coolingLevel": 0,
        "supplyAirFilterPressure": 0,
        "extractAirFilterPressure": 11,
        "operationMode": 15,
        "heatExchangerRegulator": 10000,
        "RhxEfficiency": 8390
    },
    {
        "timestamp": "2025-02-20T20:10:02.583076",
        "co2": 432,
        "supplyAirflow": 202,
        "extractAirflow": 201,
        "supplyAirDuctPressure": 16,
        "extractAirDuctPressure": 13,
        "supplyAirFanSpeedLevel": 1443,
        "extractAirFanSpeedLevel": 1125,
        "SFP": 4,
        "supplyAirTemperature": 1738,
        "extractAirTemperature": 2144,
        "outdoorTemperature": 195,
        "reheatLevel": 2512,
        "coolingLevel": 0,
        "supplyAirFilterPressure": 0,
        "extractAirFilterPressure": 11,
        "operationMode": 15,
        "heatExchangerRegulator": 10000,
        "RhxEfficiency": 8403
    },
    {
        "timestamp": "2025-02-20T20:20:02.352370",
        "co2": 426,
        "supplyAirflow": 197,
        "extractAirflow": 207,
        "supplyAirDuctPressure": 15,
        "extractAirDuctPressure": 14,
        "supplyAirFanSpeedLevel": 1459,
        "extractAirFanSpeedLevel": 1135,
        "SFP": 4,
        "supplyAirTemperature": 3626,
        "extractAirTemperature": 2143,
        "outdoorTemperature": 193,
        "reheatLevel": 0,
        "coolingLevel": 0,
        "supplyAirFilterPressure": 0,
        "extractAirFilterPressure": 11,
        "operationMode": 15,
        "heatExchangerRegulator": 10000,
        "RhxEfficiency": 8403
    },
    {
        "timestamp": "2025-02-20T20:30:02.032138",
        "co2": 426,
        "supplyAirflow": 202,
        "extractAirflow": 201,
        "supplyAirDuctPressure": 15,
        "extractAirDuctPressure": 14,
        "supplyAirFanSpeedLevel": 1474,
        "extractAirFanSpeedLevel": 1140,
        "SFP": 4,
        "supplyAirTemperature": 2333,
        "extractAirTemperature": 2144,
        "outdoorTemperature": 199,
        "reheatLevel": 2512,
        "coolingLevel": 0,
        "supplyAirFilterPressure": 0,
        "extractAirFilterPressure": 11,
        "operationMode": 15,
        "heatExchangerRegulator": 10000,
        "RhxEfficiency": 8404
    },
    {
        "timestamp": "2025-02-20T20:40:02.687648",
        "co2": 427,
        "supplyAirflow": 202,
        "extractAirflow": 202,
        "supplyAirDuctPressure": 16,
        "extractAirDuctPressure": 11,
        "supplyAirFanSpeedLevel": 1430,
        "extractAirFanSpeedLevel": 1134,
        "SFP": 4,
        "supplyAirTemperature": 2389,
        "extractAirTemperature": 2150,
        "outdoorTemperature": 194,
        "reheatLevel": 0,
        "coolingLevel": 0,
        "supplyAirFilterPressure": 0,
        "extractAirFilterPressure": 11,
        "operationMode": 15,
        "heatExchangerRegulator": 10000,
        "RhxEfficiency": 8344
    },
    {
        "timestamp": "2025-02-20T20:50:02.433953",
        "co2": 428,
        "supplyAirflow": 197,
        "extractAirflow": 202,
        "supplyAirDuctPressure": 16,
        "extractAirDuctPressure": 14,
        "supplyAirFanSpeedLevel": 1490,
        "extractAirFanSpeedLevel": 1141,
        "SFP": 4,
        "supplyAirTemperature": 3027,
        "extractAirTemperature": 2149,
        "outdoorTemperature": 194,
        "reheatLevel": 2500,
        "coolingLevel": 0,
        "supplyAirFilterPressure": 0,
        "extractAirFilterPressure": 11,
        "operationMode": 15,
        "heatExchangerRegulator": 10000,
        "RhxEfficiency": 8358
    },
    {
        "timestamp": "2025-02-20T21:00:02.192711",
        "co2": 429,
        "supplyAirflow": 202,
        "extractAirflow": 202,
        "supplyAirDuctPressure": 16,
        "extractAirDuctPressure": 9,
        "supplyAirFanSpeedLevel": 1515,
        "extractAirFanSpeedLevel": 1057,
        "SFP": 4,
        "supplyAirTemperature": 1531,
        "extractAirTemperature": 2150,
        "outdoorTemperature": 200,
        "reheatLevel": 2512,
        "coolingLevel": 0,
        "supplyAirFilterPressure": 0,
        "extractAirFilterPressure": 11,
        "operationMode": 15,
        "heatExchangerRegulator": 10000,
        "RhxEfficiency": 8290
    },
    {
        "timestamp": "2025-02-20T21:10:03.085268",
        "co2": 426,
        "supplyAirflow": 202,
        "extractAirflow": 201,
        "supplyAirDuctPressure": 17,
        "extractAirDuctPressure": 12,
        "supplyAirFanSpeedLevel": 1529,
        "extractAirFanSpeedLevel": 1131,
        "SFP": 4,
        "supplyAirTemperature": 3763,
        "extractAirTemperature": 2137,
        "outdoorTemperature": 206,
        "reheatLevel": 0,
        "coolingLevel": 0,
        "supplyAirFilterPressure": 0,
        "extractAirFilterPressure": 11,
        "operationMode": 15,
        "heatExchangerRegulator": 10000,
        "RhxEfficiency": 8366
    },
    {
        "timestamp": "2025-02-20T21:20:02.882465",
        "co2": 426,
        "supplyAirflow": 197,
        "extractAirflow": 207,
        "supplyAirDuctPressure": 13,
        "extractAirDuctPressure": 14,
        "supplyAirFanSpeedLevel": 1461,
        "extractAirFanSpeedLevel": 1145,
        "SFP": 4,
        "supplyAirTemperature": 2107,
        "extractAirTemperature": 2145,
        "outdoorTemperature": 206,
        "reheatLevel": 2500,
        "coolingLevel": 0,
        "supplyAirFilterPressure": 0,
        "extractAirFilterPressure": 11,
        "operationMode": 15,
        "heatExchangerRegulator": 10000,
        "RhxEfficiency": 8770
    },
    {
        "timestamp": "2025-02-20T21:30:02.681740",
        "co2": 426,
        "supplyAirflow": 206,
        "extractAirflow": 196,
        "supplyAirDuctPressure": 16,
        "extractAirDuctPressure": 12,
        "supplyAirFanSpeedLevel": 1471,
        "extractAirFanSpeedLevel": 1123,
        "SFP": 4,
        "supplyAirTemperature": 2510,
        "extractAirTemperature": 2144,
        "outdoorTemperature": 206,
        "reheatLevel": 0,
        "coolingLevel": 0,
        "supplyAirFilterPressure": 0,
        "extractAirFilterPressure": 11,
        "operationMode": 15,
        "heatExchangerRegulator": 10000,
        "RhxEfficiency": 8356
    },
    {
        "timestamp": "2025-02-20T21:40:02.566075",
        "co2": 423,
        "supplyAirflow": 202,
        "extractAirflow": 196,
        "supplyAirDuctPressure": 18,
        "extractAirDuctPressure": 10,
        "supplyAirFanSpeedLevel": 1513,
        "extractAirFanSpeedLevel": 1107,
        "SFP": 4,
        "supplyAirTemperature": 2924,
        "extractAirTemperature": 2149,
        "outdoorTemperature": 206,
        "reheatLevel": 2512,
        "coolingLevel": 0,
        "supplyAirFilterPressure": 0,
        "extractAirFilterPressure": 11,
        "operationMode": 15,
        "heatExchangerRegulator": 10000,
        "RhxEfficiency": 8409
    },
    {
        "timestamp": "2025-02-20T21:50:02.427726",
        "co2": 424,
        "supplyAirflow": 206,
        "extractAirflow": 202,
        "supplyAirDuctPressure": 13,
        "extractAirDuctPressure": 14,
        "supplyAirFanSpeedLevel": 1399,
        "extractAirFanSpeedLevel": 1145,
        "SFP": 4,
        "supplyAirTemperature": 1596,
        "extractAirTemperature": 2150,
        "outdoorTemperature": 200,
        "reheatLevel": 2166,
        "coolingLevel": 0,
        "supplyAirFilterPressure": 0,
        "extractAirFilterPressure": 11,
        "operationMode": 15,
        "heatExchangerRegulator": 10000,
        "RhxEfficiency": 8391
    },
    {
        "timestamp": "2025-02-20T22:00:02.207396",
        "co2": 424,
        "supplyAirflow": 202,
        "extractAirflow": 201,
        "supplyAirDuctPressure": 16,
        "extractAirDuctPressure": 13,
        "supplyAirFanSpeedLevel": 1510,
        "extractAirFanSpeedLevel": 1137,
        "SFP": 4,
        "supplyAirTemperature": 3686,
        "extractAirTemperature": 2143,
        "outdoorTemperature": 206,
        "reheatLevel": 0,
        "coolingLevel": 0,
        "supplyAirFilterPressure": 0,
        "extractAirFilterPressure": 11,
        "operationMode": 15,
        "heatExchangerRegulator": 10000,
        "RhxEfficiency": 8546
    },
    {
        "timestamp": "2025-02-20T22:10:03.168269",
        "co2": 425,
        "supplyAirflow": 202,
        "extractAirflow": 196,
        "supplyAirDuctPressure": 16,
        "extractAirDuctPressure": 13,
        "supplyAirFanSpeedLevel": 1524,
        "extractAirFanSpeedLevel": 1106,
        "SFP": 4,
        "supplyAirTemperature": 1952,
        "extractAirTemperature": 2144,
        "outdoorTemperature": 187,
        "reheatLevel": 2512,
        "coolingLevel": 0,
        "supplyAirFilterPressure": 0,
        "extractAirFilterPressure": 11,
        "operationMode": 15,
        "heatExchangerRegulator": 10000,
        "RhxEfficiency": 8333
    },
    {
        "timestamp": "2025-02-20T22:20:02.219366",
        "co2": 427,
        "supplyAirflow": 206,
        "extractAirflow": 202,
        "supplyAirDuctPressure": 16,
        "extractAirDuctPressure": 13,
        "supplyAirFanSpeedLevel": 1472,
        "extractAirFanSpeedLevel": 1119,
        "SFP": 4,
        "supplyAirTemperature": 2607,
        "extractAirTemperature": 2137,
        "outdoorTemperature": 168,
        "reheatLevel": 0,
        "coolingLevel": 0,
        "supplyAirFilterPressure": 0,
        "extractAirFilterPressure": 11,
        "operationMode": 15,
        "heatExchangerRegulator": 10000,
        "RhxEfficiency": 8372
    },
    {
        "timestamp": "2025-02-20T22:30:01.989572",
        "co2": 419,
        "supplyAirflow": 197,
        "extractAirflow": 196,
        "supplyAirDuctPressure": 14,
        "extractAirDuctPressure": 14,
        "supplyAirFanSpeedLevel": 1476,
        "extractAirFanSpeedLevel": 1139,
        "SFP": 4,
        "supplyAirTemperature": 2949,
        "extractAirTemperature": 2137,
        "outdoorTemperature": 156,
        "reheatLevel": 2500,
        "coolingLevel": 0,
        "supplyAirFilterPressure": 0,
        "extractAirFilterPressure": 11,
        "operationMode": 15,
        "heatExchangerRegulator": 10000,
        "RhxEfficiency": 8378
    },
    {
        "timestamp": "2025-02-20T22:40:03.147844",
        "co2": 422,
        "supplyAirflow": 197,
        "extractAirflow": 207,
        "supplyAirDuctPressure": 15,
        "extractAirDuctPressure": 13,
        "supplyAirFanSpeedLevel": 1419,
        "extractAirFanSpeedLevel": 1132,
        "SFP": 4,
        "supplyAirTemperature": 1692,
        "extractAirTemperature": 2145,
        "outdoorTemperature": 143,
        "reheatLevel": 2500,
        "coolingLevel": 0,
        "supplyAirFilterPressure": 0,
        "extractAirFilterPressure": 11,
        "operationMode": 15,
        "heatExchangerRegulator": 10000,
        "RhxEfficiency": 8309
    },
    {
        "timestamp": "2025-02-20T22:50:02.948883",
        "co2": 425,
        "supplyAirflow": 211,
        "extractAirflow": 191,
        "supplyAirDuctPressure": 18,
        "extractAirDuctPressure": 11,
        "supplyAirFanSpeedLevel": 1596,
        "extractAirFanSpeedLevel": 1075,
        "SFP": 4,
        "supplyAirTemperature": 3290,
        "extractAirTemperature": 2131,
        "outdoorTemperature": 137,
        "reheatLevel": 2568,
        "coolingLevel": 0,
        "supplyAirFilterPressure": 0,
        "extractAirFilterPressure": 11,
        "operationMode": 15,
        "heatExchangerRegulator": 10000,
        "RhxEfficiency": 8356
    },
    {
        "timestamp": "2025-02-20T23:00:02.687039",
        "co2": 423,
        "supplyAirflow": 197,
        "extractAirflow": 202,
        "supplyAirDuctPressure": 14,
        "extractAirDuctPressure": 12,
        "supplyAirFanSpeedLevel": 1484,
        "extractAirFanSpeedLevel": 1098,
        "SFP": 4,
        "supplyAirTemperature": 1925,
        "extractAirTemperature": 2131,
        "outdoorTemperature": 118,
        "reheatLevel": 2500,
        "coolingLevel": 0,
        "supplyAirFilterPressure": 0,
        "extractAirFilterPressure": 11,
        "operationMode": 15,
        "heatExchangerRegulator": 10000,
        "RhxEfficiency": 8344
    },
    {
        "timestamp": "2025-02-20T23:10:02.463588",
        "co2": 425,
        "supplyAirflow": 202,
        "extractAirflow": 202,
        "supplyAirDuctPressure": 15,
        "extractAirDuctPressure": 13,
        "supplyAirFanSpeedLevel": 1454,
        "extractAirFanSpeedLevel": 1141,
        "SFP": 4,
        "supplyAirTemperature": 2682,
        "extractAirTemperature": 2131,
        "outdoorTemperature": 118,
        "reheatLevel": 0,
        "coolingLevel": 0,
        "supplyAirFilterPressure": 0,
        "extractAirFilterPressure": 11,
        "operationMode": 15,
        "heatExchangerRegulator": 10000,
        "RhxEfficiency": 8400
    },
    {
        "timestamp": "2025-02-20T23:20:02.212667",
        "co2": 422,
        "supplyAirflow": 197,
        "extractAirflow": 202,
        "supplyAirDuctPressure": 16,
        "extractAirDuctPressure": 11,
        "supplyAirFanSpeedLevel": 1483,
        "extractAirFanSpeedLevel": 1141,
        "SFP": 4,
        "supplyAirTemperature": 2868,
        "extractAirTemperature": 2137,
        "outdoorTemperature": 106,
        "reheatLevel": 2500,
        "coolingLevel": 0,
        "supplyAirFilterPressure": 0,
        "extractAirFilterPressure": 11,
        "operationMode": 15,
        "heatExchangerRegulator": 10000,
        "RhxEfficiency": 9060
    },
    {
        "timestamp": "2025-02-20T23:30:02.909362",
        "co2": 421,
        "supplyAirflow": 206,
        "extractAirflow": 196,
        "supplyAirDuctPressure": 12,
        "extractAirDuctPressure": 15,
        "supplyAirFanSpeedLevel": 1417,
        "extractAirFanSpeedLevel": 1138,
        "SFP": 4,
        "supplyAirTemperature": 1692,
        "extractAirTemperature": 2137,
        "outdoorTemperature": 106,
        "reheatLevel": 2537,
        "coolingLevel": 0,
        "supplyAirFilterPressure": 0,
        "extractAirFilterPressure": 11,
        "operationMode": 15,
        "heatExchangerRegulator": 10000,
        "RhxEfficiency": 8397
    },
    {
        "timestamp": "2025-02-20T23:40:02.541330",
        "co2": 426,
        "supplyAirflow": 202,
        "extractAirflow": 202,
        "supplyAirDuctPressure": 18,
        "extractAirDuctPressure": 13,
        "supplyAirFanSpeedLevel": 1541,
        "extractAirFanSpeedLevel": 1127,
        "SFP": 4,
        "supplyAirTemperature": 3785,
        "extractAirTemperature": 2137,
        "outdoorTemperature": 100,
        "reheatLevel": 0,
        "coolingLevel": 0,
        "supplyAirFilterPressure": 0,
        "extractAirFilterPressure": 11,
        "operationMode": 15,
        "heatExchangerRegulator": 10000,
        "RhxEfficiency": 8400
    },
    {
        "timestamp": "2025-02-20T23:50:02.241947",
        "co2": 426,
        "supplyAirflow": 197,
        "extractAirflow": 202,
        "supplyAirDuctPressure": 16,
        "extractAirDuctPressure": 11,
        "supplyAirFanSpeedLevel": 1506,
        "extractAirFanSpeedLevel": 1102,
        "SFP": 4,
        "supplyAirTemperature": 2202,
        "extractAirTemperature": 2137,
        "outdoorTemperature": 100,
        "reheatLevel": 2500,
        "coolingLevel": 0,
        "supplyAirFilterPressure": 0,
        "extractAirFilterPressure": 11,
        "operationMode": 15,
        "heatExchangerRegulator": 10000,
        "RhxEfficiency": 8410
    }
]