[
    {
        "timestamp": "2025-02-19T00:00:03.058022",
        "co2": 436,
        "supplyAirflow": 202,
        "extractAirflow": 203,
        "supplyAirDuctPressure": 15,
        "extractAirDuctPressure": 14,
        "supplyAirFanSpeedLevel": 1422,
        "extractAirFanSpeedLevel": 1113,
        "SFP": 4,
        "supplyAirTemperature": 2794,
        "extractAirTemperature": 2098,
        "outdoorTemperature": -537,
        "reheatLevel": 2512,
        "coolingLevel": 0,
        "supplyAirFilterPressure": 0,
        "extractAirFilterPressure": 11,
        "operationMode": 15,
        "heatExchangerRegulator": 10000,
        "RhxEfficiency": 8397
    },
    {
        "timestamp": "2025-02-19T00:10:02.808289",
        "co2": 439,
        "supplyAirflow": 202,
        "extractAirflow": 203,
        "supplyAirDuctPressure": 14,
        "extractAirDuctPressure": 14,
        "supplyAirFanSpeedLevel": 1417,
        "extractAirFanSpeedLevel": 1107,
        "SFP": 4,
        "supplyAirTemperature": 2453,
        "extractAirTemperature": 2098,
        "outdoorTemperature": -531,
        "reheatLevel": 2512,
        "coolingLevel": 0,
        "supplyAirFilterPressure": 0,
        "extractAirFilterPressure": 11,
        "operationMode": 15,
        "heatExchangerRegulator": 10000,
        "RhxEfficiency": 8400
    },
    {
        "timestamp": "2025-02-19T00:20:02.702959",
        "co2": 435,
        "supplyAirflow": 202,
        "extractAirflow": 203,
        "supplyAirDuctPressure": 15,
        "extractAirDuctPressure": 14,
        "supplyAirFanSpeedLevel": 1394,
        "extractAirFanSpeedLevel": 1108,
        "SFP": 4,
        "supplyAirTemperature": 2609,
        "extractAirTemperature": 2098,
        "outdoorTemperature": -537,
        "reheatLevel": 1949,
        "coolingLevel": 0,
        "supplyAirFilterPressure": 0,
        "extractAirFilterPressure": 11,
        "operationMode": 15,
        "heatExchangerRegulator": 10000,
        "RhxEfficiency": 8400
    },
    {
        "timestamp": "2025-02-19T00:30:02.653966",
        "co2": 439,
        "supplyAirflow": 197,
        "extractAirflow": 198,
        "supplyAirDuctPressure": 16,
        "extractAirDuctPressure": 14,
        "supplyAirFanSpeedLevel": 1455,
        "extractAirFanSpeedLevel": 1104,
        "SFP": 4,
        "supplyAirTemperature": 3667,
        "extractAirTemperature": 2098,
        "outdoorTemperature": -562,
        "reheatLevel": 198,
        "coolingLevel": 0,
        "supplyAirFilterPressure": 0,
        "extractAirFilterPressure": 11,
        "operationMode": 15,
        "heatExchangerRegulator": 10000,
        "RhxEfficiency": 8396
    },
    {
        "timestamp": "2025-02-19T00:40:02.425857",
        "co2": 435,
        "supplyAirflow": 197,
        "extractAirflow": 203,
        "supplyAirDuctPressure": 16,
        "extractAirDuctPressure": 14,
        "supplyAirFanSpeedLevel": 1446,
        "extractAirFanSpeedLevel": 1104,
        "SFP": 4,
        "supplyAirTemperature": 3012,
        "extractAirTemperature": 2099,
        "outdoorTemperature": -562,
        "reheatLevel": 2500,
        "coolingLevel": 0,
        "supplyAirFilterPressure": 0,
        "extractAirFilterPressure": 11,
        "operationMode": 15,
        "heatExchangerRegulator": 10000,
        "RhxEfficiency": 8399
    },
    {
        "timestamp": "2025-02-19T00:50:03.190428",
        "co2": 434,
        "supplyAirflow": 202,
        "extractAirflow": 203,
        "supplyAirDuctPressure": 15,
        "extractAirDuctPressure": 14,
        "supplyAirFanSpeedLevel": 1404,
        "extractAirFanSpeedLevel": 1118,
        "SFP": 4,
        "supplyAirTemperature": 2654,
        "extractAirTemperature": 2099,
        "outdoorTemperature": -595,
        "reheatLevel": 2512,
        "coolingLevel": 0,
        "supplyAirFilterPressure": 0,
        "extractAirFilterPressure": 11,
        "operationMode": 15,
        "heatExchangerRegulator": 10000,
        "RhxEfficiency": 8400
    },
    {
        "timestamp": "2025-02-19T01:00:03.067304",
        "co2": 432,
        "supplyAirflow": 202,
        "extractAirflow": 203,
        "supplyAirDuctPressure": 14,
        "extractAirDuctPressure": 14,
        "supplyAirFanSpeedLevel": 1378,
        "extractAirFanSpeedLevel": 1105,
        "SFP": 4,
        "supplyAirTemperature": 2363,
        "extractAirTemperature": 2099,
        "outdoorTemperature": -620,
        "reheatLevel": 2512,
        "coolingLevel": 0,
        "supplyAirFilterPressure": 0,
        "extractAirFilterPressure": 11,
        "operationMode": 15,
        "heatExchangerRegulator": 10000,
        "RhxEfficiency": 8399
    },
    {
        "timestamp": "2025-02-19T01:10:02.843416",
        "co2": 432,
        "supplyAirflow": 206,
        "extractAirflow": 203,
        "supplyAirDuctPressure": 16,
        "extractAirDuctPressure": 14,
        "supplyAirFanSpeedLevel": 1427,
        "extractAirFanSpeedLevel": 1119,
        "SFP": 4,
        "supplyAirTemperature": 3751,
        "extractAirTemperature": 2099,
        "outdoorTemperature": -619,
        "reheatLevel": 0,
        "coolingLevel": 0,
        "supplyAirFilterPressure": 0,
        "extractAirFilterPressure": 11,
        "operationMode": 15,
        "heatExchangerRegulator": 10000,
        "RhxEfficiency": 8399
    },
    {
        "timestamp": "2025-02-19T01:20:02.880520",
        "co2": 428,
        "supplyAirflow": 202,
        "extractAirflow": 203,
        "supplyAirDuctPressure": 15,
        "extractAirDuctPressure": 14,
        "supplyAirFanSpeedLevel": 1448,
        "extractAirFanSpeedLevel": 1103,
        "SFP": 4,
        "supplyAirTemperature": 3086,
        "extractAirTemperature": 2099,
        "outdoorTemperature": -619,
        "reheatLevel": 2512,
        "coolingLevel": 0,
        "supplyAirFilterPressure": 0,
        "extractAirFilterPressure": 11,
        "operationMode": 15,
        "heatExchangerRegulator": 10000,
        "RhxEfficiency": 8400
    },
    {
        "timestamp": "2025-02-19T01:30:02.648070",
        "co2": 436,
        "supplyAirflow": 202,
        "extractAirflow": 203,
        "supplyAirDuctPressure": 16,
        "extractAirDuctPressure": 14,
        "supplyAirFanSpeedLevel": 1431,
        "extractAirFanSpeedLevel": 1098,
        "SFP": 4,
        "supplyAirTemperature": 2688,
        "extractAirTemperature": 2100,
        "outdoorTemperature": -645,
        "reheatLevel": 2512,
        "coolingLevel": 0,
        "supplyAirFilterPressure": 0,
        "extractAirFilterPressure": 11,
        "operationMode": 15,
        "heatExchangerRegulator": 10000,
        "RhxEfficiency": 8395
    },
    {
        "timestamp": "2025-02-19T01:40:02.718090",
        "co2": 431,
        "supplyAirflow": 202,
        "extractAirflow": 198,
        "supplyAirDuctPressure": 14,
        "extractAirDuctPressure": 14,
        "supplyAirFanSpeedLevel": 1410,
        "extractAirFanSpeedLevel": 1088,
        "SFP": 4,
        "supplyAirTemperature": 2293,
        "extractAirTemperature": 2099,
        "outdoorTemperature": -662,
        "reheatLevel": 2512,
        "coolingLevel": 0,
        "supplyAirFilterPressure": 0,
        "extractAirFilterPressure": 11,
        "operationMode": 15,
        "heatExchangerRegulator": 10000,
        "RhxEfficiency": 8401
    },
    {
        "timestamp": "2025-02-19T01:50:02.603925",
        "co2": 429,
        "supplyAirflow": 206,
        "extractAirflow": 198,
        "supplyAirDuctPressure": 14,
        "extractAirDuctPressure": 14,
        "supplyAirFanSpeedLevel": 1408,
        "extractAirFanSpeedLevel": 1104,
        "SFP": 4,
        "supplyAirTemperature": 3409,
        "extractAirTemperature": 2093,
        "outdoorTemperature": -662,
        "reheatLevel": 0,
        "coolingLevel": 0,
        "supplyAirFilterPressure": 0,
        "extractAirFilterPressure": 11,
        "operationMode": 15,
        "heatExchangerRegulator": 10000,
        "RhxEfficiency": 8392
    },
    {
        "timestamp": "2025-02-19T02:00:02.523913",
        "co2": 430,
        "supplyAirflow": 197,
        "extractAirflow": 203,
        "supplyAirDuctPressure": 16,
        "extractAirDuctPressure": 14,
        "supplyAirFanSpeedLevel": 1451,
        "extractAirFanSpeedLevel": 1096,
        "SFP": 4,
        "supplyAirTemperature": 3254,
        "extractAirTemperature": 2093,
        "outdoorTemperature": -656,
        "reheatLevel": 2500,
        "coolingLevel": 0,
        "supplyAirFilterPressure": 0,
        "extractAirFilterPressure": 11,
        "operationMode": 15,
        "heatExchangerRegulator": 10000,
        "RhxEfficiency": 8400
    },
    {
        "timestamp": "2025-02-19T02:10:02.288889",
        "co2": 429,
        "supplyAirflow": 202,
        "extractAirflow": 203,
        "supplyAirDuctPressure": 15,
        "extractAirDuctPressure": 14,
        "supplyAirFanSpeedLevel": 1423,
        "extractAirFanSpeedLevel": 1104,
        "SFP": 4,
        "supplyAirTemperature": 2762,
        "extractAirTemperature": 2093,
        "outdoorTemperature": -644,
        "reheatLevel": 2512,
        "coolingLevel": 0,
        "supplyAirFilterPressure": 0,
        "extractAirFilterPressure": 11,
        "operationMode": 15,
        "heatExchangerRegulator": 10000,
        "RhxEfficiency": 8400
    },
    {
        "timestamp": "2025-02-19T02:20:03.073730",
        "co2": 432,
        "supplyAirflow": 197,
        "extractAirflow": 203,
        "supplyAirDuctPressure": 16,
        "extractAirDuctPressure": 14,
        "supplyAirFanSpeedLevel": 1397,
        "extractAirFanSpeedLevel": 1103,
        "SFP": 4,
        "supplyAirTemperature": 2372,
        "extractAirTemperature": 2094,
        "outdoorTemperature": -656,
        "reheatLevel": 2500,
        "coolingLevel": 0,
        "supplyAirFilterPressure": 0,
        "extractAirFilterPressure": 11,
        "operationMode": 15,
        "heatExchangerRegulator": 10000,
        "RhxEfficiency": 8400
    },
    {
        "timestamp": "2025-02-19T02:30:02.907131",
        "co2": 432,
        "supplyAirflow": 202,
        "extractAirflow": 203,
        "supplyAirDuctPressure": 15,
        "extractAirDuctPressure": 14,
        "supplyAirFanSpeedLevel": 1396,
        "extractAirFanSpeedLevel": 1113,
        "SFP": 4,
        "supplyAirTemperature": 3302,
        "extractAirTemperature": 2094,
        "outdoorTemperature": -681,
        "reheatLevel": 0,
        "coolingLevel": 0,
        "supplyAirFilterPressure": 0,
        "extractAirFilterPressure": 11,
        "operationMode": 15,
        "heatExchangerRegulator": 10000,
        "RhxEfficiency": 8401
    },
    {
        "timestamp": "2025-02-19T02:40:02.723893",
        "co2": 433,
        "supplyAirflow": 202,
        "extractAirflow": 203,
        "supplyAirDuctPressure": 16,
        "extractAirDuctPressure": 14,
        "supplyAirFanSpeedLevel": 1452,
        "extractAirFanSpeedLevel": 1098,
        "SFP": 4,
        "supplyAirTemperature": 3293,
        "extractAirTemperature": 2093,
        "outdoorTemperature": -662,
        "reheatLevel": 2512,
        "coolingLevel": 0,
        "supplyAirFilterPressure": 0,
        "extractAirFilterPressure": 11,
        "operationMode": 15,
        "heatExchangerRegulator": 10000,
        "RhxEfficiency": 8399
    },
    {
        "timestamp": "2025-02-19T02:50:02.429856",
        "co2": 426,
        "supplyAirflow": 202,
        "extractAirflow": 203,
        "supplyAirDuctPressure": 16,
        "extractAirDuctPressure": 14,
        "supplyAirFanSpeedLevel": 1402,
        "extractAirFanSpeedLevel": 1100,
        "SFP": 4,
        "supplyAirTemperature": 2732,
        "extractAirTemperature": 2093,
        "outdoorTemperature": -700,
        "reheatLevel": 2512,
        "coolingLevel": 0,
        "supplyAirFilterPressure": 0,
        "extractAirFilterPressure": 11,
        "operationMode": 15,
        "heatExchangerRegulator": 10000,
        "RhxEfficiency": 8400
    },
    {
        "timestamp": "2025-02-19T03:00:02.920284",
        "co2": 426,
        "supplyAirflow": 202,
        "extractAirflow": 203,
        "supplyAirDuctPressure": 14,
        "extractAirDuctPressure": 14,
        "supplyAirFanSpeedLevel": 1399,
        "extractAirFanSpeedLevel": 1104,
        "SFP": 4,
        "supplyAirTemperature": 2289,
        "extractAirTemperature": 2087,
        "outdoorTemperature": -700,
        "reheatLevel": 2512,
        "coolingLevel": 0,
        "supplyAirFilterPressure": 0,
        "extractAirFilterPressure": 11,
        "operationMode": 15,
        "heatExchangerRegulator": 10000,
        "RhxEfficiency": 8397
    },
    {
        "timestamp": "2025-02-19T03:10:02.691018",
        "co2": 431,
        "supplyAirflow": 197,
        "extractAirflow": 198,
        "supplyAirDuctPressure": 15,
        "extractAirDuctPressure": 14,
        "supplyAirFanSpeedLevel": 1381,
        "extractAirFanSpeedLevel": 1102,
        "SFP": 4,
        "supplyAirTemperature": 3426,
        "extractAirTemperature": 2087,
        "outdoorTemperature": -700,
        "reheatLevel": 0,
        "coolingLevel": 0,
        "supplyAirFilterPressure": 0,
        "extractAirFilterPressure": 11,
        "operationMode": 15,
        "heatExchangerRegulator": 10000,
        "RhxEfficiency": 8394
    },
    {
        "timestamp": "2025-02-19T03:20:02.527115",
        "co2": 428,
        "supplyAirflow": 206,
        "extractAirflow": 198,
        "supplyAirDuctPressure": 16,
        "extractAirDuctPressure": 14,
        "supplyAirFanSpeedLevel": 1450,
        "extractAirFanSpeedLevel": 1098,
        "SFP": 4,
        "supplyAirTemperature": 3188,
        "extractAirTemperature": 2087,
        "outdoorTemperature": -706,
        "reheatLevel": 2512,
        "coolingLevel": 0,
        "supplyAirFilterPressure": 0,
        "extractAirFilterPressure": 11,
        "operationMode": 15,
        "heatExchangerRegulator": 10000,
        "RhxEfficiency": 8397
    },
    {
        "timestamp": "2025-02-19T03:30:02.209235",
        "co2": 430,
        "supplyAirflow": 202,
        "extractAirflow": 203,
        "supplyAirDuctPressure": 16,
        "extractAirDuctPressure": 13,
        "supplyAirFanSpeedLevel": 1416,
        "extractAirFanSpeedLevel": 1098,
        "SFP": 4,
        "supplyAirTemperature": 2691,
        "extractAirTemperature": 2087,
        "outdoorTemperature": -712,
        "reheatLevel": 2512,
        "coolingLevel": 0,
        "supplyAirFilterPressure": 0,
        "extractAirFilterPressure": 11,
        "operationMode": 15,
        "heatExchangerRegulator": 10000,
        "RhxEfficiency": 8400
    },
    {
        "timestamp": "2025-02-19T03:40:02.969963",
        "co2": 429,
        "supplyAirflow": 202,
        "extractAirflow": 203,
        "supplyAirDuctPressure": 15,
        "extractAirDuctPressure": 14,
        "supplyAirFanSpeedLevel": 1404,
        "extractAirFanSpeedLevel": 1100,
        "SFP": 4,
        "supplyAirTemperature": 2287,
        "extractAirTemperature": 2087,
        "outdoorTemperature": -725,
        "reheatLevel": 2512,
        "coolingLevel": 0,
        "supplyAirFilterPressure": 0,
        "extractAirFilterPressure": 11,
        "operationMode": 15,
        "heatExchangerRegulator": 10000,
        "RhxEfficiency": 8400
    },
    {
        "timestamp": "2025-02-19T03:50:02.924363",
        "co2": 431,
        "supplyAirflow": 206,
        "extractAirflow": 203,
        "supplyAirDuctPressure": 16,
        "extractAirDuctPressure": 13,
        "supplyAirFanSpeedLevel": 1437,
        "extractAirFanSpeedLevel": 1091,
        "SFP": 4,
        "supplyAirTemperature": 3708,
        "extractAirTemperature": 2087,
        "outdoorTemperature": -781,
        "reheatLevel": 0,
        "coolingLevel": 0,
        "supplyAirFilterPressure": 0,
        "extractAirFilterPressure": 11,
        "operationMode": 15,
        "heatExchangerRegulator": 10000,
        "RhxEfficiency": 8395
    },
    {
        "timestamp": "2025-02-19T04:00:02.782595",
        "co2": 429,
        "supplyAirflow": 197,
        "extractAirflow": 203,
        "supplyAirDuctPressure": 16,
        "extractAirDuctPressure": 14,
        "supplyAirFanSpeedLevel": 1456,
        "extractAirFanSpeedLevel": 1087,
        "SFP": 4,
        "supplyAirTemperature": 3054,
        "extractAirTemperature": 2087,
        "outdoorTemperature": -798,
        "reheatLevel": 2500,
        "coolingLevel": 0,
        "supplyAirFilterPressure": 0,
        "extractAirFilterPressure": 11,
        "operationMode": 15,
        "heatExchangerRegulator": 10000,
        "RhxEfficiency": 8399
    },
    {
        "timestamp": "2025-02-19T04:10:02.612473",
        "co2": 425,
        "supplyAirflow": 202,
        "extractAirflow": 203,
        "supplyAirDuctPressure": 15,
        "extractAirDuctPressure": 14,
        "supplyAirFanSpeedLevel": 1417,
        "extractAirFanSpeedLevel": 1092,
        "SFP": 4,
        "supplyAirTemperature": 2630,
        "extractAirTemperature": 2081,
        "outdoorTemperature": -793,
        "reheatLevel": 2512,
        "coolingLevel": 0,
        "supplyAirFilterPressure": 0,
        "extractAirFilterPressure": 11,
        "operationMode": 15,
        "heatExchangerRegulator": 10000,
        "RhxEfficiency": 8400
    },
    {
        "timestamp": "2025-02-19T04:20:02.318680",
        "co2": 429,
        "supplyAirflow": 202,
        "extractAirflow": 203,
        "supplyAirDuctPressure": 13,
        "extractAirDuctPressure": 14,
        "supplyAirFanSpeedLevel": 1380,
        "extractAirFanSpeedLevel": 1093,
        "SFP": 4,
        "supplyAirTemperature": 2355,
        "extractAirTemperature": 2081,
        "outdoorTemperature": -794,
        "reheatLevel": 2512,
        "coolingLevel": 0,
        "supplyAirFilterPressure": 0,
        "extractAirFilterPressure": 11,
        "operationMode": 15,
        "heatExchangerRegulator": 10000,
        "RhxEfficiency": 8396
    },
    {
        "timestamp": "2025-02-19T04:30:03.108516",
        "co2": 426,
        "supplyAirflow": 202,
        "extractAirflow": 203,
        "supplyAirDuctPressure": 16,
        "extractAirDuctPressure": 14,
        "supplyAirFanSpeedLevel": 1453,
        "extractAirFanSpeedLevel": 1101,
        "SFP": 4,
        "supplyAirTemperature": 3709,
        "extractAirTemperature": 2081,
        "outdoorTemperature": -800,
        "reheatLevel": 0,
        "coolingLevel": 0,
        "supplyAirFilterPressure": 0,
        "extractAirFilterPressure": 11,
        "operationMode": 15,
        "heatExchangerRegulator": 10000,
        "RhxEfficiency": 8400
    },
    {
        "timestamp": "2025-02-19T04:40:02.871236",
        "co2": 430,
        "supplyAirflow": 197,
        "extractAirflow": 203,
        "supplyAirDuctPressure": 16,
        "extractAirDuctPressure": 14,
        "supplyAirFanSpeedLevel": 1443,
        "extractAirFanSpeedLevel": 1087,
        "SFP": 4,
        "supplyAirTemperature": 2976,
        "extractAirTemperature": 2081,
        "outdoorTemperature": -799,
        "reheatLevel": 2500,
        "coolingLevel": 0,
        "supplyAirFilterPressure": 0,
        "extractAirFilterPressure": 11,
        "operationMode": 15,
        "heatExchangerRegulator": 10000,
        "RhxEfficiency": 8402
    },
    {
        "timestamp": "2025-02-19T04:50:02.812055",
        "co2": 431,
        "supplyAirflow": 197,
        "extractAirflow": 203,
        "supplyAirDuctPressure": 16,
        "extractAirDuctPressure": 14,
        "supplyAirFanSpeedLevel": 1422,
        "extractAirFanSpeedLevel": 1085,
        "SFP": 4,
        "supplyAirTemperature": 2585,
        "extractAirTemperature": 2081,
        "outdoorTemperature": -800,
        "reheatLevel": 2500,
        "coolingLevel": 0,
        "supplyAirFilterPressure": 0,
        "extractAirFilterPressure": 11,
        "operationMode": 15,
        "heatExchangerRegulator": 10000,
        "RhxEfficiency": 8398
    },
    {
        "timestamp": "2025-02-19T05:00:02.605263",
        "co2": 429,
        "supplyAirflow": 202,
        "extractAirflow": 203,
        "supplyAirDuctPressure": 15,
        "extractAirDuctPressure": 13,
        "supplyAirFanSpeedLevel": 1396,
        "extractAirFanSpeedLevel": 1091,
        "SFP": 4,
        "supplyAirTemperature": 2454,
        "extractAirTemperature": 2081,
        "outdoorTemperature": -812,
        "reheatLevel": 2512,
        "coolingLevel": 0,
        "supplyAirFilterPressure": 0,
        "extractAirFilterPressure": 11,
        "operationMode": 15,
        "heatExchangerRegulator": 10000,
        "RhxEfficiency": 8400
    },
    {
        "timestamp": "2025-02-19T05:10:02.666911",
        "co2": 429,
        "supplyAirflow": 197,
        "extractAirflow": 198,
        "supplyAirDuctPressure": 16,
        "extractAirDuctPressure": 14,
        "supplyAirFanSpeedLevel": 1454,
        "extractAirFanSpeedLevel": 1085,
        "SFP": 4,
        "supplyAirTemperature": 3597,
        "extractAirTemperature": 2081,
        "outdoorTemperature": -837,
        "reheatLevel": 1764,
        "coolingLevel": 0,
        "supplyAirFilterPressure": 0,
        "extractAirFilterPressure": 11,
        "operationMode": 15,
        "heatExchangerRegulator": 10000,
        "RhxEfficiency": 8399
    },
    {
        "timestamp": "2025-02-19T05:20:02.522522",
        "co2": 432,
        "supplyAirflow": 197,
        "extractAirflow": 198,
        "supplyAirDuctPressure": 15,
        "extractAirDuctPressure": 14,
        "supplyAirFanSpeedLevel": 1433,
        "extractAirFanSpeedLevel": 1083,
        "SFP": 4,
        "supplyAirTemperature": 2851,
        "extractAirTemperature": 2081,
        "outdoorTemperature": -850,
        "reheatLevel": 2500,
        "coolingLevel": 0,
        "supplyAirFilterPressure": 0,
        "extractAirFilterPressure": 11,
        "operationMode": 15,
        "heatExchangerRegulator": 10000,
        "RhxEfficiency": 8403
    },
    {
        "timestamp": "2025-02-19T05:30:02.273661",
        "co2": 423,
        "supplyAirflow": 202,
        "extractAirflow": 204,
        "supplyAirDuctPressure": 16,
        "extractAirDuctPressure": 14,
        "supplyAirFanSpeedLevel": 1417,
        "extractAirFanSpeedLevel": 1085,
        "SFP": 4,
        "supplyAirTemperature": 2477,
        "extractAirTemperature": 2081,
        "outdoorTemperature": -856,
        "reheatLevel": 2512,
        "coolingLevel": 0,
        "supplyAirFilterPressure": 0,
        "extractAirFilterPressure": 11,
        "operationMode": 15,
        "heatExchangerRegulator": 10000,
        "RhxEfficiency": 8400
    },
    {
        "timestamp": "2025-02-19T05:40:03.038611",
        "co2": 432,
        "supplyAirflow": 202,
        "extractAirflow": 198,
        "supplyAirDuctPressure": 14,
        "extractAirDuctPressure": 14,
        "supplyAirFanSpeedLevel": 1390,
        "extractAirFanSpeedLevel": 1083,
        "SFP": 4,
        "supplyAirTemperature": 2646,
        "extractAirTemperature": 2081,
        "outdoorTemperature": -856,
        "reheatLevel": 2512,
        "coolingLevel": 0,
        "supplyAirFilterPressure": 0,
        "extractAirFilterPressure": 11,
        "operationMode": 15,
        "heatExchangerRegulator": 10000,
        "RhxEfficiency": 8397
    },
    {
        "timestamp": "2025-02-19T05:50:02.198384",
        "co2": 429,
        "supplyAirflow": 197,
        "extractAirflow": 204,
        "supplyAirDuctPressure": 17,
        "extractAirDuctPressure": 14,
        "supplyAirFanSpeedLevel": 1467,
        "extractAirFanSpeedLevel": 1086,
        "SFP": 4,
        "supplyAirTemperature": 3460,
        "extractAirTemperature": 2081,
        "outdoorTemperature": -875,
        "reheatLevel": 2500,
        "coolingLevel": 0,
        "supplyAirFilterPressure": 0,
        "extractAirFilterPressure": 11,
        "operationMode": 15,
        "heatExchangerRegulator": 10000,
        "RhxEfficiency": 8404
    },
    {
        "timestamp": "2025-02-19T06:00:03.004221",
        "co2": 428,
        "supplyAirflow": 202,
        "extractAirflow": 204,
        "supplyAirDuctPressure": 16,
        "extractAirDuctPressure": 13,
        "supplyAirFanSpeedLevel": 1418,
        "extractAirFanSpeedLevel": 1101,
        "SFP": 4,
        "supplyAirTemperature": 2737,
        "extractAirTemperature": 2073,
        "outdoorTemperature": -875,
        "reheatLevel": 2512,
        "coolingLevel": 0,
        "supplyAirFilterPressure": 0,
        "extractAirFilterPressure": 11,
        "operationMode": 15,
        "heatExchangerRegulator": 10000,
        "RhxEfficiency": 8399
    },
    {
        "timestamp": "2025-02-19T06:10:02.843286",
        "co2": 431,
        "supplyAirflow": 202,
        "extractAirflow": 204,
        "supplyAirDuctPressure": 14,
        "extractAirDuctPressure": 14,
        "supplyAirFanSpeedLevel": 1402,
        "extractAirFanSpeedLevel": 1091,
        "SFP": 4,
        "supplyAirTemperature": 2282,
        "extractAirTemperature": 2073,
        "outdoorTemperature": -895,
        "reheatLevel": 2512,
        "coolingLevel": 0,
        "supplyAirFilterPressure": 0,
        "extractAirFilterPressure": 11,
        "operationMode": 15,
        "heatExchangerRegulator": 10000,
        "RhxEfficiency": 8399
    },
    {
        "timestamp": "2025-02-19T06:20:02.621073",
        "co2": 431,
        "supplyAirflow": 202,
        "extractAirflow": 198,
        "supplyAirDuctPressure": 15,
        "extractAirDuctPressure": 14,
        "supplyAirFanSpeedLevel": 1403,
        "extractAirFanSpeedLevel": 1076,
        "SFP": 4,
        "supplyAirTemperature": 3490,
        "extractAirTemperature": 2068,
        "outdoorTemperature": -906,
        "reheatLevel": 548,
        "coolingLevel": 0,
        "supplyAirFilterPressure": 0,
        "extractAirFilterPressure": 11,
        "operationMode": 15,
        "heatExchangerRegulator": 10000,
        "RhxEfficiency": 8413
    },
    {
        "timestamp": "2025-02-19T06:30:02.459858",
        "co2": 428,
        "supplyAirflow": 202,
        "extractAirflow": 204,
        "supplyAirDuctPressure": 17,
        "extractAirDuctPressure": 14,
        "supplyAirFanSpeedLevel": 1447,
        "extractAirFanSpeedLevel": 1085,
        "SFP": 4,
        "supplyAirTemperature": 3044,
        "extractAirTemperature": 2068,
        "outdoorTemperature": -912,
        "reheatLevel": 2512,
        "coolingLevel": 0,
        "supplyAirFilterPressure": 0,
        "extractAirFilterPressure": 11,
        "operationMode": 15,
        "heatExchangerRegulator": 10000,
        "RhxEfficiency": 8401
    },
    {
        "timestamp": "2025-02-19T06:40:02.309240",
        "co2": 433,
        "supplyAirflow": 406,
        "extractAirflow": 385,
        "supplyAirDuctPressure": 45,
        "extractAirDuctPressure": 34,
        "supplyAirFanSpeedLevel": 3212,
        "extractAirFanSpeedLevel": 2419,
        "SFP": 5,
        "supplyAirTemperature": 2791,
        "extractAirTemperature": 2100,
        "outdoorTemperature": -962,
        "reheatLevel": 3806,
        "coolingLevel": 0,
        "supplyAirFilterPressure": 5,
        "extractAirFilterPressure": 19,
        "operationMode": 12,
        "heatExchangerRegulator": 10000,
        "RhxEfficiency": 8334
    },
    {
        "timestamp": "2025-02-19T06:50:02.817982",
        "co2": 426,
        "supplyAirflow": 398,
        "extractAirflow": 392,
        "supplyAirDuctPressure": 43,
        "extractAirDuctPressure": 35,
        "supplyAirFanSpeedLevel": 3178,
        "extractAirFanSpeedLevel": 2434,
        "SFP": 5,
        "supplyAirTemperature": 2519,
        "extractAirTemperature": 2162,
        "outdoorTemperature": -950,
        "reheatLevel": 3737,
        "coolingLevel": 0,
        "supplyAirFilterPressure": 5,
        "extractAirFilterPressure": 19,
        "operationMode": 12,
        "heatExchangerRegulator": 10000,
        "RhxEfficiency": 8302
    },
    {
        "timestamp": "2025-02-19T07:00:02.648720",
        "co2": 436,
        "supplyAirflow": 412,
        "extractAirflow": 389,
        "supplyAirDuctPressure": 39,
        "extractAirDuctPressure": 35,
        "supplyAirFanSpeedLevel": 3176,
        "extractAirFanSpeedLevel": 2424,
        "SFP": 5,
        "supplyAirTemperature": 2507,
        "extractAirTemperature": 2192,
        "outdoorTemperature": -981,
        "reheatLevel": 1701,
        "coolingLevel": 0,
        "supplyAirFilterPressure": 5,
        "extractAirFilterPressure": 19,
        "operationMode": 12,
        "heatExchangerRegulator": 10000,
        "RhxEfficiency": 8300
    },
    {
        "timestamp": "2025-02-19T07:10:02.514632",
        "co2": 437,
        "supplyAirflow": 401,
        "extractAirflow": 392,
        "supplyAirDuctPressure": 43,
        "extractAirDuctPressure": 35,
        "supplyAirFanSpeedLevel": 3174,
        "extractAirFanSpeedLevel": 2418,
        "SFP": 5,
        "supplyAirTemperature": 3121,
        "extractAirTemperature": 2194,
        "outdoorTemperature": -987,
        "reheatLevel": 0,
        "coolingLevel": 0,
        "supplyAirFilterPressure": 5,
        "extractAirFilterPressure": 19,
        "operationMode": 12,
        "heatExchangerRegulator": 10000,
        "RhxEfficiency": 8301
    },
    {
        "timestamp": "2025-02-19T07:20:02.472329",
        "co2": 434,
        "supplyAirflow": 406,
        "extractAirflow": 386,
        "supplyAirDuctPressure": 44,
        "extractAirDuctPressure": 34,
        "supplyAirFanSpeedLevel": 3237,
        "extractAirFanSpeedLevel": 2419,
        "SFP": 5,
        "supplyAirTemperature": 3627,
        "extractAirTemperature": 2199,
        "outdoorTemperature": -995,
        "reheatLevel": 2369,
        "coolingLevel": 0,
        "supplyAirFilterPressure": 5,
        "extractAirFilterPressure": 19,
        "operationMode": 12,
        "heatExchangerRegulator": 10000,
        "RhxEfficiency": 8305
    },
    {
        "timestamp": "2025-02-19T07:30:02.356394",
        "co2": 439,
        "supplyAirflow": 412,
        "extractAirflow": 392,
        "supplyAirDuctPressure": 42,
        "extractAirDuctPressure": 33,
        "supplyAirFanSpeedLevel": 3220,
        "extractAirFanSpeedLevel": 2419,
        "SFP": 5,
        "supplyAirTemperature": 3182,
        "extractAirTemperature": 2200,
        "outdoorTemperature": -974,
        "reheatLevel": 3825,
        "coolingLevel": 0,
        "supplyAirFilterPressure": 5,
        "extractAirFilterPressure": 19,
        "operationMode": 12,
        "heatExchangerRegulator": 10000,
        "RhxEfficiency": 8303
    },
    {
        "timestamp": "2025-02-19T07:40:02.908522",
        "co2": 437,
        "supplyAirflow": 403,
        "extractAirflow": 389,
        "supplyAirDuctPressure": 38,
        "extractAirDuctPressure": 34,
        "supplyAirFanSpeedLevel": 3184,
        "extractAirFanSpeedLevel": 2415,
        "SFP": 5,
        "supplyAirTemperature": 2227,
        "extractAirTemperature": 2198,
        "outdoorTemperature": -1006,
        "reheatLevel": 3768,
        "coolingLevel": 0,
        "supplyAirFilterPressure": 5,
        "extractAirFilterPressure": 19,
        "operationMode": 12,
        "heatExchangerRegulator": 10000,
        "RhxEfficiency": 8311
    },
    {
        "timestamp": "2025-02-19T07:50:02.498446",
        "co2": 440,
        "supplyAirflow": 406,
        "extractAirflow": 389,
        "supplyAirDuctPressure": 39,
        "extractAirDuctPressure": 34,
        "supplyAirFanSpeedLevel": 3202,
        "extractAirFanSpeedLevel": 2411,
        "SFP": 5,
        "supplyAirTemperature": 3694,
        "extractAirTemperature": 2181,
        "outdoorTemperature": -1006,
        "reheatLevel": 0,
        "coolingLevel": 0,
        "supplyAirFilterPressure": 5,
        "extractAirFilterPressure": 19,
        "operationMode": 12,
        "heatExchangerRegulator": 10000,
        "RhxEfficiency": 8301
    },
    {
        "timestamp": "2025-02-19T08:00:02.463694",
        "co2": 445,
        "supplyAirflow": 403,
        "extractAirflow": 389,
        "supplyAirDuctPressure": 42,
        "extractAirDuctPressure": 34,
        "supplyAirFanSpeedLevel": 3212,
        "extractAirFanSpeedLevel": 2416,
        "SFP": 5,
        "supplyAirTemperature": 3222,
        "extractAirTemperature": 2200,
        "outdoorTemperature": -1006,
        "reheatLevel": 3768,
        "coolingLevel": 0,
        "supplyAirFilterPressure": 5,
        "extractAirFilterPressure": 19,
        "operationMode": 12,
        "heatExchangerRegulator": 10000,
        "RhxEfficiency": 8308
    },
    {
        "timestamp": "2025-02-19T08:10:02.406267",
        "co2": 448,
        "supplyAirflow": 395,
        "extractAirflow": 393,
        "supplyAirDuctPressure": 44,
        "extractAirDuctPressure": 32,
        "supplyAirFanSpeedLevel": 3191,
        "extractAirFanSpeedLevel": 2406,
        "SFP": 5,
        "supplyAirTemperature": 2280,
        "extractAirTemperature": 2224,
        "outdoorTemperature": -1006,
        "reheatLevel": 3718,
        "coolingLevel": 0,
        "supplyAirFilterPressure": 5,
        "extractAirFilterPressure": 19,
        "operationMode": 12,
        "heatExchangerRegulator": 10000,
        "RhxEfficiency": 8310
    },
    {
        "timestamp": "2025-02-19T08:20:02.063835",
        "co2": 443,
        "supplyAirflow": 406,
        "extractAirflow": 392,
        "supplyAirDuctPressure": 43,
        "extractAirDuctPressure": 34,
        "supplyAirFanSpeedLevel": 3225,
        "extractAirFanSpeedLevel": 2424,
        "SFP": 5,
        "supplyAirTemperature": 3783,
        "extractAirTemperature": 2206,
        "outdoorTemperature": -987,
        "reheatLevel": 0,
        "coolingLevel": 0,
        "supplyAirFilterPressure": 5,
        "extractAirFilterPressure": 19,
        "operationMode": 12,
        "heatExchangerRegulator": 10000,
        "RhxEfficiency": 8315
    },
    {
        "timestamp": "2025-02-19T08:30:02.633102",
        "co2": 452,
        "supplyAirflow": 406,
        "extractAirflow": 389,
        "supplyAirDuctPressure": 43,
        "extractAirDuctPressure": 34,
        "supplyAirFanSpeedLevel": 3218,
        "extractAirFanSpeedLevel": 2411,
        "SFP": 5,
        "supplyAirTemperature": 2812,
        "extractAirTemperature": 2212,
        "outdoorTemperature": -971,
        "reheatLevel": 3787,
        "coolingLevel": 0,
        "supplyAirFilterPressure": 5,
        "extractAirFilterPressure": 19,
        "operationMode": 12,
        "heatExchangerRegulator": 10000,
        "RhxEfficiency": 8306
    },
    {
        "timestamp": "2025-02-19T08:40:02.789023",
        "co2": 447,
        "supplyAirflow": 403,
        "extractAirflow": 389,
        "supplyAirDuctPressure": 37,
        "extractAirDuctPressure": 35,
        "supplyAirFanSpeedLevel": 3192,
        "extractAirFanSpeedLevel": 2422,
        "SFP": 5,
        "supplyAirTemperature": 2599,
        "extractAirTemperature": 2225,
        "outdoorTemperature": -937,
        "reheatLevel": 225,
        "coolingLevel": 0,
        "supplyAirFilterPressure": 5,
        "extractAirFilterPressure": 19,
        "operationMode": 12,
        "heatExchangerRegulator": 10000,
        "RhxEfficiency": 8300
    },
    {
        "timestamp": "2025-02-19T08:50:02.760434",
        "co2": 439,
        "supplyAirflow": 406,
        "extractAirflow": 389,
        "supplyAirDuctPressure": 43,
        "extractAirDuctPressure": 34,
        "supplyAirFanSpeedLevel": 3223,
        "extractAirFanSpeedLevel": 2427,
        "SFP": 5,
        "supplyAirTemperature": 3207,
        "extractAirTemperature": 2206,
        "outdoorTemperature": -893,
        "reheatLevel": 3806,
        "coolingLevel": 0,
        "supplyAirFilterPressure": 5,
        "extractAirFilterPressure": 19,
        "operationMode": 12,
        "heatExchangerRegulator": 10000,
        "RhxEfficiency": 8303
    },
    {
        "timestamp": "2025-02-19T09:00:02.762119",
        "co2": 438,
        "supplyAirflow": 403,
        "extractAirflow": 386,
        "supplyAirDuctPressure": 34,
        "extractAirDuctPressure": 35,
        "supplyAirFanSpeedLevel": 3170,
        "extractAirFanSpeedLevel": 2422,
        "SFP": 5,
        "supplyAirTemperature": 1873,
        "extractAirTemperature": 2237,
        "outdoorTemperature": -818,
        "reheatLevel": 3053,
        "coolingLevel": 0,
        "supplyAirFilterPressure": 5,
        "extractAirFilterPressure": 19,
        "operationMode": 12,
        "heatExchangerRegulator": 10000,
        "RhxEfficiency": 8300
    },
    {
        "timestamp": "2025-02-19T09:10:02.458965",
        "co2": 440,
        "supplyAirflow": 401,
        "extractAirflow": 388,
        "supplyAirDuctPressure": 42,
        "extractAirDuctPressure": 34,
        "supplyAirFanSpeedLevel": 3224,
        "extractAirFanSpeedLevel": 2428,
        "SFP": 5,
        "supplyAirTemperature": 3553,
        "extractAirTemperature": 2212,
        "outdoorTemperature": -743,
        "reheatLevel": 3756,
        "coolingLevel": 0,
        "supplyAirFilterPressure": 5,
        "extractAirFilterPressure": 19,
        "operationMode": 12,
        "heatExchangerRegulator": 10000,
        "RhxEfficiency": 8300
    },
    {
        "timestamp": "2025-02-19T09:20:02.365636",
        "co2": 439,
        "supplyAirflow": 401,
        "extractAirflow": 388,
        "supplyAirDuctPressure": 39,
        "extractAirDuctPressure": 34,
        "supplyAirFanSpeedLevel": 3189,
        "extractAirFanSpeedLevel": 2428,
        "SFP": 5,
        "supplyAirTemperature": 2237,
        "extractAirTemperature": 2243,
        "outdoorTemperature": -712,
        "reheatLevel": 3756,
        "coolingLevel": 0,
        "supplyAirFilterPressure": 5,
        "extractAirFilterPressure": 19,
        "operationMode": 12,
        "heatExchangerRegulator": 10000,
        "RhxEfficiency": 8300
    },
    {
        "timestamp": "2025-02-19T09:30:02.000576",
        "co2": 443,
        "supplyAirflow": 403,
        "extractAirflow": 388,
        "supplyAirDuctPressure": 39,
        "extractAirDuctPressure": 34,
        "supplyAirFanSpeedLevel": 3203,
        "extractAirFanSpeedLevel": 2433,
        "SFP": 5,
        "supplyAirTemperature": 3022,
        "extractAirTemperature": 2256,
        "outdoorTemperature": -637,
        "reheatLevel": 0,
        "coolingLevel": 0,
        "supplyAirFilterPressure": 5,
        "extractAirFilterPressure": 19,
        "operationMode": 12,
        "heatExchangerRegulator": 10000,
        "RhxEfficiency": 8300
    },
    {
        "timestamp": "2025-02-19T09:40:02.961661",
        "co2": 467,
        "supplyAirflow": 403,
        "extractAirflow": 391,
        "supplyAirDuctPressure": 40,
        "extractAirDuctPressure": 35,
        "supplyAirFanSpeedLevel": 3216,
        "extractAirFanSpeedLevel": 2441,
        "SFP": 5,
        "supplyAirTemperature": 2689,
        "extractAirTemperature": 2237,
        "outdoorTemperature": -587,
        "reheatLevel": 3768,
        "coolingLevel": 0,
        "supplyAirFilterPressure": 5,
        "extractAirFilterPressure": 19,
        "operationMode": 12,
        "heatExchangerRegulator": 10000,
        "RhxEfficiency": 8301
    },
    {
        "timestamp": "2025-02-19T09:50:02.963209",
        "co2": 479,
        "supplyAirflow": 401,
        "extractAirflow": 388,
        "supplyAirDuctPressure": 42,
        "extractAirDuctPressure": 34,
        "supplyAirFanSpeedLevel": 3238,
        "extractAirFanSpeedLevel": 2450,
        "SFP": 5,
        "supplyAirTemperature": 3716,
        "extractAirTemperature": 2275,
        "outdoorTemperature": -537,
        "reheatLevel": 0,
        "coolingLevel": 0,
        "supplyAirFilterPressure": 5,
        "extractAirFilterPressure": 19,
        "operationMode": 12,
        "heatExchangerRegulator": 10000,
        "RhxEfficiency": 8300
    },
    {
        "timestamp": "2025-02-19T10:00:02.646657",
        "co2": 475,
        "supplyAirflow": 401,
        "extractAirflow": 388,
        "supplyAirDuctPressure": 39,
        "extractAirDuctPressure": 34,
        "supplyAirFanSpeedLevel": 3215,
        "extractAirFanSpeedLevel": 2441,
        "SFP": 5,
        "supplyAirTemperature": 2245,
        "extractAirTemperature": 2275,
        "outdoorTemperature": -493,
        "reheatLevel": 3756,
        "coolingLevel": 0,
        "supplyAirFilterPressure": 5,
        "extractAirFilterPressure": 19,
        "operationMode": 12,
        "heatExchangerRegulator": 10000,
        "RhxEfficiency": 8300
    },
    {
        "timestamp": "2025-02-19T10:10:02.349823",
        "co2": 457,
        "supplyAirflow": 398,
        "extractAirflow": 387,
        "supplyAirDuctPressure": 45,
        "extractAirDuctPressure": 34,
        "supplyAirFanSpeedLevel": 3229,
        "extractAirFanSpeedLevel": 2461,
        "SFP": 5,
        "supplyAirTemperature": 3536,
        "extractAirTemperature": 2262,
        "outdoorTemperature": -448,
        "reheatLevel": 3756,
        "coolingLevel": 0,
        "supplyAirFilterPressure": 5,
        "extractAirFilterPressure": 19,
        "operationMode": 12,
        "heatExchangerRegulator": 10000,
        "RhxEfficiency": 8301
    },
    {
        "timestamp": "2025-02-19T10:20:02.598865",
        "co2": 461,
        "supplyAirflow": 406,
        "extractAirflow": 388,
        "supplyAirDuctPressure": 38,
        "extractAirDuctPressure": 34,
        "supplyAirFanSpeedLevel": 3160,
        "extractAirFanSpeedLevel": 2449,
        "SFP": 5,
        "supplyAirTemperature": 1264,
        "extractAirTemperature": 2306,
        "outdoorTemperature": -412,
        "reheatLevel": 3787,
        "coolingLevel": 0,
        "supplyAirFilterPressure": 5,
        "extractAirFilterPressure": 19,
        "operationMode": 12,
        "heatExchangerRegulator": 10000,
        "RhxEfficiency": 8300
    },
    {
        "timestamp": "2025-02-19T10:30:02.281202",
        "co2": 454,
        "supplyAirflow": 406,
        "extractAirflow": 390,
        "supplyAirDuctPressure": 40,
        "extractAirDuctPressure": 34,
        "supplyAirFanSpeedLevel": 3219,
        "extractAirFanSpeedLevel": 2463,
        "SFP": 5,
        "supplyAirTemperature": 3400,
        "extractAirTemperature": 2262,
        "outdoorTemperature": -431,
        "reheatLevel": 3787,
        "coolingLevel": 0,
        "supplyAirFilterPressure": 5,
        "extractAirFilterPressure": 19,
        "operationMode": 12,
        "heatExchangerRegulator": 10000,
        "RhxEfficiency": 8303
    },
    {
        "timestamp": "2025-02-19T10:40:02.063799",
        "co2": 454,
        "supplyAirflow": 412,
        "extractAirflow": 388,
        "supplyAirDuctPressure": 36,
        "extractAirDuctPressure": 34,
        "supplyAirFanSpeedLevel": 3149,
        "extractAirFanSpeedLevel": 2461,
        "SFP": 5,
        "supplyAirTemperature": 1539,
        "extractAirTemperature": 2325,
        "outdoorTemperature": -398,
        "reheatLevel": 0,
        "coolingLevel": 0,
        "supplyAirFilterPressure": 5,
        "extractAirFilterPressure": 19,
        "operationMode": 12,
        "heatExchangerRegulator": 10000,
        "RhxEfficiency": 8301
    },
    {
        "timestamp": "2025-02-19T10:50:02.748252",
        "co2": 460,
        "supplyAirflow": 406,
        "extractAirflow": 390,
        "supplyAirDuctPressure": 42,
        "extractAirDuctPressure": 35,
        "supplyAirFanSpeedLevel": 3228,
        "extractAirFanSpeedLevel": 2452,
        "SFP": 5,
        "supplyAirTemperature": 3212,
        "extractAirTemperature": 2273,
        "outdoorTemperature": -375,
        "reheatLevel": 3787,
        "coolingLevel": 0,
        "supplyAirFilterPressure": 5,
        "extractAirFilterPressure": 19,
        "operationMode": 12,
        "heatExchangerRegulator": 10000,
        "RhxEfficiency": 8306
    },
    {
        "timestamp": "2025-02-19T11:00:02.592377",
        "co2": 456,
        "supplyAirflow": 398,
        "extractAirflow": 391,
        "supplyAirDuctPressure": 38,
        "extractAirDuctPressure": 35,
        "supplyAirFanSpeedLevel": 3169,
        "extractAirFanSpeedLevel": 2456,
        "SFP": 5,
        "supplyAirTemperature": 2386,
        "extractAirTemperature": 2337,
        "outdoorTemperature": -373,
        "reheatLevel": 0,
        "coolingLevel": 0,
        "supplyAirFilterPressure": 5,
        "extractAirFilterPressure": 19,
        "operationMode": 12,
        "heatExchangerRegulator": 10000,
        "RhxEfficiency": 8303
    },
    {
        "timestamp": "2025-02-19T11:10:02.576898",
        "co2": 462,
        "supplyAirflow": 403,
        "extractAirflow": 390,
        "supplyAirDuctPressure": 41,
        "extractAirDuctPressure": 34,
        "supplyAirFanSpeedLevel": 3224,
        "extractAirFanSpeedLevel": 2466,
        "SFP": 5,
        "supplyAirTemperature": 3107,
        "extractAirTemperature": 2298,
        "outdoorTemperature": -324,
        "reheatLevel": 3768,
        "coolingLevel": 0,
        "supplyAirFilterPressure": 5,
        "extractAirFilterPressure": 19,
        "operationMode": 12,
        "heatExchangerRegulator": 10000,
        "RhxEfficiency": 8300
    },
    {
        "timestamp": "2025-02-19T11:20:02.463593",
        "co2": 451,
        "supplyAirflow": 406,
        "extractAirflow": 391,
        "supplyAirDuctPressure": 40,
        "extractAirDuctPressure": 35,
        "supplyAirFanSpeedLevel": 3194,
        "extractAirFanSpeedLevel": 2468,
        "SFP": 5,
        "supplyAirTemperature": 2463,
        "extractAirTemperature": 2356,
        "outdoorTemperature": -293,
        "reheatLevel": 0,
        "coolingLevel": 0,
        "supplyAirFilterPressure": 6,
        "extractAirFilterPressure": 19,
        "operationMode": 12,
        "heatExchangerRegulator": 10000,
        "RhxEfficiency": 8300
    },
    {
        "timestamp": "2025-02-19T11:30:02.121296",
        "co2": 456,
        "supplyAirflow": 401,
        "extractAirflow": 390,
        "supplyAirDuctPressure": 44,
        "extractAirDuctPressure": 34,
        "supplyAirFanSpeedLevel": 3217,
        "extractAirFanSpeedLevel": 2467,
        "SFP": 5,
        "supplyAirTemperature": 3091,
        "extractAirTemperature": 2323,
        "outdoorTemperature": -249,
        "reheatLevel": 3787,
        "coolingLevel": 0,
        "supplyAirFilterPressure": 6,
        "extractAirFilterPressure": 19,
        "operationMode": 12,
        "heatExchangerRegulator": 10000,
        "RhxEfficiency": 8300
    },
    {
        "timestamp": "2025-02-19T11:40:03.020074",
        "co2": 461,
        "supplyAirflow": 401,
        "extractAirflow": 390,
        "supplyAirDuctPressure": 39,
        "extractAirDuctPressure": 36,
        "supplyAirFanSpeedLevel": 3162,
        "extractAirFanSpeedLevel": 2471,
        "SFP": 5,
        "supplyAirTemperature": 2329,
        "extractAirTemperature": 2375,
        "outdoorTemperature": -168,
        "reheatLevel": 0,
        "coolingLevel": 0,
        "supplyAirFilterPressure": 6,
        "extractAirFilterPressure": 19,
        "operationMode": 12,
        "heatExchangerRegulator": 10000,
        "RhxEfficiency": 8301
    },
    {
        "timestamp": "2025-02-19T11:50:02.833256",
        "co2": 481,
        "supplyAirflow": 403,
        "extractAirflow": 390,
        "supplyAirDuctPressure": 40,
        "extractAirDuctPressure": 35,
        "supplyAirFanSpeedLevel": 3223,
        "extractAirFanSpeedLevel": 2467,
        "SFP": 5,
        "supplyAirTemperature": 3172,
        "extractAirTemperature": 2348,
        "outdoorTemperature": -193,
        "reheatLevel": 3768,
        "coolingLevel": 0,
        "supplyAirFilterPressure": 6,
        "extractAirFilterPressure": 19,
        "operationMode": 12,
        "heatExchangerRegulator": 10000,
        "RhxEfficiency": 8300
    },
    {
        "timestamp": "2025-02-19T12:00:02.611633",
        "co2": 485,
        "supplyAirflow": 401,
        "extractAirflow": 390,
        "supplyAirDuctPressure": 38,
        "extractAirDuctPressure": 35,
        "supplyAirFanSpeedLevel": 3159,
        "extractAirFanSpeedLevel": 2469,
        "SFP": 5,
        "supplyAirTemperature": 1830,
        "extractAirTemperature": 2400,
        "outdoorTemperature": -156,
        "reheatLevel": 0,
        "coolingLevel": 0,
        "supplyAirFilterPressure": 6,
        "extractAirFilterPressure": 19,
        "operationMode": 12,
        "heatExchangerRegulator": 10000,
        "RhxEfficiency": 8302
    },
    {
        "timestamp": "2025-02-19T12:10:02.444564",
        "co2": 490,
        "supplyAirflow": 403,
        "extractAirflow": 387,
        "supplyAirDuctPressure": 40,
        "extractAirDuctPressure": 34,
        "supplyAirFanSpeedLevel": 3250,
        "extractAirFanSpeedLevel": 2462,
        "SFP": 5,
        "supplyAirTemperature": 3301,
        "extractAirTemperature": 2368,
        "outdoorTemperature": -137,
        "reheatLevel": 3768,
        "coolingLevel": 0,
        "supplyAirFilterPressure": 6,
        "extractAirFilterPressure": 19,
        "operationMode": 12,
        "heatExchangerRegulator": 10000,
        "RhxEfficiency": 8301
    },
    {
        "timestamp": "2025-02-19T12:20:02.422515",
        "co2": 510,
        "supplyAirflow": 403,
        "extractAirflow": 390,
        "supplyAirDuctPressure": 36,
        "extractAirDuctPressure": 35,
        "supplyAirFanSpeedLevel": 3157,
        "extractAirFanSpeedLevel": 2466,
        "SFP": 5,
        "supplyAirTemperature": 1533,
        "extractAirTemperature": 2425,
        "outdoorTemperature": -87,
        "reheatLevel": 0,
        "coolingLevel": 0,
        "supplyAirFilterPressure": 6,
        "extractAirFilterPressure": 19,
        "operationMode": 12,
        "heatExchangerRegulator": 10000,
        "RhxEfficiency": 8300
    },
    {
        "timestamp": "2025-02-19T12:30:02.206158",
        "co2": 555,
        "supplyAirflow": 401,
        "extractAirflow": 387,
        "supplyAirDuctPressure": 44,
        "extractAirDuctPressure": 33,
        "supplyAirFanSpeedLevel": 3249,
        "extractAirFanSpeedLevel": 2465,
        "SFP": 5,
        "supplyAirTemperature": 3413,
        "extractAirTemperature": 2393,
        "outdoorTemperature": -73,
        "reheatLevel": 3474,
        "coolingLevel": 0,
        "supplyAirFilterPressure": 6,
        "extractAirFilterPressure": 19,
        "operationMode": 12,
        "heatExchangerRegulator": 10000,
        "RhxEfficiency": 8303
    },
    {
        "timestamp": "2025-02-19T12:40:03.051652",
        "co2": 569,
        "supplyAirflow": 401,
        "extractAirflow": 391,
        "supplyAirDuctPressure": 41,
        "extractAirDuctPressure": 35,
        "supplyAirFanSpeedLevel": 3212,
        "extractAirFanSpeedLevel": 2468,
        "SFP": 5,
        "supplyAirTemperature": 3201,
        "extractAirTemperature": 2470,
        "outdoorTemperature": -106,
        "reheatLevel": 0,
        "coolingLevel": 0,
        "supplyAirFilterPressure": 6,
        "extractAirFilterPressure": 19,
        "operationMode": 12,
        "heatExchangerRegulator": 10000,
        "RhxEfficiency": 8302
    },
    {
        "timestamp": "2025-02-19T12:50:02.828292",
        "co2": 586,
        "supplyAirflow": 403,
        "extractAirflow": 387,
        "supplyAirDuctPressure": 43,
        "extractAirDuctPressure": 34,
        "supplyAirFanSpeedLevel": 3219,
        "extractAirFanSpeedLevel": 2466,
        "SFP": 5,
        "supplyAirTemperature": 2577,
        "extractAirTemperature": 2431,
        "outdoorTemperature": -45,
        "reheatLevel": 3768,
        "coolingLevel": 0,
        "supplyAirFilterPressure": 6,
        "extractAirFilterPressure": 19,
        "operationMode": 12,
        "heatExchangerRegulator": 10000,
        "RhxEfficiency": 8300
    },
    {
        "timestamp": "2025-02-19T13:00:02.766766",
        "co2": 560,
        "supplyAirflow": 401,
        "extractAirflow": 388,
        "supplyAirDuctPressure": 41,
        "extractAirDuctPressure": 35,
        "supplyAirFanSpeedLevel": 3205,
        "extractAirFanSpeedLevel": 2465,
        "SFP": 5,
        "supplyAirTemperature": 2584,
        "extractAirTemperature": 2450,
        "outdoorTemperature": -67,
        "reheatLevel": 0,
        "coolingLevel": 0,
        "supplyAirFilterPressure": 6,
        "extractAirFilterPressure": 19,
        "operationMode": 12,
        "heatExchangerRegulator": 10000,
        "RhxEfficiency": 8304
    },
    {
        "timestamp": "2025-02-19T13:10:02.618994",
        "co2": 534,
        "supplyAirflow": 403,
        "extractAirflow": 390,
        "supplyAirDuctPressure": 41,
        "extractAirDuctPressure": 35,
        "supplyAirFanSpeedLevel": 3219,
        "extractAirFanSpeedLevel": 2474,
        "SFP": 5,
        "supplyAirTemperature": 2747,
        "extractAirTemperature": 2406,
        "outdoorTemperature": 25,
        "reheatLevel": 3768,
        "coolingLevel": 0,
        "supplyAirFilterPressure": 6,
        "extractAirFilterPressure": 19,
        "operationMode": 12,
        "heatExchangerRegulator": 10000,
        "RhxEfficiency": 8304
    },
    {
        "timestamp": "2025-02-19T13:20:02.474338",
        "co2": 510,
        "supplyAirflow": 401,
        "extractAirflow": 390,
        "supplyAirDuctPressure": 41,
        "extractAirDuctPressure": 35,
        "supplyAirFanSpeedLevel": 3215,
        "extractAirFanSpeedLevel": 2465,
        "SFP": 5,
        "supplyAirTemperature": 2723,
        "extractAirTemperature": 2450,
        "outdoorTemperature": 6,
        "reheatLevel": 0,
        "coolingLevel": 0,
        "supplyAirFilterPressure": 6,
        "extractAirFilterPressure": 19,
        "operationMode": 12,
        "heatExchangerRegulator": 10000,
        "RhxEfficiency": 8305
    },
    {
        "timestamp": "2025-02-19T13:30:02.468808",
        "co2": 493,
        "supplyAirflow": 406,
        "extractAirflow": 390,
        "supplyAirDuctPressure": 43,
        "extractAirDuctPressure": 34,
        "supplyAirFanSpeedLevel": 3215,
        "extractAirFanSpeedLevel": 2471,
        "SFP": 5,
        "supplyAirTemperature": 2810,
        "extractAirTemperature": 2418,
        "outdoorTemperature": -24,
        "reheatLevel": 3787,
        "coolingLevel": 0,
        "supplyAirFilterPressure": 6,
        "extractAirFilterPressure": 19,
        "operationMode": 12,
        "heatExchangerRegulator": 10000,
        "RhxEfficiency": 8300
    },
    {
        "timestamp": "2025-02-19T13:40:02.292107",
        "co2": 482,
        "supplyAirflow": 401,
        "extractAirflow": 390,
        "supplyAirDuctPressure": 40,
        "extractAirDuctPressure": 34,
        "supplyAirFanSpeedLevel": 3213,
        "extractAirFanSpeedLevel": 2473,
        "SFP": 5,
        "supplyAirTemperature": 2764,
        "extractAirTemperature": 2450,
        "outdoorTemperature": 7,
        "reheatLevel": 0,
        "coolingLevel": 0,
        "supplyAirFilterPressure": 6,
        "extractAirFilterPressure": 19,
        "operationMode": 12,
        "heatExchangerRegulator": 10000,
        "RhxEfficiency": 8300
    },
    {
        "timestamp": "2025-02-19T13:50:02.277008",
        "co2": 472,
        "supplyAirflow": 401,
        "extractAirflow": 390,
        "supplyAirDuctPressure": 41,
        "extractAirDuctPressure": 33,
        "supplyAirFanSpeedLevel": 3232,
        "extractAirFanSpeedLevel": 2472,
        "SFP": 5,
        "supplyAirTemperature": 2885,
        "extractAirTemperature": 2431,
        "outdoorTemperature": 0,
        "reheatLevel": 3756,
        "coolingLevel": 0,
        "supplyAirFilterPressure": 6,
        "extractAirFilterPressure": 19,
        "operationMode": 12,
        "heatExchangerRegulator": 10000,
        "RhxEfficiency": 8302
    },
    {
        "timestamp": "2025-02-19T14:00:02.106707",
        "co2": 469,
        "supplyAirflow": 401,
        "extractAirflow": 390,
        "supplyAirDuctPressure": 38,
        "extractAirDuctPressure": 35,
        "supplyAirFanSpeedLevel": 3209,
        "extractAirFanSpeedLevel": 2468,
        "SFP": 5,
        "supplyAirTemperature": 2568,
        "extractAirTemperature": 2481,
        "outdoorTemperature": 49,
        "reheatLevel": 0,
        "coolingLevel": 0,
        "supplyAirFilterPressure": 6,
        "extractAirFilterPressure": 19,
        "operationMode": 12,
        "heatExchangerRegulator": 10000,
        "RhxEfficiency": 8301
    },
    {
        "timestamp": "2025-02-19T14:10:02.884424",
        "co2": 463,
        "supplyAirflow": 401,
        "extractAirflow": 390,
        "supplyAirDuctPressure": 42,
        "extractAirDuctPressure": 35,
        "supplyAirFanSpeedLevel": 3225,
        "extractAirFanSpeedLevel": 2473,
        "SFP": 5,
        "supplyAirTemperature": 3017,
        "extractAirTemperature": 2456,
        "outdoorTemperature": 106,
        "reheatLevel": 3756,
        "coolingLevel": 0,
        "supplyAirFilterPressure": 6,
        "extractAirFilterPressure": 19,
        "operationMode": 12,
        "heatExchangerRegulator": 10000,
        "RhxEfficiency": 8302
    },
    {
        "timestamp": "2025-02-19T14:20:02.822971",
        "co2": 455,
        "supplyAirflow": 401,
        "extractAirflow": 388,
        "supplyAirDuctPressure": 37,
        "extractAirDuctPressure": 34,
        "supplyAirFanSpeedLevel": 3213,
        "extractAirFanSpeedLevel": 2465,
        "SFP": 5,
        "supplyAirTemperature": 2719,
        "extractAirTemperature": 2520,
        "outdoorTemperature": 100,
        "reheatLevel": 0,
        "coolingLevel": 0,
        "supplyAirFilterPressure": 6,
        "extractAirFilterPressure": 19,
        "operationMode": 12,
        "heatExchangerRegulator": 10000,
        "RhxEfficiency": 8300
    },
    {
        "timestamp": "2025-02-19T14:30:02.914999",
        "co2": 460,
        "supplyAirflow": 401,
        "extractAirflow": 387,
        "supplyAirDuctPressure": 39,
        "extractAirDuctPressure": 33,
        "supplyAirFanSpeedLevel": 3230,
        "extractAirFanSpeedLevel": 2474,
        "SFP": 5,
        "supplyAirTemperature": 2790,
        "extractAirTemperature": 2481,
        "outdoorTemperature": 150,
        "reheatLevel": 3756,
        "coolingLevel": 0,
        "supplyAirFilterPressure": 6,
        "extractAirFilterPressure": 19,
        "operationMode": 12,
        "heatExchangerRegulator": 10000,
        "RhxEfficiency": 8300
    },
    {
        "timestamp": "2025-02-19T14:40:02.732512",
        "co2": 458,
        "supplyAirflow": 406,
        "extractAirflow": 390,
        "supplyAirDuctPressure": 39,
        "extractAirDuctPressure": 34,
        "supplyAirFanSpeedLevel": 3161,
        "extractAirFanSpeedLevel": 2486,
        "SFP": 5,
        "supplyAirTemperature": 1704,
        "extractAirTemperature": 2500,
        "outdoorTemperature": 156,
        "reheatLevel": 0,
        "coolingLevel": 0,
        "supplyAirFilterPressure": 6,
        "extractAirFilterPressure": 19,
        "operationMode": 12,
        "heatExchangerRegulator": 10000,
        "RhxEfficiency": 8299
    },
    {
        "timestamp": "2025-02-19T14:50:02.547912",
        "co2": 476,
        "supplyAirflow": 403,
        "extractAirflow": 387,
        "supplyAirDuctPressure": 39,
        "extractAirDuctPressure": 35,
        "supplyAirFanSpeedLevel": 3223,
        "extractAirFanSpeedLevel": 2481,
        "SFP": 5,
        "supplyAirTemperature": 3155,
        "extractAirTemperature": 2462,
        "outdoorTemperature": 170,
        "reheatLevel": 3768,
        "coolingLevel": 0,
        "supplyAirFilterPressure": 6,
        "extractAirFilterPressure": 19,
        "operationMode": 12,
        "heatExchangerRegulator": 10000,
        "RhxEfficiency": 8301
    },
    {
        "timestamp": "2025-02-19T15:00:02.340715",
        "co2": 469,
        "supplyAirflow": 409,
        "extractAirflow": 390,
        "supplyAirDuctPressure": 34,
        "extractAirDuctPressure": 35,
        "supplyAirFanSpeedLevel": 3168,
        "extractAirFanSpeedLevel": 2471,
        "SFP": 5,
        "supplyAirTemperature": 2061,
        "extractAirTemperature": 2520,
        "outdoorTemperature": 174,
        "reheatLevel": 0,
        "coolingLevel": 0,
        "supplyAirFilterPressure": 6,
        "extractAirFilterPressure": 19,
        "operationMode": 12,
        "heatExchangerRegulator": 10000,
        "RhxEfficiency": 8300
    },
    {
        "timestamp": "2025-02-19T15:10:02.411268",
        "co2": 482,
        "supplyAirflow": 403,
        "extractAirflow": 387,
        "supplyAirDuctPressure": 41,
        "extractAirDuctPressure": 35,
        "supplyAirFanSpeedLevel": 3242,
        "extractAirFanSpeedLevel": 2479,
        "SFP": 5,
        "supplyAirTemperature": 3114,
        "extractAirTemperature": 2456,
        "outdoorTemperature": 101,
        "reheatLevel": 3768,
        "coolingLevel": 0,
        "supplyAirFilterPressure": 6,
        "extractAirFilterPressure": 19,
        "operationMode": 12,
        "heatExchangerRegulator": 10000,
        "RhxEfficiency": 8319
    },
    {
        "timestamp": "2025-02-19T15:20:02.626701",
        "co2": 485,
        "supplyAirflow": 401,
        "extractAirflow": 390,
        "supplyAirDuctPressure": 37,
        "extractAirDuctPressure": 35,
        "supplyAirFanSpeedLevel": 3176,
        "extractAirFanSpeedLevel": 2473,
        "SFP": 5,
        "supplyAirTemperature": 1723,
        "extractAirTemperature": 2481,
        "outdoorTemperature": 87,
        "reheatLevel": 0,
        "coolingLevel": 0,
        "supplyAirFilterPressure": 6,
        "extractAirFilterPressure": 19,
        "operationMode": 12,
        "heatExchangerRegulator": 10000,
        "RhxEfficiency": 8300
    },
    {
        "timestamp": "2025-02-19T15:30:02.380569",
        "co2": 477,
        "supplyAirflow": 406,
        "extractAirflow": 386,
        "supplyAirDuctPressure": 39,
        "extractAirDuctPressure": 35,
        "supplyAirFanSpeedLevel": 3224,
        "extractAirFanSpeedLevel": 2478,
        "SFP": 5,
        "supplyAirTemperature": 3090,
        "extractAirTemperature": 2437,
        "outdoorTemperature": 162,
        "reheatLevel": 3787,
        "coolingLevel": 0,
        "supplyAirFilterPressure": 6,
        "extractAirFilterPressure": 19,
        "operationMode": 12,
        "heatExchangerRegulator": 10000,
        "RhxEfficiency": 8300
    },
    {
        "timestamp": "2025-02-19T15:40:02.155003",
        "co2": 465,
        "supplyAirflow": 202,
        "extractAirflow": 199,
        "supplyAirDuctPressure": 16,
        "extractAirDuctPressure": 13,
        "supplyAirFanSpeedLevel": 1433,
        "extractAirFanSpeedLevel": 1088,
        "SFP": 4,
        "supplyAirTemperature": 2865,
        "extractAirTemperature": 2487,
        "outdoorTemperature": 162,
        "reheatLevel": 0,
        "coolingLevel": 0,
        "supplyAirFilterPressure": 0,
        "extractAirFilterPressure": 11,
        "operationMode": 15,
        "heatExchangerRegulator": 10000,
        "RhxEfficiency": 8417
    },
    {
        "timestamp": "2025-02-19T15:50:02.967653",
        "co2": 475,
        "supplyAirflow": 202,
        "extractAirflow": 204,
        "supplyAirDuctPressure": 13,
        "extractAirDuctPressure": 13,
        "supplyAirFanSpeedLevel": 1439,
        "extractAirFanSpeedLevel": 1092,
        "SFP": 4,
        "supplyAirTemperature": 2185,
        "extractAirTemperature": 2468,
        "outdoorTemperature": 168,
        "reheatLevel": 2512,
        "coolingLevel": 0,
        "supplyAirFilterPressure": 0,
        "extractAirFilterPressure": 11,
        "operationMode": 15,
        "heatExchangerRegulator": 10000,
        "RhxEfficiency": 8407
    },
    {
        "timestamp": "2025-02-19T16:00:02.677188",
        "co2": 471,
        "supplyAirflow": 197,
        "extractAirflow": 198,
        "supplyAirDuctPressure": 16,
        "extractAirDuctPressure": 14,
        "supplyAirFanSpeedLevel": 1461,
        "extractAirFanSpeedLevel": 1101,
        "SFP": 4,
        "supplyAirTemperature": 3273,
        "extractAirTemperature": 2437,
        "outdoorTemperature": 162,
        "reheatLevel": 2500,
        "coolingLevel": 0,
        "supplyAirFilterPressure": 0,
        "extractAirFilterPressure": 11,
        "operationMode": 15,
        "heatExchangerRegulator": 10000,
        "RhxEfficiency": 8401
    },
    {
        "timestamp": "2025-02-19T16:10:02.286538",
        "co2": 464,
        "supplyAirflow": 206,
        "extractAirflow": 203,
        "supplyAirDuctPressure": 14,
        "extractAirDuctPressure": 14,
        "supplyAirFanSpeedLevel": 1416,
        "extractAirFanSpeedLevel": 1103,
        "SFP": 4,
        "supplyAirTemperature": 2199,
        "extractAirTemperature": 2431,
        "outdoorTemperature": 156,
        "reheatLevel": 0,
        "coolingLevel": 0,
        "supplyAirFilterPressure": 0,
        "extractAirFilterPressure": 11,
        "operationMode": 15,
        "heatExchangerRegulator": 10000,
        "RhxEfficiency": 8399
    },
    {
        "timestamp": "2025-02-19T16:20:02.986419",
        "co2": 466,
        "supplyAirflow": 202,
        "extractAirflow": 203,
        "supplyAirDuctPressure": 14,
        "extractAirDuctPressure": 15,
        "supplyAirFanSpeedLevel": 1400,
        "extractAirFanSpeedLevel": 1105,
        "SFP": 4,
        "supplyAirTemperature": 2012,
        "extractAirTemperature": 2406,
        "outdoorTemperature": 123,
        "reheatLevel": 0,
        "coolingLevel": 0,
        "supplyAirFilterPressure": 0,
        "extractAirFilterPressure": 11,
        "operationMode": 15,
        "heatExchangerRegulator": 10000,
        "RhxEfficiency": 8400
    },
    {
        "timestamp": "2025-02-19T16:30:02.633734",
        "co2": 464,
        "supplyAirflow": 197,
        "extractAirflow": 198,
        "supplyAirDuctPressure": 13,
        "extractAirDuctPressure": 14,
        "supplyAirFanSpeedLevel": 1402,
        "extractAirFanSpeedLevel": 1094,
        "SFP": 4,
        "supplyAirTemperature": 1948,
        "extractAirTemperature": 2343,
        "outdoorTemperature": 68,
        "reheatLevel": 0,
        "coolingLevel": 0,
        "supplyAirFilterPressure": 0,
        "extractAirFilterPressure": 11,
        "operationMode": 15,
        "heatExchangerRegulator": 10000,
        "RhxEfficiency": 8396
    },
    {
        "timestamp": "2025-02-19T16:40:02.448813",
        "co2": 455,
        "supplyAirflow": 202,
        "extractAirflow": 198,
        "supplyAirDuctPressure": 12,
        "extractAirDuctPressure": 14,
        "supplyAirFanSpeedLevel": 1406,
        "extractAirFanSpeedLevel": 1091,
        "SFP": 4,
        "supplyAirTemperature": 1912,
        "extractAirTemperature": 2298,
        "outdoorTemperature": 37,
        "reheatLevel": 0,
        "coolingLevel": 0,
        "supplyAirFilterPressure": 0,
        "extractAirFilterPressure": 11,
        "operationMode": 15,
        "heatExchangerRegulator": 10000,
        "RhxEfficiency": 8401
    },
    {
        "timestamp": "2025-02-19T16:50:02.185587",
        "co2": 455,
        "supplyAirflow": 197,
        "extractAirflow": 203,
        "supplyAirDuctPressure": 15,
        "extractAirDuctPressure": 14,
        "supplyAirFanSpeedLevel": 1430,
        "extractAirFanSpeedLevel": 1099,
        "SFP": 4,
        "supplyAirTemperature": 2104,
        "extractAirTemperature": 2262,
        "outdoorTemperature": 18,
        "reheatLevel": 2500,
        "coolingLevel": 0,
        "supplyAirFilterPressure": 0,
        "extractAirFilterPressure": 11,
        "operationMode": 15,
        "heatExchangerRegulator": 10000,
        "RhxEfficiency": 8399
    },
    {
        "timestamp": "2025-02-19T17:00:02.007560",
        "co2": 450,
        "supplyAirflow": 202,
        "extractAirflow": 198,
        "supplyAirDuctPressure": 14,
        "extractAirDuctPressure": 14,
        "supplyAirFanSpeedLevel": 1399,
        "extractAirFanSpeedLevel": 1095,
        "SFP": 4,
        "supplyAirTemperature": 2964,
        "extractAirTemperature": 2243,
        "outdoorTemperature": -75,
        "reheatLevel": 0,
        "coolingLevel": 0,
        "supplyAirFilterPressure": 0,
        "extractAirFilterPressure": 11,
        "operationMode": 15,
        "heatExchangerRegulator": 10000,
        "RhxEfficiency": 8399
    },
    {
        "timestamp": "2025-02-19T17:10:02.686535",
        "co2": 445,
        "supplyAirflow": 202,
        "extractAirflow": 203,
        "supplyAirDuctPressure": 14,
        "extractAirDuctPressure": 14,
        "supplyAirFanSpeedLevel": 1407,
        "extractAirFanSpeedLevel": 1096,
        "SFP": 4,
        "supplyAirTemperature": 1725,
        "extractAirTemperature": 2223,
        "outdoorTemperature": -137,
        "reheatLevel": 2512,
        "coolingLevel": 0,
        "supplyAirFilterPressure": 0,
        "extractAirFilterPressure": 11,
        "operationMode": 15,
        "heatExchangerRegulator": 10000,
        "RhxEfficiency": 8400
    },
    {
        "timestamp": "2025-02-19T17:20:02.421500",
        "co2": 446,
        "supplyAirflow": 202,
        "extractAirflow": 203,
        "supplyAirDuctPressure": 16,
        "extractAirDuctPressure": 14,
        "supplyAirFanSpeedLevel": 1490,
        "extractAirFanSpeedLevel": 1100,
        "SFP": 4,
        "supplyAirTemperature": 3710,
        "extractAirTemperature": 2193,
        "outdoorTemperature": -181,
        "reheatLevel": 0,
        "coolingLevel": 0,
        "supplyAirFilterPressure": 0,
        "extractAirFilterPressure": 11,
        "operationMode": 15,
        "heatExchangerRegulator": 10000,
        "RhxEfficiency": 8401
    },
    {
        "timestamp": "2025-02-19T17:30:02.103672",
        "co2": 456,
        "supplyAirflow": 197,
        "extractAirflow": 203,
        "supplyAirDuctPressure": 14,
        "extractAirDuctPressure": 14,
        "supplyAirFanSpeedLevel": 1406,
        "extractAirFanSpeedLevel": 1107,
        "SFP": 4,
        "supplyAirTemperature": 1835,
        "extractAirTemperature": 2187,
        "outdoorTemperature": -270,
        "reheatLevel": 2500,
        "coolingLevel": 0,
        "supplyAirFilterPressure": 0,
        "extractAirFilterPressure": 11,
        "operationMode": 15,
        "heatExchangerRegulator": 10000,
        "RhxEfficiency": 8399
    },
    {
        "timestamp": "2025-02-19T17:40:02.818478",
        "co2": 442,
        "supplyAirflow": 206,
        "extractAirflow": 198,
        "supplyAirDuctPressure": 16,
        "extractAirDuctPressure": 14,
        "supplyAirFanSpeedLevel": 1466,
        "extractAirFanSpeedLevel": 1103,
        "SFP": 4,
        "supplyAirTemperature": 3705,
        "extractAirTemperature": 2168,
        "outdoorTemperature": -337,
        "reheatLevel": 0,
        "coolingLevel": 0,
        "supplyAirFilterPressure": 0,
        "extractAirFilterPressure": 11,
        "operationMode": 15,
        "heatExchangerRegulator": 10000,
        "RhxEfficiency": 8399
    },
    {
        "timestamp": "2025-02-19T17:50:02.517681",
        "co2": 452,
        "supplyAirflow": 202,
        "extractAirflow": 203,
        "supplyAirDuctPressure": 14,
        "extractAirDuctPressure": 15,
        "supplyAirFanSpeedLevel": 1421,
        "extractAirFanSpeedLevel": 1109,
        "SFP": 4,
        "supplyAirTemperature": 2349,
        "extractAirTemperature": 2169,
        "outdoorTemperature": -362,
        "reheatLevel": 2512,
        "coolingLevel": 0,
        "supplyAirFilterPressure": 0,
        "extractAirFilterPressure": 11,
        "operationMode": 15,
        "heatExchangerRegulator": 10000,
        "RhxEfficiency": 8400
    },
    {
        "timestamp": "2025-02-19T18:00:02.232791",
        "co2": 445,
        "supplyAirflow": 206,
        "extractAirflow": 198,
        "supplyAirDuctPressure": 14,
        "extractAirDuctPressure": 14,
        "supplyAirFanSpeedLevel": 1407,
        "extractAirFanSpeedLevel": 1124,
        "SFP": 4,
        "supplyAirTemperature": 2508,
        "extractAirTemperature": 2168,
        "outdoorTemperature": -368,
        "reheatLevel": 0,
        "coolingLevel": 0,
        "supplyAirFilterPressure": 0,
        "extractAirFilterPressure": 11,
        "operationMode": 15,
        "heatExchangerRegulator": 10000,
        "RhxEfficiency": 8399
    },
    {
        "timestamp": "2025-02-19T18:10:02.080985",
        "co2": 450,
        "supplyAirflow": 202,
        "extractAirflow": 203,
        "supplyAirDuctPressure": 15,
        "extractAirDuctPressure": 15,
        "supplyAirFanSpeedLevel": 1447,
        "extractAirFanSpeedLevel": 1122,
        "SFP": 4,
        "supplyAirTemperature": 2921,
        "extractAirTemperature": 2162,
        "outdoorTemperature": -350,
        "reheatLevel": 2512,
        "coolingLevel": 0,
        "supplyAirFilterPressure": 0,
        "extractAirFilterPressure": 11,
        "operationMode": 15,
        "heatExchangerRegulator": 10000,
        "RhxEfficiency": 8400
    },
    {
        "timestamp": "2025-02-19T18:20:02.800439",
        "co2": 449,
        "supplyAirflow": 202,
        "extractAirflow": 203,
        "supplyAirDuctPressure": 14,
        "extractAirDuctPressure": 15,
        "supplyAirFanSpeedLevel": 1397,
        "extractAirFanSpeedLevel": 1109,
        "SFP": 4,
        "supplyAirTemperature": 2093,
        "extractAirTemperature": 2162,
        "outdoorTemperature": -399,
        "reheatLevel": 2512,
        "coolingLevel": 0,
        "supplyAirFilterPressure": 0,
        "extractAirFilterPressure": 11,
        "operationMode": 15,
        "heatExchangerRegulator": 10000,
        "RhxEfficiency": 8400
    },
    {
        "timestamp": "2025-02-19T18:30:02.750686",
        "co2": 449,
        "supplyAirflow": 206,
        "extractAirflow": 198,
        "supplyAirDuctPressure": 15,
        "extractAirDuctPressure": 14,
        "supplyAirFanSpeedLevel": 1435,
        "extractAirFanSpeedLevel": 1097,
        "SFP": 4,
        "supplyAirTemperature": 3702,
        "extractAirTemperature": 2156,
        "outdoorTemperature": -448,
        "reheatLevel": 0,
        "coolingLevel": 0,
        "supplyAirFilterPressure": 0,
        "extractAirFilterPressure": 11,
        "operationMode": 15,
        "heatExchangerRegulator": 10000,
        "RhxEfficiency": 8399
    },
    {
        "timestamp": "2025-02-19T18:40:02.628012",
        "co2": 454,
        "supplyAirflow": 202,
        "extractAirflow": 203,
        "supplyAirDuctPressure": 15,
        "extractAirDuctPressure": 14,
        "supplyAirFanSpeedLevel": 1435,
        "extractAirFanSpeedLevel": 1105,
        "SFP": 4,
        "supplyAirTemperature": 2590,
        "extractAirTemperature": 2156,
        "outdoorTemperature": -462,
        "reheatLevel": 2512,
        "coolingLevel": 0,
        "supplyAirFilterPressure": 0,
        "extractAirFilterPressure": 11,
        "operationMode": 15,
        "heatExchangerRegulator": 10000,
        "RhxEfficiency": 8398
    },
    {
        "timestamp": "2025-02-19T18:50:02.495817",
        "co2": 452,
        "supplyAirflow": 206,
        "extractAirflow": 198,
        "supplyAirDuctPressure": 13,
        "extractAirDuctPressure": 14,
        "supplyAirFanSpeedLevel": 1424,
        "extractAirFanSpeedLevel": 1097,
        "SFP": 4,
        "supplyAirTemperature": 2281,
        "extractAirTemperature": 2153,
        "outdoorTemperature": -481,
        "reheatLevel": 2537,
        "coolingLevel": 0,
        "supplyAirFilterPressure": 0,
        "extractAirFilterPressure": 11,
        "operationMode": 15,
        "heatExchangerRegulator": 10000,
        "RhxEfficiency": 8346
    },
    {
        "timestamp": "2025-02-19T19:00:02.258302",
        "co2": 454,
        "supplyAirflow": 202,
        "extractAirflow": 203,
        "supplyAirDuctPressure": 15,
        "extractAirDuctPressure": 14,
        "supplyAirFanSpeedLevel": 1453,
        "extractAirFanSpeedLevel": 1111,
        "SFP": 4,
        "supplyAirTemperature": 3314,
        "extractAirTemperature": 2148,
        "outdoorTemperature": -520,
        "reheatLevel": 2512,
        "coolingLevel": 0,
        "supplyAirFilterPressure": 0,
        "extractAirFilterPressure": 11,
        "operationMode": 15,
        "heatExchangerRegulator": 10000,
        "RhxEfficiency": 8396
    },
    {
        "timestamp": "2025-02-19T19:10:02.111352",
        "co2": 451,
        "supplyAirflow": 206,
        "extractAirflow": 198,
        "supplyAirDuctPressure": 14,
        "extractAirDuctPressure": 14,
        "supplyAirFanSpeedLevel": 1443,
        "extractAirFanSpeedLevel": 1105,
        "SFP": 4,
        "supplyAirTemperature": 2874,
        "extractAirTemperature": 2146,
        "outdoorTemperature": -550,
        "reheatLevel": 2537,
        "coolingLevel": 0,
        "supplyAirFilterPressure": 0,
        "extractAirFilterPressure": 11,
        "operationMode": 15,
        "heatExchangerRegulator": 10000,
        "RhxEfficiency": 8397
    },
    {
        "timestamp": "2025-02-19T19:20:03.162698",
        "co2": 455,
        "supplyAirflow": 202,
        "extractAirflow": 198,
        "supplyAirDuctPressure": 13,
        "extractAirDuctPressure": 14,
        "supplyAirFanSpeedLevel": 1428,
        "extractAirFanSpeedLevel": 1095,
        "SFP": 4,
        "supplyAirTemperature": 2586,
        "extractAirTemperature": 2150,
        "outdoorTemperature": -575,
        "reheatLevel": 2512,
        "coolingLevel": 0,
        "supplyAirFilterPressure": 0,
        "extractAirFilterPressure": 11,
        "operationMode": 15,
        "heatExchangerRegulator": 10000,
        "RhxEfficiency": 8399
    },
    {
        "timestamp": "2025-02-19T19:30:02.821521",
        "co2": 454,
        "supplyAirflow": 202,
        "extractAirflow": 198,
        "supplyAirDuctPressure": 14,
        "extractAirDuctPressure": 14,
        "supplyAirFanSpeedLevel": 1394,
        "extractAirFanSpeedLevel": 1105,
        "SFP": 4,
        "supplyAirTemperature": 2480,
        "extractAirTemperature": 2150,
        "outdoorTemperature": -574,
        "reheatLevel": 1256,
        "coolingLevel": 0,
        "supplyAirFilterPressure": 0,
        "extractAirFilterPressure": 11,
        "operationMode": 15,
        "heatExchangerRegulator": 10000,
        "RhxEfficiency": 8397
    },
    {
        "timestamp": "2025-02-19T19:40:02.488182",
        "co2": 451,
        "supplyAirflow": 197,
        "extractAirflow": 198,
        "supplyAirDuctPressure": 16,
        "extractAirDuctPressure": 14,
        "supplyAirFanSpeedLevel": 1448,
        "extractAirFanSpeedLevel": 1103,
        "SFP": 4,
        "supplyAirTemperature": 2981,
        "extractAirTemperature": 2148,
        "outdoorTemperature": -595,
        "reheatLevel": 2500,
        "coolingLevel": 0,
        "supplyAirFilterPressure": 0,
        "extractAirFilterPressure": 11,
        "operationMode": 15,
        "heatExchangerRegulator": 10000,
        "RhxEfficiency": 8401
    },
    {
        "timestamp": "2025-02-19T19:50:02.277295",
        "co2": 449,
        "supplyAirflow": 202,
        "extractAirflow": 203,
        "supplyAirDuctPressure": 14,
        "extractAirDuctPressure": 14,
        "supplyAirFanSpeedLevel": 1442,
        "extractAirFanSpeedLevel": 1098,
        "SFP": 4,
        "supplyAirTemperature": 2690,
        "extractAirTemperature": 2148,
        "outdoorTemperature": -612,
        "reheatLevel": 2512,
        "coolingLevel": 0,
        "supplyAirFilterPressure": 0,
        "extractAirFilterPressure": 11,
        "operationMode": 15,
        "heatExchangerRegulator": 10000,
        "RhxEfficiency": 8400
    },
    {
        "timestamp": "2025-02-19T20:00:03.149251",
        "co2": 446,
        "supplyAirflow": 202,
        "extractAirflow": 203,
        "supplyAirDuctPressure": 15,
        "extractAirDuctPressure": 14,
        "supplyAirFanSpeedLevel": 1413,
        "extractAirFanSpeedLevel": 1095,
        "SFP": 4,
        "supplyAirTemperature": 2331,
        "extractAirTemperature": 2148,
        "outdoorTemperature": -631,
        "reheatLevel": 2512,
        "coolingLevel": 0,
        "supplyAirFilterPressure": 0,
        "extractAirFilterPressure": 11,
        "operationMode": 15,
        "heatExchangerRegulator": 10000,
        "RhxEfficiency": 8408
    },
    {
        "timestamp": "2025-02-19T20:10:03.019009",
        "co2": 442,
        "supplyAirflow": 202,
        "extractAirflow": 203,
        "supplyAirDuctPressure": 14,
        "extractAirDuctPressure": 15,
        "supplyAirFanSpeedLevel": 1431,
        "extractAirFanSpeedLevel": 1105,
        "SFP": 4,
        "supplyAirTemperature": 3410,
        "extractAirTemperature": 2148,
        "outdoorTemperature": -606,
        "reheatLevel": 0,
        "coolingLevel": 0,
        "supplyAirFilterPressure": 0,
        "extractAirFilterPressure": 11,
        "operationMode": 15,
        "heatExchangerRegulator": 10000,
        "RhxEfficiency": 8394
    },
    {
        "timestamp": "2025-02-19T20:20:02.675597",
        "co2": 445,
        "supplyAirflow": 197,
        "extractAirflow": 203,
        "supplyAirDuctPressure": 16,
        "extractAirDuctPressure": 14,
        "supplyAirFanSpeedLevel": 1476,
        "extractAirFanSpeedLevel": 1105,
        "SFP": 4,
        "supplyAirTemperature": 3344,
        "extractAirTemperature": 2143,
        "outdoorTemperature": -581,
        "reheatLevel": 2500,
        "coolingLevel": 0,
        "supplyAirFilterPressure": 0,
        "extractAirFilterPressure": 11,
        "operationMode": 15,
        "heatExchangerRegulator": 10000,
        "RhxEfficiency": 8396
    },
    {
        "timestamp": "2025-02-19T20:30:02.412276",
        "co2": 443,
        "supplyAirflow": 197,
        "extractAirflow": 203,
        "supplyAirDuctPressure": 16,
        "extractAirDuctPressure": 14,
        "supplyAirFanSpeedLevel": 1460,
        "extractAirFanSpeedLevel": 1082,
        "SFP": 4,
        "supplyAirTemperature": 2819,
        "extractAirTemperature": 2137,
        "outdoorTemperature": -575,
        "reheatLevel": 2500,
        "coolingLevel": 0,
        "supplyAirFilterPressure": 0,
        "extractAirFilterPressure": 11,
        "operationMode": 15,
        "heatExchangerRegulator": 10000,
        "RhxEfficiency": 8398
    },
    {
        "timestamp": "2025-02-19T20:40:02.495424",
        "co2": 446,
        "supplyAirflow": 202,
        "extractAirflow": 203,
        "supplyAirDuctPressure": 15,
        "extractAirDuctPressure": 14,
        "supplyAirFanSpeedLevel": 1415,
        "extractAirFanSpeedLevel": 1100,
        "SFP": 4,
        "supplyAirTemperature": 2454,
        "extractAirTemperature": 2131,
        "outdoorTemperature": -606,
        "reheatLevel": 2512,
        "coolingLevel": 0,
        "supplyAirFilterPressure": 0,
        "extractAirFilterPressure": 11,
        "operationMode": 15,
        "heatExchangerRegulator": 10000,
        "RhxEfficiency": 8397
    },
    {
        "timestamp": "2025-02-19T20:50:02.358056",
        "co2": 442,
        "supplyAirflow": 202,
        "extractAirflow": 203,
        "supplyAirDuctPressure": 13,
        "extractAirDuctPressure": 14,
        "supplyAirFanSpeedLevel": 1384,
        "extractAirFanSpeedLevel": 1118,
        "SFP": 4,
        "supplyAirTemperature": 2732,
        "extractAirTemperature": 2123,
        "outdoorTemperature": -637,
        "reheatLevel": 1021,
        "coolingLevel": 0,
        "supplyAirFilterPressure": 0,
        "extractAirFilterPressure": 11,
        "operationMode": 15,
        "heatExchangerRegulator": 10000,
        "RhxEfficiency": 8397
    },
    {
        "timestamp": "2025-02-19T21:00:02.212275",
        "co2": 439,
        "supplyAirflow": 202,
        "extractAirflow": 203,
        "supplyAirDuctPressure": 16,
        "extractAirDuctPressure": 14,
        "supplyAirFanSpeedLevel": 1467,
        "extractAirFanSpeedLevel": 1105,
        "SFP": 4,
        "supplyAirTemperature": 3577,
        "extractAirTemperature": 2125,
        "outdoorTemperature": -637,
        "reheatLevel": 2428,
        "coolingLevel": 0,
        "supplyAirFilterPressure": 0,
        "extractAirFilterPressure": 11,
        "operationMode": 15,
        "heatExchangerRegulator": 10000,
        "RhxEfficiency": 8399
    },
    {
        "timestamp": "2025-02-19T21:10:02.050267",
        "co2": 449,
        "supplyAirflow": 197,
        "extractAirflow": 198,
        "supplyAirDuctPressure": 16,
        "extractAirDuctPressure": 14,
        "supplyAirFanSpeedLevel": 1443,
        "extractAirFanSpeedLevel": 1101,
        "SFP": 4,
        "supplyAirTemperature": 2889,
        "extractAirTemperature": 2125,
        "outdoorTemperature": -656,
        "reheatLevel": 2500,
        "coolingLevel": 0,
        "supplyAirFilterPressure": 0,
        "extractAirFilterPressure": 11,
        "operationMode": 15,
        "heatExchangerRegulator": 10000,
        "RhxEfficiency": 8400
    },
    {
        "timestamp": "2025-02-19T21:20:02.836685",
        "co2": 443,
        "supplyAirflow": 202,
        "extractAirflow": 203,
        "supplyAirDuctPressure": 15,
        "extractAirDuctPressure": 14,
        "supplyAirFanSpeedLevel": 1421,
        "extractAirFanSpeedLevel": 1089,
        "SFP": 4,
        "supplyAirTemperature": 2538,
        "extractAirTemperature": 2125,
        "outdoorTemperature": -687,
        "reheatLevel": 2512,
        "coolingLevel": 0,
        "supplyAirFilterPressure": 0,
        "extractAirFilterPressure": 11,
        "operationMode": 15,
        "heatExchangerRegulator": 10000,
        "RhxEfficiency": 8398
    },
    {
        "timestamp": "2025-02-19T21:30:02.611653",
        "co2": 451,
        "supplyAirflow": 202,
        "extractAirflow": 203,
        "supplyAirDuctPressure": 13,
        "extractAirDuctPressure": 14,
        "supplyAirFanSpeedLevel": 1394,
        "extractAirFanSpeedLevel": 1106,
        "SFP": 4,
        "supplyAirTemperature": 2477,
        "extractAirTemperature": 2124,
        "outdoorTemperature": -681,
        "reheatLevel": 2458,
        "coolingLevel": 0,
        "supplyAirFilterPressure": 0,
        "extractAirFilterPressure": 11,
        "operationMode": 15,
        "heatExchangerRegulator": 10000,
        "RhxEfficiency": 8395
    },
    {
        "timestamp": "2025-02-19T21:40:02.579489",
        "co2": 443,
        "supplyAirflow": 202,
        "extractAirflow": 198,
        "supplyAirDuctPressure": 16,
        "extractAirDuctPressure": 14,
        "supplyAirFanSpeedLevel": 1453,
        "extractAirFanSpeedLevel": 1102,
        "SFP": 4,
        "supplyAirTemperature": 3698,
        "extractAirTemperature": 2124,
        "outdoorTemperature": -693,
        "reheatLevel": 0,
        "coolingLevel": 0,
        "supplyAirFilterPressure": 0,
        "extractAirFilterPressure": 11,
        "operationMode": 15,
        "heatExchangerRegulator": 10000,
        "RhxEfficiency": 8400
    },
    {
        "timestamp": "2025-02-19T21:50:02.350456",
        "co2": 446,
        "supplyAirflow": 202,
        "extractAirflow": 198,
        "supplyAirDuctPressure": 16,
        "extractAirDuctPressure": 14,
        "supplyAirFanSpeedLevel": 1455,
        "extractAirFanSpeedLevel": 1097,
        "SFP": 4,
        "supplyAirTemperature": 2971,
        "extractAirTemperature": 2124,
        "outdoorTemperature": -681,
        "reheatLevel": 2512,
        "coolingLevel": 0,
        "supplyAirFilterPressure": 0,
        "extractAirFilterPressure": 11,
        "operationMode": 15,
        "heatExchangerRegulator": 10000,
        "RhxEfficiency": 8399
    },
    {
        "timestamp": "2025-02-19T22:00:02.422914",
        "co2": 439,
        "supplyAirflow": 202,
        "extractAirflow": 203,
        "supplyAirDuctPressure": 16,
        "extractAirDuctPressure": 14,
        "supplyAirFanSpeedLevel": 1423,
        "extractAirFanSpeedLevel": 1096,
        "SFP": 4,
        "supplyAirTemperature": 2656,
        "extractAirTemperature": 2118,
        "outdoorTemperature": -695,
        "reheatLevel": 2512,
        "coolingLevel": 0,
        "supplyAirFilterPressure": 0,
        "extractAirFilterPressure": 11,
        "operationMode": 15,
        "heatExchangerRegulator": 10000,
        "RhxEfficiency": 8399
    },
    {
        "timestamp": "2025-02-19T22:10:02.104890",
        "co2": 448,
        "supplyAirflow": 202,
        "extractAirflow": 198,
        "supplyAirDuctPressure": 15,
        "extractAirDuctPressure": 14,
        "supplyAirFanSpeedLevel": 1408,
        "extractAirFanSpeedLevel": 1096,
        "SFP": 4,
        "supplyAirTemperature": 2312,
        "extractAirTemperature": 2118,
        "outdoorTemperature": -673,
        "reheatLevel": 2512,
        "coolingLevel": 0,
        "supplyAirFilterPressure": 0,
        "extractAirFilterPressure": 11,
        "operationMode": 15,
        "heatExchangerRegulator": 10000,
        "RhxEfficiency": 8400
    },
    {
        "timestamp": "2025-02-19T22:20:02.869957",
        "co2": 448,
        "supplyAirflow": 202,
        "extractAirflow": 203,
        "supplyAirDuctPressure": 15,
        "extractAirDuctPressure": 14,
        "supplyAirFanSpeedLevel": 1402,
        "extractAirFanSpeedLevel": 1104,
        "SFP": 4,
        "supplyAirTemperature": 3505,
        "extractAirTemperature": 2118,
        "outdoorTemperature": -693,
        "reheatLevel": 0,
        "coolingLevel": 0,
        "supplyAirFilterPressure": 0,
        "extractAirFilterPressure": 11,
        "operationMode": 15,
        "heatExchangerRegulator": 10000,
        "RhxEfficiency": 8399
    },
    {
        "timestamp": "2025-02-19T22:30:02.627850",
        "co2": 449,
        "supplyAirflow": 202,
        "extractAirflow": 203,
        "supplyAirDuctPressure": 16,
        "extractAirDuctPressure": 14,
        "supplyAirFanSpeedLevel": 1442,
        "extractAirFanSpeedLevel": 1110,
        "SFP": 4,
        "supplyAirTemperature": 3220,
        "extractAirTemperature": 2118,
        "outdoorTemperature": -687,
        "reheatLevel": 2512,
        "coolingLevel": 0,
        "supplyAirFilterPressure": 0,
        "extractAirFilterPressure": 11,
        "operationMode": 15,
        "heatExchangerRegulator": 10000,
        "RhxEfficiency": 8400
    },
    {
        "timestamp": "2025-02-19T22:40:02.320414",
        "co2": 446,
        "supplyAirflow": 202,
        "extractAirflow": 203,
        "supplyAirDuctPressure": 14,
        "extractAirDuctPressure": 14,
        "supplyAirFanSpeedLevel": 1431,
        "extractAirFanSpeedLevel": 1090,
        "SFP": 4,
        "supplyAirTemperature": 2731,
        "extractAirTemperature": 2118,
        "outdoorTemperature": -700,
        "reheatLevel": 2512,
        "coolingLevel": 0,
        "supplyAirFilterPressure": 0,
        "extractAirFilterPressure": 11,
        "operationMode": 15,
        "heatExchangerRegulator": 10000,
        "RhxEfficiency": 8400
    },
    {
        "timestamp": "2025-02-19T22:50:03.041803",
        "co2": 452,
        "supplyAirflow": 197,
        "extractAirflow": 203,
        "supplyAirDuctPressure": 16,
        "extractAirDuctPressure": 14,
        "supplyAirFanSpeedLevel": 1447,
        "extractAirFanSpeedLevel": 1091,
        "SFP": 4,
        "supplyAirTemperature": 2361,
        "extractAirTemperature": 2118,
        "outdoorTemperature": -693,
        "reheatLevel": 2500,
        "coolingLevel": 0,
        "supplyAirFilterPressure": 0,
        "extractAirFilterPressure": 11,
        "operationMode": 15,
        "heatExchangerRegulator": 10000,
        "RhxEfficiency": 8403
    },
    {
        "timestamp": "2025-02-19T23:00:02.781248",
        "co2": 447,
        "supplyAirflow": 202,
        "extractAirflow": 203,
        "supplyAirDuctPressure": 15,
        "extractAirDuctPressure": 14,
        "supplyAirFanSpeedLevel": 1408,
        "extractAirFanSpeedLevel": 1091,
        "SFP": 4,
        "supplyAirTemperature": 3029,
        "extractAirTemperature": 2112,
        "outdoorTemperature": -687,
        "reheatLevel": 235,
        "coolingLevel": 0,
        "supplyAirFilterPressure": 0,
        "extractAirFilterPressure": 11,
        "operationMode": 15,
        "heatExchangerRegulator": 10000,
        "RhxEfficiency": 8400
    },
    {
        "timestamp": "2025-02-19T23:10:02.577112",
        "co2": 441,
        "supplyAirflow": 202,
        "extractAirflow": 203,
        "supplyAirDuctPressure": 16,
        "extractAirDuctPressure": 14,
        "supplyAirFanSpeedLevel": 1476,
        "extractAirFanSpeedLevel": 1095,
        "SFP": 4,
        "supplyAirTemperature": 3425,
        "extractAirTemperature": 2112,
        "outdoorTemperature": -669,
        "reheatLevel": 2512,
        "coolingLevel": 0,
        "supplyAirFilterPressure": 0,
        "extractAirFilterPressure": 11,
        "operationMode": 15,
        "heatExchangerRegulator": 10000,
        "RhxEfficiency": 8400
    },
    {
        "timestamp": "2025-02-19T23:20:02.336771",
        "co2": 448,
        "supplyAirflow": 197,
        "extractAirflow": 203,
        "supplyAirDuctPressure": 15,
        "extractAirDuctPressure": 14,
        "supplyAirFanSpeedLevel": 1449,
        "extractAirFanSpeedLevel": 1098,
        "SFP": 4,
        "supplyAirTemperature": 2832,
        "extractAirTemperature": 2112,
        "outdoorTemperature": -639,
        "reheatLevel": 2500,
        "coolingLevel": 0,
        "supplyAirFilterPressure": 0,
        "extractAirFilterPressure": 11,
        "operationMode": 15,
        "heatExchangerRegulator": 10000,
        "RhxEfficiency": 8400
    },
    {
        "timestamp": "2025-02-19T23:30:02.955618",
        "co2": 443,
        "supplyAirflow": 197,
        "extractAirflow": 203,
        "supplyAirDuctPressure": 16,
        "extractAirDuctPressure": 14,
        "supplyAirFanSpeedLevel": 1425,
        "extractAirFanSpeedLevel": 1103,
        "SFP": 4,
        "supplyAirTemperature": 2456,
        "extractAirTemperature": 2112,
        "outdoorTemperature": -656,
        "reheatLevel": 2500,
        "coolingLevel": 0,
        "supplyAirFilterPressure": 0,
        "extractAirFilterPressure": 11,
        "operationMode": 15,
        "heatExchangerRegulator": 10000,
        "RhxEfficiency": 8400
    },
    {
        "timestamp": "2025-02-19T23:40:02.634001",
        "co2": 445,
        "supplyAirflow": 202,
        "extractAirflow": 198,
        "supplyAirDuctPressure": 13,
        "extractAirDuctPressure": 14,
        "supplyAirFanSpeedLevel": 1398,
        "extractAirFanSpeedLevel": 1098,
        "SFP": 4,
        "supplyAirTemperature": 2771,
        "extractAirTemperature": 2112,
        "outdoorTemperature": -643,
        "reheatLevel": 944,
        "coolingLevel": 0,
        "supplyAirFilterPressure": 0,
        "extractAirFilterPressure": 11,
        "operationMode": 15,
        "heatExchangerRegulator": 10000,
        "RhxEfficiency": 8400
    },
    {
        "timestamp": "2025-02-19T23:50:02.497797",
        "co2": 435,
        "supplyAirflow": 197,
        "extractAirflow": 198,
        "supplyAirDuctPressure": 16,
        "extractAirDuctPressure": 14,
        "supplyAirFanSpeedLevel": 1461,
        "extractAirFanSpeedLevel": 1100,
        "SFP": 4,
        "supplyAirTemperature": 3538,
        "extractAirTemperature": 2112,
        "outdoorTemperature": -650,
        "reheatLevel": 2500,
        "coolingLevel": 0,
        "supplyAirFilterPressure": 0,
        "extractAirFilterPressure": 11,
        "operationMode": 15,
        "heatExchangerRegulator": 10000,
        "RhxEfficiency": 8402
    }
]