[
    {
        "timestamp": "2025-02-17T10:10:02.998979",
        "co2": 597,
        "supplyAirflow": 401,
        "extractAirflow": 394,
        "supplyAirDuctPressure": 41,
        "extractAirDuctPressure": 34,
        "supplyAirFanSpeedLevel": 3234,
        "extractAirFanSpeedLevel": 2518,
        "SFP": 5,
        "supplyAirTemperature": 3043,
        "extractAirTemperature": 2237,
        "outdoorTemperature": -149,
        "reheatLevel": 3756,
        "coolingLevel": 0,
        "supplyAirFilterPressure": 6,
        "extractAirFilterPressure": 20,
        "operationMode": 12,
        "heatExchangerRegulator": 10000,
        "RhxEfficiency": 8301
    },
    {
        "timestamp": "2025-02-17T10:20:03.087787",
        "co2": 630,
        "supplyAirflow": 401,
        "extractAirflow": 389,
        "supplyAirDuctPressure": 43,
        "extractAirDuctPressure": 34,
        "supplyAirFanSpeedLevel": 3209,
        "extractAirFanSpeedLevel": 2496,
        "SFP": 5,
        "supplyAirTemperature": 2215,
        "extractAirTemperature": 2281,
        "outdoorTemperature": -175,
        "reheatLevel": 0,
        "coolingLevel": 0,
        "supplyAirFilterPressure": 6,
        "extractAirFilterPressure": 20,
        "operationMode": 12,
        "heatExchangerRegulator": 10000,
        "RhxEfficiency": 8301
    },
    {
        "timestamp": "2025-02-17T10:30:03.032847",
        "co2": 622,
        "supplyAirflow": 401,
        "extractAirflow": 389,
        "supplyAirDuctPressure": 43,
        "extractAirDuctPressure": 34,
        "supplyAirFanSpeedLevel": 3235,
        "extractAirFanSpeedLevel": 2503,
        "SFP": 5,
        "supplyAirTemperature": 2922,
        "extractAirTemperature": 2248,
        "outdoorTemperature": -150,
        "reheatLevel": 3756,
        "coolingLevel": 0,
        "supplyAirFilterPressure": 6,
        "extractAirFilterPressure": 20,
        "operationMode": 12,
        "heatExchangerRegulator": 10000,
        "RhxEfficiency": 8302
    },
    {
        "timestamp": "2025-02-17T10:40:03.617505",
        "co2": 641,
        "supplyAirflow": 403,
        "extractAirflow": 389,
        "supplyAirDuctPressure": 35,
        "extractAirDuctPressure": 35,
        "supplyAirFanSpeedLevel": 3214,
        "extractAirFanSpeedLevel": 2505,
        "SFP": 5,
        "supplyAirTemperature": 2321,
        "extractAirTemperature": 2295,
        "outdoorTemperature": -112,
        "reheatLevel": 0,
        "coolingLevel": 0,
        "supplyAirFilterPressure": 6,
        "extractAirFilterPressure": 20,
        "operationMode": 12,
        "heatExchangerRegulator": 10000,
        "RhxEfficiency": 8300
    },
    {
        "timestamp": "2025-02-17T10:50:02.474240",
        "co2": 632,
        "supplyAirflow": 414,
        "extractAirflow": 389,
        "supplyAirDuctPressure": 40,
        "extractAirDuctPressure": 35,
        "supplyAirFanSpeedLevel": 3222,
        "extractAirFanSpeedLevel": 2505,
        "SFP": 5,
        "supplyAirTemperature": 2393,
        "extractAirTemperature": 2268,
        "outdoorTemperature": -120,
        "reheatLevel": 3837,
        "coolingLevel": 0,
        "supplyAirFilterPressure": 6,
        "extractAirFilterPressure": 20,
        "operationMode": 12,
        "heatExchangerRegulator": 10000,
        "RhxEfficiency": 8303
    },
    {
        "timestamp": "2025-02-17T11:00:02.414426",
        "co2": 610,
        "supplyAirflow": 401,
        "extractAirflow": 389,
        "supplyAirDuctPressure": 41,
        "extractAirDuctPressure": 35,
        "supplyAirFanSpeedLevel": 3212,
        "extractAirFanSpeedLevel": 2509,
        "SFP": 5,
        "supplyAirTemperature": 2888,
        "extractAirTemperature": 2300,
        "outdoorTemperature": -106,
        "reheatLevel": 0,
        "coolingLevel": 0,
        "supplyAirFilterPressure": 6,
        "extractAirFilterPressure": 20,
        "operationMode": 12,
        "heatExchangerRegulator": 10000,
        "RhxEfficiency": 8302
    },
    {
        "timestamp": "2025-02-17T11:10:02.263991",
        "co2": 631,
        "supplyAirflow": 406,
        "extractAirflow": 389,
        "supplyAirDuctPressure": 41,
        "extractAirDuctPressure": 35,
        "supplyAirFanSpeedLevel": 3196,
        "extractAirFanSpeedLevel": 2513,
        "SFP": 5,
        "supplyAirTemperature": 2018,
        "extractAirTemperature": 2318,
        "outdoorTemperature": -50,
        "reheatLevel": 0,
        "coolingLevel": 0,
        "supplyAirFilterPressure": 6,
        "extractAirFilterPressure": 20,
        "operationMode": 12,
        "heatExchangerRegulator": 10000,
        "RhxEfficiency": 8300
    },
    {
        "timestamp": "2025-02-17T11:20:02.235310",
        "co2": 633,
        "supplyAirflow": 403,
        "extractAirflow": 391,
        "supplyAirDuctPressure": 41,
        "extractAirDuctPressure": 35,
        "supplyAirFanSpeedLevel": 3230,
        "extractAirFanSpeedLevel": 2521,
        "SFP": 5,
        "supplyAirTemperature": 2534,
        "extractAirTemperature": 2269,
        "outdoorTemperature": -18,
        "reheatLevel": 3768,
        "coolingLevel": 0,
        "supplyAirFilterPressure": 6,
        "extractAirFilterPressure": 20,
        "operationMode": 12,
        "heatExchangerRegulator": 10000,
        "RhxEfficiency": 8301
    },
    {
        "timestamp": "2025-02-17T11:30:03.107024",
        "co2": 617,
        "supplyAirflow": 401,
        "extractAirflow": 389,
        "supplyAirDuctPressure": 39,
        "extractAirDuctPressure": 35,
        "supplyAirFanSpeedLevel": 3221,
        "extractAirFanSpeedLevel": 2514,
        "SFP": 5,
        "supplyAirTemperature": 2624,
        "extractAirTemperature": 2320,
        "outdoorTemperature": -6,
        "reheatLevel": 0,
        "coolingLevel": 0,
        "supplyAirFilterPressure": 6,
        "extractAirFilterPressure": 20,
        "operationMode": 12,
        "heatExchangerRegulator": 10000,
        "RhxEfficiency": 8306
    },
    {
        "timestamp": "2025-02-17T11:40:03.088881",
        "co2": 596,
        "supplyAirflow": 401,
        "extractAirflow": 388,
        "supplyAirDuctPressure": 37,
        "extractAirDuctPressure": 36,
        "supplyAirFanSpeedLevel": 3202,
        "extractAirFanSpeedLevel": 2532,
        "SFP": 5,
        "supplyAirTemperature": 2012,
        "extractAirTemperature": 2312,
        "outdoorTemperature": 56,
        "reheatLevel": 0,
        "coolingLevel": 0,
        "supplyAirFilterPressure": 6,
        "extractAirFilterPressure": 20,
        "operationMode": 12,
        "heatExchangerRegulator": 10000,
        "RhxEfficiency": 8300
    },
    {
        "timestamp": "2025-02-17T11:50:03.159729",
        "co2": 612,
        "supplyAirflow": 401,
        "extractAirflow": 390,
        "supplyAirDuctPressure": 38,
        "extractAirDuctPressure": 37,
        "supplyAirFanSpeedLevel": 3215,
        "extractAirFanSpeedLevel": 2554,
        "SFP": 5,
        "supplyAirTemperature": 1931,
        "extractAirTemperature": 2273,
        "outdoorTemperature": 156,
        "reheatLevel": 0,
        "coolingLevel": 0,
        "supplyAirFilterPressure": 7,
        "extractAirFilterPressure": 20,
        "operationMode": 12,
        "heatExchangerRegulator": 10000,
        "RhxEfficiency": 8301
    },
    {
        "timestamp": "2025-02-17T12:00:03.110986",
        "co2": 595,
        "supplyAirflow": 401,
        "extractAirflow": 390,
        "supplyAirDuctPressure": 41,
        "extractAirDuctPressure": 36,
        "supplyAirFanSpeedLevel": 3245,
        "extractAirFanSpeedLevel": 2542,
        "SFP": 5,
        "supplyAirTemperature": 3131,
        "extractAirTemperature": 2248,
        "outdoorTemperature": 131,
        "reheatLevel": 3756,
        "coolingLevel": 0,
        "supplyAirFilterPressure": 6,
        "extractAirFilterPressure": 20,
        "operationMode": 12,
        "heatExchangerRegulator": 10000,
        "RhxEfficiency": 8303
    },
    {
        "timestamp": "2025-02-17T12:10:03.084206",
        "co2": 576,
        "supplyAirflow": 401,
        "extractAirflow": 388,
        "supplyAirDuctPressure": 40,
        "extractAirDuctPressure": 35,
        "supplyAirFanSpeedLevel": 3207,
        "extractAirFanSpeedLevel": 2530,
        "SFP": 5,
        "supplyAirTemperature": 2213,
        "extractAirTemperature": 2325,
        "outdoorTemperature": 118,
        "reheatLevel": 0,
        "coolingLevel": 0,
        "supplyAirFilterPressure": 6,
        "extractAirFilterPressure": 20,
        "operationMode": 12,
        "heatExchangerRegulator": 10000,
        "RhxEfficiency": 8300
    },
    {
        "timestamp": "2025-02-17T12:20:03.019738",
        "co2": 561,
        "supplyAirflow": 403,
        "extractAirflow": 388,
        "supplyAirDuctPressure": 37,
        "extractAirDuctPressure": 37,
        "supplyAirFanSpeedLevel": 3203,
        "extractAirFanSpeedLevel": 2529,
        "SFP": 5,
        "supplyAirTemperature": 1973,
        "extractAirTemperature": 2318,
        "outdoorTemperature": 87,
        "reheatLevel": 0,
        "coolingLevel": 0,
        "supplyAirFilterPressure": 6,
        "extractAirFilterPressure": 19,
        "operationMode": 12,
        "heatExchangerRegulator": 10000,
        "RhxEfficiency": 8300
    },
    {
        "timestamp": "2025-02-17T12:30:03.012103",
        "co2": 576,
        "supplyAirflow": 401,
        "extractAirflow": 388,
        "supplyAirDuctPressure": 42,
        "extractAirDuctPressure": 36,
        "supplyAirFanSpeedLevel": 3223,
        "extractAirFanSpeedLevel": 2523,
        "SFP": 5,
        "supplyAirTemperature": 2779,
        "extractAirTemperature": 2281,
        "outdoorTemperature": 43,
        "reheatLevel": 3768,
        "coolingLevel": 0,
        "supplyAirFilterPressure": 6,
        "extractAirFilterPressure": 19,
        "operationMode": 12,
        "heatExchangerRegulator": 10000,
        "RhxEfficiency": 8300
    },
    {
        "timestamp": "2025-02-17T12:40:03.796184",
        "co2": 607,
        "supplyAirflow": 401,
        "extractAirflow": 391,
        "supplyAirDuctPressure": 41,
        "extractAirDuctPressure": 35,
        "supplyAirFanSpeedLevel": 3212,
        "extractAirFanSpeedLevel": 2523,
        "SFP": 5,
        "supplyAirTemperature": 2368,
        "extractAirTemperature": 2345,
        "outdoorTemperature": 100,
        "reheatLevel": 0,
        "coolingLevel": 0,
        "supplyAirFilterPressure": 6,
        "extractAirFilterPressure": 19,
        "operationMode": 12,
        "heatExchangerRegulator": 10000,
        "RhxEfficiency": 8305
    },
    {
        "timestamp": "2025-02-17T12:50:02.717404",
        "co2": 579,
        "supplyAirflow": 403,
        "extractAirflow": 388,
        "supplyAirDuctPressure": 36,
        "extractAirDuctPressure": 36,
        "supplyAirFanSpeedLevel": 3162,
        "extractAirFanSpeedLevel": 2527,
        "SFP": 5,
        "supplyAirTemperature": 1150,
        "extractAirTemperature": 2337,
        "outdoorTemperature": 181,
        "reheatLevel": 3768,
        "coolingLevel": 0,
        "supplyAirFilterPressure": 7,
        "extractAirFilterPressure": 19,
        "operationMode": 12,
        "heatExchangerRegulator": 10000,
        "RhxEfficiency": 8300
    },
    {
        "timestamp": "2025-02-17T13:00:02.572029",
        "co2": 576,
        "supplyAirflow": 401,
        "extractAirflow": 388,
        "supplyAirDuctPressure": 37,
        "extractAirDuctPressure": 37,
        "supplyAirFanSpeedLevel": 3280,
        "extractAirFanSpeedLevel": 2534,
        "SFP": 5,
        "supplyAirTemperature": 3625,
        "extractAirTemperature": 2318,
        "outdoorTemperature": 206,
        "reheatLevel": 3756,
        "coolingLevel": 0,
        "supplyAirFilterPressure": 7,
        "extractAirFilterPressure": 19,
        "operationMode": 12,
        "heatExchangerRegulator": 10000,
        "RhxEfficiency": 8300
    },
    {
        "timestamp": "2025-02-17T13:10:02.547154",
        "co2": 574,
        "supplyAirflow": 403,
        "extractAirflow": 391,
        "supplyAirDuctPressure": 39,
        "extractAirDuctPressure": 37,
        "supplyAirFanSpeedLevel": 3199,
        "extractAirFanSpeedLevel": 2534,
        "SFP": 5,
        "supplyAirTemperature": 2160,
        "extractAirTemperature": 2381,
        "outdoorTemperature": 262,
        "reheatLevel": 0,
        "coolingLevel": 0,
        "supplyAirFilterPressure": 6,
        "extractAirFilterPressure": 19,
        "operationMode": 12,
        "heatExchangerRegulator": 10000,
        "RhxEfficiency": 8301
    },
    {
        "timestamp": "2025-02-17T13:20:02.712011",
        "co2": 583,
        "supplyAirflow": 401,
        "extractAirflow": 391,
        "supplyAirDuctPressure": 39,
        "extractAirDuctPressure": 37,
        "supplyAirFanSpeedLevel": 3208,
        "extractAirFanSpeedLevel": 2536,
        "SFP": 5,
        "supplyAirTemperature": 1998,
        "extractAirTemperature": 2381,
        "outdoorTemperature": 326,
        "reheatLevel": 0,
        "coolingLevel": 0,
        "supplyAirFilterPressure": 7,
        "extractAirFilterPressure": 19,
        "operationMode": 12,
        "heatExchangerRegulator": 10000,
        "RhxEfficiency": 8301
    },
    {
        "timestamp": "2025-02-17T13:30:02.810454",
        "co2": 602,
        "supplyAirflow": 401,
        "extractAirflow": 394,
        "supplyAirDuctPressure": 37,
        "extractAirDuctPressure": 35,
        "supplyAirFanSpeedLevel": 3184,
        "extractAirFanSpeedLevel": 2535,
        "SFP": 5,
        "supplyAirTemperature": 1956,
        "extractAirTemperature": 2368,
        "outdoorTemperature": 337,
        "reheatLevel": 0,
        "coolingLevel": 0,
        "supplyAirFilterPressure": 7,
        "extractAirFilterPressure": 19,
        "operationMode": 12,
        "heatExchangerRegulator": 10000,
        "RhxEfficiency": 8309
    },
    {
        "timestamp": "2025-02-17T13:40:02.850940",
        "co2": 595,
        "supplyAirflow": 406,
        "extractAirflow": 390,
        "supplyAirDuctPressure": 34,
        "extractAirDuctPressure": 37,
        "supplyAirFanSpeedLevel": 3210,
        "extractAirFanSpeedLevel": 2548,
        "SFP": 5,
        "supplyAirTemperature": 1937,
        "extractAirTemperature": 2348,
        "outdoorTemperature": 337,
        "reheatLevel": 0,
        "coolingLevel": 0,
        "supplyAirFilterPressure": 7,
        "extractAirFilterPressure": 19,
        "operationMode": 12,
        "heatExchangerRegulator": 10000,
        "RhxEfficiency": 8301
    },
    {
        "timestamp": "2025-02-17T13:50:02.833240",
        "co2": 601,
        "supplyAirflow": 406,
        "extractAirflow": 387,
        "supplyAirDuctPressure": 38,
        "extractAirDuctPressure": 37,
        "supplyAirFanSpeedLevel": 3201,
        "extractAirFanSpeedLevel": 2547,
        "SFP": 5,
        "supplyAirTemperature": 1937,
        "extractAirTemperature": 2344,
        "outdoorTemperature": 375,
        "reheatLevel": 0,
        "coolingLevel": 0,
        "supplyAirFilterPressure": 7,
        "extractAirFilterPressure": 19,
        "operationMode": 12,
        "heatExchangerRegulator": 10000,
        "RhxEfficiency": 8301
    },
    {
        "timestamp": "2025-02-17T14:00:02.872777",
        "co2": 601,
        "supplyAirflow": 401,
        "extractAirflow": 390,
        "supplyAirDuctPressure": 38,
        "extractAirDuctPressure": 37,
        "supplyAirFanSpeedLevel": 3211,
        "extractAirFanSpeedLevel": 2554,
        "SFP": 5,
        "supplyAirTemperature": 1931,
        "extractAirTemperature": 2356,
        "outdoorTemperature": 400,
        "reheatLevel": 0,
        "coolingLevel": 0,
        "supplyAirFilterPressure": 7,
        "extractAirFilterPressure": 19,
        "operationMode": 12,
        "heatExchangerRegulator": 10000,
        "RhxEfficiency": 8302
    },
    {
        "timestamp": "2025-02-17T14:10:02.832165",
        "co2": 602,
        "supplyAirflow": 406,
        "extractAirflow": 387,
        "supplyAirDuctPressure": 34,
        "extractAirDuctPressure": 36,
        "supplyAirFanSpeedLevel": 3201,
        "extractAirFanSpeedLevel": 2546,
        "SFP": 5,
        "supplyAirTemperature": 1937,
        "extractAirTemperature": 2370,
        "outdoorTemperature": 493,
        "reheatLevel": 0,
        "coolingLevel": 0,
        "supplyAirFilterPressure": 7,
        "extractAirFilterPressure": 18,
        "operationMode": 12,
        "heatExchangerRegulator": 10000,
        "RhxEfficiency": 8300
    },
    {
        "timestamp": "2025-02-17T14:20:02.895662",
        "co2": 608,
        "supplyAirflow": 406,
        "extractAirflow": 390,
        "supplyAirDuctPressure": 31,
        "extractAirDuctPressure": 37,
        "supplyAirFanSpeedLevel": 3201,
        "extractAirFanSpeedLevel": 2549,
        "SFP": 5,
        "supplyAirTemperature": 1945,
        "extractAirTemperature": 2375,
        "outdoorTemperature": 493,
        "reheatLevel": 0,
        "coolingLevel": 0,
        "supplyAirFilterPressure": 7,
        "extractAirFilterPressure": 18,
        "operationMode": 12,
        "heatExchangerRegulator": 10000,
        "RhxEfficiency": 8300
    },
    {
        "timestamp": "2025-02-17T14:30:02.765198",
        "co2": 617,
        "supplyAirflow": 403,
        "extractAirflow": 384,
        "supplyAirDuctPressure": 39,
        "extractAirDuctPressure": 35,
        "supplyAirFanSpeedLevel": 3219,
        "extractAirFanSpeedLevel": 2552,
        "SFP": 5,
        "supplyAirTemperature": 1945,
        "extractAirTemperature": 2381,
        "outdoorTemperature": 487,
        "reheatLevel": 0,
        "coolingLevel": 0,
        "supplyAirFilterPressure": 7,
        "extractAirFilterPressure": 18,
        "operationMode": 12,
        "heatExchangerRegulator": 10000,
        "RhxEfficiency": 8306
    },
    {
        "timestamp": "2025-02-17T14:40:02.841879",
        "co2": 544,
        "supplyAirflow": 412,
        "extractAirflow": 390,
        "supplyAirDuctPressure": 36,
        "extractAirDuctPressure": 37,
        "supplyAirFanSpeedLevel": 3216,
        "extractAirFanSpeedLevel": 2561,
        "SFP": 5,
        "supplyAirTemperature": 1945,
        "extractAirTemperature": 2381,
        "outdoorTemperature": 500,
        "reheatLevel": 0,
        "coolingLevel": 0,
        "supplyAirFilterPressure": 7,
        "extractAirFilterPressure": 19,
        "operationMode": 12,
        "heatExchangerRegulator": 10000,
        "RhxEfficiency": 8299
    },
    {
        "timestamp": "2025-02-17T14:50:02.886739",
        "co2": 582,
        "supplyAirflow": 406,
        "extractAirflow": 387,
        "supplyAirDuctPressure": 38,
        "extractAirDuctPressure": 37,
        "supplyAirFanSpeedLevel": 3205,
        "extractAirFanSpeedLevel": 2564,
        "SFP": 5,
        "supplyAirTemperature": 1943,
        "extractAirTemperature": 2381,
        "outdoorTemperature": 506,
        "reheatLevel": 0,
        "coolingLevel": 0,
        "supplyAirFilterPressure": 7,
        "extractAirFilterPressure": 19,
        "operationMode": 12,
        "heatExchangerRegulator": 10000,
        "RhxEfficiency": 8300
    },
    {
        "timestamp": "2025-02-17T15:00:02.840485",
        "co2": 602,
        "supplyAirflow": 406,
        "extractAirflow": 387,
        "supplyAirDuctPressure": 37,
        "extractAirDuctPressure": 37,
        "supplyAirFanSpeedLevel": 3236,
        "extractAirFanSpeedLevel": 2553,
        "SFP": 5,
        "supplyAirTemperature": 1943,
        "extractAirTemperature": 2381,
        "outdoorTemperature": 537,
        "reheatLevel": 0,
        "coolingLevel": 0,
        "supplyAirFilterPressure": 7,
        "extractAirFilterPressure": 19,
        "operationMode": 12,
        "heatExchangerRegulator": 9878,
        "RhxEfficiency": 8308
    },
    {
        "timestamp": "2025-02-17T15:10:02.902880",
        "co2": 601,
        "supplyAirflow": 401,
        "extractAirflow": 390,
        "supplyAirDuctPressure": 36,
        "extractAirDuctPressure": 36,
        "supplyAirFanSpeedLevel": 3216,
        "extractAirFanSpeedLevel": 2541,
        "SFP": 5,
        "supplyAirTemperature": 1943,
        "extractAirTemperature": 2381,
        "outdoorTemperature": 512,
        "reheatLevel": 0,
        "coolingLevel": 0,
        "supplyAirFilterPressure": 7,
        "extractAirFilterPressure": 19,
        "operationMode": 12,
        "heatExchangerRegulator": 9382,
        "RhxEfficiency": 8313
    },
    {
        "timestamp": "2025-02-17T15:20:02.865373",
        "co2": 594,
        "supplyAirflow": 409,
        "extractAirflow": 387,
        "supplyAirDuctPressure": 38,
        "extractAirDuctPressure": 37,
        "supplyAirFanSpeedLevel": 3187,
        "extractAirFanSpeedLevel": 2564,
        "SFP": 5,
        "supplyAirTemperature": 1943,
        "extractAirTemperature": 2381,
        "outdoorTemperature": 557,
        "reheatLevel": 0,
        "coolingLevel": 0,
        "supplyAirFilterPressure": 7,
        "extractAirFilterPressure": 19,
        "operationMode": 12,
        "heatExchangerRegulator": 8812,
        "RhxEfficiency": 8299
    },
    {
        "timestamp": "2025-02-17T15:30:02.915768",
        "co2": 489,
        "supplyAirflow": 401,
        "extractAirflow": 390,
        "supplyAirDuctPressure": 39,
        "extractAirDuctPressure": 37,
        "supplyAirFanSpeedLevel": 3186,
        "extractAirFanSpeedLevel": 2569,
        "SFP": 5,
        "supplyAirTemperature": 1931,
        "extractAirTemperature": 2373,
        "outdoorTemperature": 523,
        "reheatLevel": 0,
        "coolingLevel": 0,
        "supplyAirFilterPressure": 7,
        "extractAirFilterPressure": 19,
        "operationMode": 12,
        "heatExchangerRegulator": 8419,
        "RhxEfficiency": 8258
    },
    {
        "timestamp": "2025-02-17T15:40:03.124325",
        "co2": 455,
        "supplyAirflow": 202,
        "extractAirflow": 202,
        "supplyAirDuctPressure": 14,
        "extractAirDuctPressure": 15,
        "supplyAirFanSpeedLevel": 1416,
        "extractAirFanSpeedLevel": 1139,
        "SFP": 4,
        "supplyAirTemperature": 1919,
        "extractAirTemperature": 2373,
        "outdoorTemperature": 562,
        "reheatLevel": 0,
        "coolingLevel": 0,
        "supplyAirFilterPressure": 0,
        "extractAirFilterPressure": 11,
        "operationMode": 15,
        "heatExchangerRegulator": 8014,
        "RhxEfficiency": 7330
    },
    {
        "timestamp": "2025-02-17T15:50:03.051949",
        "co2": 441,
        "supplyAirflow": 206,
        "extractAirflow": 202,
        "supplyAirDuctPressure": 13,
        "extractAirDuctPressure": 15,
        "supplyAirFanSpeedLevel": 1410,
        "extractAirFanSpeedLevel": 1132,
        "SFP": 4,
        "supplyAirTemperature": 1937,
        "extractAirTemperature": 2375,
        "outdoorTemperature": 562,
        "reheatLevel": 0,
        "coolingLevel": 0,
        "supplyAirFilterPressure": 0,
        "extractAirFilterPressure": 11,
        "operationMode": 15,
        "heatExchangerRegulator": 7534,
        "RhxEfficiency": 5795
    },
    {
        "timestamp": "2025-02-17T16:00:03.031501",
        "co2": 437,
        "supplyAirflow": 197,
        "extractAirflow": 207,
        "supplyAirDuctPressure": 15,
        "extractAirDuctPressure": 14,
        "supplyAirFanSpeedLevel": 1406,
        "extractAirFanSpeedLevel": 1142,
        "SFP": 4,
        "supplyAirTemperature": 1937,
        "extractAirTemperature": 2375,
        "outdoorTemperature": 523,
        "reheatLevel": 0,
        "coolingLevel": 0,
        "supplyAirFilterPressure": 0,
        "extractAirFilterPressure": 11,
        "operationMode": 15,
        "heatExchangerRegulator": 7117,
        "RhxEfficiency": 4791
    },
    {
        "timestamp": "2025-02-17T16:10:02.989942",
        "co2": 438,
        "supplyAirflow": 202,
        "extractAirflow": 202,
        "supplyAirDuctPressure": 12,
        "extractAirDuctPressure": 16,
        "supplyAirFanSpeedLevel": 1410,
        "extractAirFanSpeedLevel": 1138,
        "SFP": 4,
        "supplyAirTemperature": 1923,
        "extractAirTemperature": 2374,
        "outdoorTemperature": 487,
        "reheatLevel": 0,
        "coolingLevel": 0,
        "supplyAirFilterPressure": 1,
        "extractAirFilterPressure": 11,
        "operationMode": 15,
        "heatExchangerRegulator": 6779,
        "RhxEfficiency": 4079
    },
    {
        "timestamp": "2025-02-17T16:20:03.036308",
        "co2": 432,
        "supplyAirflow": 206,
        "extractAirflow": 202,
        "supplyAirDuctPressure": 13,
        "extractAirDuctPressure": 16,
        "supplyAirFanSpeedLevel": 1408,
        "extractAirFanSpeedLevel": 1139,
        "SFP": 4,
        "supplyAirTemperature": 1912,
        "extractAirTemperature": 2343,
        "outdoorTemperature": 443,
        "reheatLevel": 0,
        "coolingLevel": 0,
        "supplyAirFilterPressure": 0,
        "extractAirFilterPressure": 11,
        "operationMode": 15,
        "heatExchangerRegulator": 6932,
        "RhxEfficiency": 4147
    },
    {
        "timestamp": "2025-02-17T16:30:02.995947",
        "co2": 431,
        "supplyAirflow": 202,
        "extractAirflow": 202,
        "supplyAirDuctPressure": 13,
        "extractAirDuctPressure": 16,
        "supplyAirFanSpeedLevel": 1388,
        "extractAirFanSpeedLevel": 1139,
        "SFP": 4,
        "supplyAirTemperature": 1912,
        "extractAirTemperature": 2306,
        "outdoorTemperature": 387,
        "reheatLevel": 0,
        "coolingLevel": 0,
        "supplyAirFilterPressure": 0,
        "extractAirFilterPressure": 11,
        "operationMode": 15,
        "heatExchangerRegulator": 7861,
        "RhxEfficiency": 6169
    },
    {
        "timestamp": "2025-02-17T16:40:02.979724",
        "co2": 432,
        "supplyAirflow": 202,
        "extractAirflow": 202,
        "supplyAirDuctPressure": 13,
        "extractAirDuctPressure": 16,
        "supplyAirFanSpeedLevel": 1392,
        "extractAirFanSpeedLevel": 1153,
        "SFP": 4,
        "supplyAirTemperature": 1912,
        "extractAirTemperature": 2273,
        "outdoorTemperature": 337,
        "reheatLevel": 0,
        "coolingLevel": 0,
        "supplyAirFilterPressure": 0,
        "extractAirFilterPressure": 11,
        "operationMode": 15,
        "heatExchangerRegulator": 9850,
        "RhxEfficiency": 8400
    },
    {
        "timestamp": "2025-02-17T16:50:02.856138",
        "co2": 423,
        "supplyAirflow": 202,
        "extractAirflow": 202,
        "supplyAirDuctPressure": 12,
        "extractAirDuctPressure": 15,
        "supplyAirFanSpeedLevel": 1396,
        "extractAirFanSpeedLevel": 1134,
        "SFP": 4,
        "supplyAirTemperature": 1906,
        "extractAirTemperature": 2248,
        "outdoorTemperature": 293,
        "reheatLevel": 0,
        "coolingLevel": 0,
        "supplyAirFilterPressure": 0,
        "extractAirFilterPressure": 11,
        "operationMode": 15,
        "heatExchangerRegulator": 10000,
        "RhxEfficiency": 8400
    },
    {
        "timestamp": "2025-02-17T17:00:02.856953",
        "co2": 425,
        "supplyAirflow": 206,
        "extractAirflow": 197,
        "supplyAirDuctPressure": 13,
        "extractAirDuctPressure": 16,
        "supplyAirFanSpeedLevel": 1399,
        "extractAirFanSpeedLevel": 1139,
        "SFP": 4,
        "supplyAirTemperature": 1370,
        "extractAirTemperature": 2218,
        "outdoorTemperature": 206,
        "reheatLevel": 2537,
        "coolingLevel": 0,
        "supplyAirFilterPressure": 0,
        "extractAirFilterPressure": 11,
        "operationMode": 15,
        "heatExchangerRegulator": 10000,
        "RhxEfficiency": 8400
    },
    {
        "timestamp": "2025-02-17T17:10:02.693843",
        "co2": 426,
        "supplyAirflow": 197,
        "extractAirflow": 202,
        "supplyAirDuctPressure": 16,
        "extractAirDuctPressure": 15,
        "supplyAirFanSpeedLevel": 1492,
        "extractAirFanSpeedLevel": 1142,
        "SFP": 4,
        "supplyAirTemperature": 3622,
        "extractAirTemperature": 2181,
        "outdoorTemperature": 123,
        "reheatLevel": 0,
        "coolingLevel": 0,
        "supplyAirFilterPressure": 0,
        "extractAirFilterPressure": 11,
        "operationMode": 15,
        "heatExchangerRegulator": 10000,
        "RhxEfficiency": 8400
    },
    {
        "timestamp": "2025-02-17T17:20:02.681149",
        "co2": 430,
        "supplyAirflow": 202,
        "extractAirflow": 202,
        "supplyAirDuctPressure": 12,
        "extractAirDuctPressure": 15,
        "supplyAirFanSpeedLevel": 1422,
        "extractAirFanSpeedLevel": 1135,
        "SFP": 4,
        "supplyAirTemperature": 2214,
        "extractAirTemperature": 2168,
        "outdoorTemperature": 123,
        "reheatLevel": 2512,
        "coolingLevel": 0,
        "supplyAirFilterPressure": 0,
        "extractAirFilterPressure": 11,
        "operationMode": 15,
        "heatExchangerRegulator": 10000,
        "RhxEfficiency": 8400
    },
    {
        "timestamp": "2025-02-17T17:30:02.838537",
        "co2": 426,
        "supplyAirflow": 202,
        "extractAirflow": 202,
        "supplyAirDuctPressure": 14,
        "extractAirDuctPressure": 15,
        "supplyAirFanSpeedLevel": 1403,
        "extractAirFanSpeedLevel": 1134,
        "SFP": 4,
        "supplyAirTemperature": 2440,
        "extractAirTemperature": 2156,
        "outdoorTemperature": 73,
        "reheatLevel": 0,
        "coolingLevel": 0,
        "supplyAirFilterPressure": 0,
        "extractAirFilterPressure": 11,
        "operationMode": 15,
        "heatExchangerRegulator": 10000,
        "RhxEfficiency": 8400
    },
    {
        "timestamp": "2025-02-17T17:40:02.714350",
        "co2": 422,
        "supplyAirflow": 202,
        "extractAirflow": 202,
        "supplyAirDuctPressure": 14,
        "extractAirDuctPressure": 15,
        "supplyAirFanSpeedLevel": 1449,
        "extractAirFanSpeedLevel": 1140,
        "SFP": 4,
        "supplyAirTemperature": 2453,
        "extractAirTemperature": 2137,
        "outdoorTemperature": 87,
        "reheatLevel": 2512,
        "coolingLevel": 0,
        "supplyAirFilterPressure": 0,
        "extractAirFilterPressure": 11,
        "operationMode": 15,
        "heatExchangerRegulator": 10000,
        "RhxEfficiency": 8398
    },
    {
        "timestamp": "2025-02-17T17:50:02.718866",
        "co2": 420,
        "supplyAirflow": 202,
        "extractAirflow": 196,
        "supplyAirDuctPressure": 12,
        "extractAirDuctPressure": 15,
        "supplyAirFanSpeedLevel": 1402,
        "extractAirFanSpeedLevel": 1142,
        "SFP": 4,
        "supplyAirTemperature": 1968,
        "extractAirTemperature": 2123,
        "outdoorTemperature": 68,
        "reheatLevel": 2399,
        "coolingLevel": 0,
        "supplyAirFilterPressure": 0,
        "extractAirFilterPressure": 11,
        "operationMode": 15,
        "heatExchangerRegulator": 10000,
        "RhxEfficiency": 8400
    },
    {
        "timestamp": "2025-02-17T18:00:02.618837",
        "co2": 423,
        "supplyAirflow": 197,
        "extractAirflow": 202,
        "supplyAirDuctPressure": 16,
        "extractAirDuctPressure": 14,
        "supplyAirFanSpeedLevel": 1470,
        "extractAirFanSpeedLevel": 1133,
        "SFP": 4,
        "supplyAirTemperature": 3576,
        "extractAirTemperature": 2123,
        "outdoorTemperature": 62,
        "reheatLevel": 2500,
        "coolingLevel": 0,
        "supplyAirFilterPressure": 0,
        "extractAirFilterPressure": 11,
        "operationMode": 15,
        "heatExchangerRegulator": 10000,
        "RhxEfficiency": 8402
    },
    {
        "timestamp": "2025-02-17T18:10:02.665906",
        "co2": 424,
        "supplyAirflow": 206,
        "extractAirflow": 202,
        "supplyAirDuctPressure": 12,
        "extractAirDuctPressure": 15,
        "supplyAirFanSpeedLevel": 1439,
        "extractAirFanSpeedLevel": 1133,
        "SFP": 4,
        "supplyAirTemperature": 2351,
        "extractAirTemperature": 2125,
        "outdoorTemperature": 56,
        "reheatLevel": 2537,
        "coolingLevel": 0,
        "supplyAirFilterPressure": 0,
        "extractAirFilterPressure": 11,
        "operationMode": 15,
        "heatExchangerRegulator": 10000,
        "RhxEfficiency": 8399
    },
    {
        "timestamp": "2025-02-17T18:20:02.719705",
        "co2": 424,
        "supplyAirflow": 202,
        "extractAirflow": 202,
        "supplyAirDuctPressure": 14,
        "extractAirDuctPressure": 15,
        "supplyAirFanSpeedLevel": 1409,
        "extractAirFanSpeedLevel": 1137,
        "SFP": 4,
        "supplyAirTemperature": 2452,
        "extractAirTemperature": 2127,
        "outdoorTemperature": 68,
        "reheatLevel": 310,
        "coolingLevel": 0,
        "supplyAirFilterPressure": 0,
        "extractAirFilterPressure": 11,
        "operationMode": 15,
        "heatExchangerRegulator": 10000,
        "RhxEfficiency": 8400
    },
    {
        "timestamp": "2025-02-17T18:30:02.790061",
        "co2": 428,
        "supplyAirflow": 202,
        "extractAirflow": 202,
        "supplyAirDuctPressure": 14,
        "extractAirDuctPressure": 15,
        "supplyAirFanSpeedLevel": 1465,
        "extractAirFanSpeedLevel": 1134,
        "SFP": 4,
        "supplyAirTemperature": 3214,
        "extractAirTemperature": 2131,
        "outdoorTemperature": 56,
        "reheatLevel": 2512,
        "coolingLevel": 0,
        "supplyAirFilterPressure": 0,
        "extractAirFilterPressure": 11,
        "operationMode": 15,
        "heatExchangerRegulator": 10000,
        "RhxEfficiency": 8400
    },
    {
        "timestamp": "2025-02-17T18:40:02.730469",
        "co2": 424,
        "supplyAirflow": 197,
        "extractAirflow": 202,
        "supplyAirDuctPressure": 13,
        "extractAirDuctPressure": 15,
        "supplyAirFanSpeedLevel": 1395,
        "extractAirFanSpeedLevel": 1139,
        "SFP": 4,
        "supplyAirTemperature": 1951,
        "extractAirTemperature": 2131,
        "outdoorTemperature": 12,
        "reheatLevel": 2500,
        "coolingLevel": 0,
        "supplyAirFilterPressure": 0,
        "extractAirFilterPressure": 11,
        "operationMode": 15,
        "heatExchangerRegulator": 10000,
        "RhxEfficiency": 8402
    },
    {
        "timestamp": "2025-02-17T18:50:02.707404",
        "co2": 430,
        "supplyAirflow": 202,
        "extractAirflow": 202,
        "supplyAirDuctPressure": 14,
        "extractAirDuctPressure": 15,
        "supplyAirFanSpeedLevel": 1403,
        "extractAirFanSpeedLevel": 1144,
        "SFP": 4,
        "supplyAirTemperature": 2905,
        "extractAirTemperature": 2131,
        "outdoorTemperature": -45,
        "reheatLevel": 0,
        "coolingLevel": 0,
        "supplyAirFilterPressure": 0,
        "extractAirFilterPressure": 11,
        "operationMode": 15,
        "heatExchangerRegulator": 10000,
        "RhxEfficiency": 8400
    },
    {
        "timestamp": "2025-02-17T19:00:02.636099",
        "co2": 425,
        "supplyAirflow": 197,
        "extractAirflow": 202,
        "supplyAirDuctPressure": 15,
        "extractAirDuctPressure": 15,
        "supplyAirFanSpeedLevel": 1448,
        "extractAirFanSpeedLevel": 1133,
        "SFP": 4,
        "supplyAirTemperature": 2883,
        "extractAirTemperature": 2137,
        "outdoorTemperature": -50,
        "reheatLevel": 2500,
        "coolingLevel": 0,
        "supplyAirFilterPressure": 0,
        "extractAirFilterPressure": 11,
        "operationMode": 15,
        "heatExchangerRegulator": 10000,
        "RhxEfficiency": 8403
    },
    {
        "timestamp": "2025-02-17T19:10:02.661056",
        "co2": 427,
        "supplyAirflow": 206,
        "extractAirflow": 202,
        "supplyAirDuctPressure": 13,
        "extractAirDuctPressure": 15,
        "supplyAirFanSpeedLevel": 1407,
        "extractAirFanSpeedLevel": 1138,
        "SFP": 4,
        "supplyAirTemperature": 2093,
        "extractAirTemperature": 2137,
        "outdoorTemperature": -56,
        "reheatLevel": 2537,
        "coolingLevel": 0,
        "supplyAirFilterPressure": 0,
        "extractAirFilterPressure": 11,
        "operationMode": 15,
        "heatExchangerRegulator": 10000,
        "RhxEfficiency": 8398
    },
    {
        "timestamp": "2025-02-17T19:20:02.668386",
        "co2": 426,
        "supplyAirflow": 202,
        "extractAirflow": 202,
        "supplyAirDuctPressure": 15,
        "extractAirDuctPressure": 15,
        "supplyAirFanSpeedLevel": 1415,
        "extractAirFanSpeedLevel": 1134,
        "SFP": 4,
        "supplyAirTemperature": 3768,
        "extractAirTemperature": 2137,
        "outdoorTemperature": -31,
        "reheatLevel": 0,
        "coolingLevel": 0,
        "supplyAirFilterPressure": 0,
        "extractAirFilterPressure": 11,
        "operationMode": 15,
        "heatExchangerRegulator": 10000,
        "RhxEfficiency": 8394
    },
    {
        "timestamp": "2025-02-17T19:30:02.631961",
        "co2": 427,
        "supplyAirflow": 197,
        "extractAirflow": 202,
        "supplyAirDuctPressure": 13,
        "extractAirDuctPressure": 15,
        "supplyAirFanSpeedLevel": 1416,
        "extractAirFanSpeedLevel": 1133,
        "SFP": 4,
        "supplyAirTemperature": 2627,
        "extractAirTemperature": 2137,
        "outdoorTemperature": -6,
        "reheatLevel": 2500,
        "coolingLevel": 0,
        "supplyAirFilterPressure": 0,
        "extractAirFilterPressure": 11,
        "operationMode": 15,
        "heatExchangerRegulator": 10000,
        "RhxEfficiency": 8402
    },
    {
        "timestamp": "2025-02-17T19:40:02.517501",
        "co2": 430,
        "supplyAirflow": 202,
        "extractAirflow": 202,
        "supplyAirDuctPressure": 12,
        "extractAirDuctPressure": 15,
        "supplyAirFanSpeedLevel": 1354,
        "extractAirFanSpeedLevel": 1142,
        "SFP": 4,
        "supplyAirTemperature": 1945,
        "extractAirTemperature": 2137,
        "outdoorTemperature": 23,
        "reheatLevel": 1764,
        "coolingLevel": 0,
        "supplyAirFilterPressure": 0,
        "extractAirFilterPressure": 11,
        "operationMode": 15,
        "heatExchangerRegulator": 10000,
        "RhxEfficiency": 8398
    },
    {
        "timestamp": "2025-02-17T19:50:02.530937",
        "co2": 434,
        "supplyAirflow": 202,
        "extractAirflow": 202,
        "supplyAirDuctPressure": 16,
        "extractAirDuctPressure": 15,
        "supplyAirFanSpeedLevel": 1460,
        "extractAirFanSpeedLevel": 1139,
        "SFP": 4,
        "supplyAirTemperature": 3409,
        "extractAirTemperature": 2137,
        "outdoorTemperature": 6,
        "reheatLevel": 2512,
        "coolingLevel": 0,
        "supplyAirFilterPressure": 0,
        "extractAirFilterPressure": 11,
        "operationMode": 15,
        "heatExchangerRegulator": 10000,
        "RhxEfficiency": 8400
    },
    {
        "timestamp": "2025-02-17T20:00:02.411658",
        "co2": 435,
        "supplyAirflow": 202,
        "extractAirflow": 202,
        "supplyAirDuctPressure": 13,
        "extractAirDuctPressure": 15,
        "supplyAirFanSpeedLevel": 1416,
        "extractAirFanSpeedLevel": 1132,
        "SFP": 4,
        "supplyAirTemperature": 2115,
        "extractAirTemperature": 2145,
        "outdoorTemperature": 6,
        "reheatLevel": 2512,
        "coolingLevel": 0,
        "supplyAirFilterPressure": 0,
        "extractAirFilterPressure": 11,
        "operationMode": 15,
        "heatExchangerRegulator": 10000,
        "RhxEfficiency": 8402
    },
    {
        "timestamp": "2025-02-17T20:10:02.216327",
        "co2": 431,
        "supplyAirflow": 206,
        "extractAirflow": 202,
        "supplyAirDuctPressure": 12,
        "extractAirDuctPressure": 15,
        "supplyAirFanSpeedLevel": 1409,
        "extractAirFanSpeedLevel": 1136,
        "SFP": 4,
        "supplyAirTemperature": 2576,
        "extractAirTemperature": 2143,
        "outdoorTemperature": 0,
        "reheatLevel": 0,
        "coolingLevel": 0,
        "supplyAirFilterPressure": 0,
        "extractAirFilterPressure": 11,
        "operationMode": 15,
        "heatExchangerRegulator": 10000,
        "RhxEfficiency": 8399
    },
    {
        "timestamp": "2025-02-17T20:20:03.107304",
        "co2": 429,
        "supplyAirflow": 202,
        "extractAirflow": 202,
        "supplyAirDuctPressure": 15,
        "extractAirDuctPressure": 15,
        "supplyAirFanSpeedLevel": 1448,
        "extractAirFanSpeedLevel": 1142,
        "SFP": 4,
        "supplyAirTemperature": 2952,
        "extractAirTemperature": 2143,
        "outdoorTemperature": -18,
        "reheatLevel": 2512,
        "coolingLevel": 0,
        "supplyAirFilterPressure": 0,
        "extractAirFilterPressure": 11,
        "operationMode": 15,
        "heatExchangerRegulator": 10000,
        "RhxEfficiency": 8399
    },
    {
        "timestamp": "2025-02-17T20:30:03.037435",
        "co2": 432,
        "supplyAirflow": 202,
        "extractAirflow": 202,
        "supplyAirDuctPressure": 13,
        "extractAirDuctPressure": 15,
        "supplyAirFanSpeedLevel": 1405,
        "extractAirFanSpeedLevel": 1145,
        "SFP": 4,
        "supplyAirTemperature": 2124,
        "extractAirTemperature": 2137,
        "outdoorTemperature": -43,
        "reheatLevel": 2512,
        "coolingLevel": 0,
        "supplyAirFilterPressure": 0,
        "extractAirFilterPressure": 11,
        "operationMode": 15,
        "heatExchangerRegulator": 10000,
        "RhxEfficiency": 8399
    },
    {
        "timestamp": "2025-02-17T20:40:02.848351",
        "co2": 429,
        "supplyAirflow": 202,
        "extractAirflow": 197,
        "supplyAirDuctPressure": 13,
        "extractAirDuctPressure": 15,
        "supplyAirFanSpeedLevel": 1436,
        "extractAirFanSpeedLevel": 1127,
        "SFP": 4,
        "supplyAirTemperature": 3329,
        "extractAirTemperature": 2137,
        "outdoorTemperature": -19,
        "reheatLevel": 0,
        "coolingLevel": 0,
        "supplyAirFilterPressure": 0,
        "extractAirFilterPressure": 11,
        "operationMode": 15,
        "heatExchangerRegulator": 10000,
        "RhxEfficiency": 8399
    },
    {
        "timestamp": "2025-02-17T20:50:02.811060",
        "co2": 433,
        "supplyAirflow": 202,
        "extractAirflow": 202,
        "supplyAirDuctPressure": 14,
        "extractAirDuctPressure": 15,
        "supplyAirFanSpeedLevel": 1441,
        "extractAirFanSpeedLevel": 1142,
        "SFP": 4,
        "supplyAirTemperature": 2672,
        "extractAirTemperature": 2137,
        "outdoorTemperature": -37,
        "reheatLevel": 2512,
        "coolingLevel": 0,
        "supplyAirFilterPressure": 0,
        "extractAirFilterPressure": 11,
        "operationMode": 15,
        "heatExchangerRegulator": 10000,
        "RhxEfficiency": 8400
    },
    {
        "timestamp": "2025-02-17T21:00:02.772347",
        "co2": 431,
        "supplyAirflow": 202,
        "extractAirflow": 202,
        "supplyAirDuctPressure": 12,
        "extractAirDuctPressure": 15,
        "supplyAirFanSpeedLevel": 1437,
        "extractAirFanSpeedLevel": 1125,
        "SFP": 4,
        "supplyAirTemperature": 2271,
        "extractAirTemperature": 2131,
        "outdoorTemperature": -69,
        "reheatLevel": 2352,
        "coolingLevel": 0,
        "supplyAirFilterPressure": 0,
        "extractAirFilterPressure": 11,
        "operationMode": 15,
        "heatExchangerRegulator": 10000,
        "RhxEfficiency": 8400
    },
    {
        "timestamp": "2025-02-17T21:10:02.853334",
        "co2": 435,
        "supplyAirflow": 197,
        "extractAirflow": 197,
        "supplyAirDuctPressure": 16,
        "extractAirDuctPressure": 15,
        "supplyAirFanSpeedLevel": 1465,
        "extractAirFanSpeedLevel": 1134,
        "SFP": 4,
        "supplyAirTemperature": 3596,
        "extractAirTemperature": 2123,
        "outdoorTemperature": -106,
        "reheatLevel": 2500,
        "coolingLevel": 0,
        "supplyAirFilterPressure": 0,
        "extractAirFilterPressure": 11,
        "operationMode": 15,
        "heatExchangerRegulator": 10000,
        "RhxEfficiency": 8400
    },
    {
        "timestamp": "2025-02-17T21:20:02.804171",
        "co2": 427,
        "supplyAirflow": 202,
        "extractAirflow": 202,
        "supplyAirDuctPressure": 13,
        "extractAirDuctPressure": 15,
        "supplyAirFanSpeedLevel": 1425,
        "extractAirFanSpeedLevel": 1138,
        "SFP": 4,
        "supplyAirTemperature": 2489,
        "extractAirTemperature": 2123,
        "outdoorTemperature": -131,
        "reheatLevel": 2512,
        "coolingLevel": 0,
        "supplyAirFilterPressure": 0,
        "extractAirFilterPressure": 11,
        "operationMode": 15,
        "heatExchangerRegulator": 10000,
        "RhxEfficiency": 8400
    },
    {
        "timestamp": "2025-02-17T21:30:02.790016",
        "co2": 424,
        "supplyAirflow": 202,
        "extractAirflow": 202,
        "supplyAirDuctPressure": 14,
        "extractAirDuctPressure": 15,
        "supplyAirFanSpeedLevel": 1411,
        "extractAirFanSpeedLevel": 1134,
        "SFP": 4,
        "supplyAirTemperature": 2315,
        "extractAirTemperature": 2123,
        "outdoorTemperature": -165,
        "reheatLevel": 2323,
        "coolingLevel": 0,
        "supplyAirFilterPressure": 0,
        "extractAirFilterPressure": 11,
        "operationMode": 15,
        "heatExchangerRegulator": 10000,
        "RhxEfficiency": 8400
    },
    {
        "timestamp": "2025-02-17T21:40:02.648470",
        "co2": 425,
        "supplyAirflow": 197,
        "extractAirflow": 202,
        "supplyAirDuctPressure": 16,
        "extractAirDuctPressure": 15,
        "supplyAirFanSpeedLevel": 1471,
        "extractAirFanSpeedLevel": 1140,
        "SFP": 4,
        "supplyAirTemperature": 3445,
        "extractAirTemperature": 2123,
        "outdoorTemperature": -150,
        "reheatLevel": 2500,
        "coolingLevel": 0,
        "supplyAirFilterPressure": 0,
        "extractAirFilterPressure": 11,
        "operationMode": 15,
        "heatExchangerRegulator": 10000,
        "RhxEfficiency": 8403
    },
    {
        "timestamp": "2025-02-17T21:50:02.620564",
        "co2": 427,
        "supplyAirflow": 206,
        "extractAirflow": 202,
        "supplyAirDuctPressure": 13,
        "extractAirDuctPressure": 14,
        "supplyAirFanSpeedLevel": 1427,
        "extractAirFanSpeedLevel": 1139,
        "SFP": 4,
        "supplyAirTemperature": 2543,
        "extractAirTemperature": 2123,
        "outdoorTemperature": -162,
        "reheatLevel": 2537,
        "coolingLevel": 0,
        "supplyAirFilterPressure": 0,
        "extractAirFilterPressure": 11,
        "operationMode": 15,
        "heatExchangerRegulator": 10000,
        "RhxEfficiency": 8399
    },
    {
        "timestamp": "2025-02-17T22:00:02.468268",
        "co2": 424,
        "supplyAirflow": 202,
        "extractAirflow": 202,
        "supplyAirDuctPressure": 13,
        "extractAirDuctPressure": 15,
        "supplyAirFanSpeedLevel": 1423,
        "extractAirFanSpeedLevel": 1134,
        "SFP": 4,
        "supplyAirTemperature": 2320,
        "extractAirTemperature": 2123,
        "outdoorTemperature": -131,
        "reheatLevel": 2290,
        "coolingLevel": 0,
        "supplyAirFilterPressure": 0,
        "extractAirFilterPressure": 11,
        "operationMode": 15,
        "heatExchangerRegulator": 10000,
        "RhxEfficiency": 8401
    },
    {
        "timestamp": "2025-02-17T22:10:02.342275",
        "co2": 425,
        "supplyAirflow": 197,
        "extractAirflow": 202,
        "supplyAirDuctPressure": 16,
        "extractAirDuctPressure": 15,
        "supplyAirFanSpeedLevel": 1498,
        "extractAirFanSpeedLevel": 1142,
        "SFP": 4,
        "supplyAirTemperature": 3526,
        "extractAirTemperature": 2118,
        "outdoorTemperature": -131,
        "reheatLevel": 2500,
        "coolingLevel": 0,
        "supplyAirFilterPressure": 0,
        "extractAirFilterPressure": 11,
        "operationMode": 15,
        "heatExchangerRegulator": 10000,
        "RhxEfficiency": 8401
    },
    {
        "timestamp": "2025-02-17T22:20:02.334585",
        "co2": 424,
        "supplyAirflow": 202,
        "extractAirflow": 202,
        "supplyAirDuctPressure": 14,
        "extractAirDuctPressure": 15,
        "supplyAirFanSpeedLevel": 1446,
        "extractAirFanSpeedLevel": 1139,
        "SFP": 4,
        "supplyAirTemperature": 2567,
        "extractAirTemperature": 2118,
        "outdoorTemperature": -118,
        "reheatLevel": 2512,
        "coolingLevel": 0,
        "supplyAirFilterPressure": 0,
        "extractAirFilterPressure": 11,
        "operationMode": 15,
        "heatExchangerRegulator": 10000,
        "RhxEfficiency": 8395
    },
    {
        "timestamp": "2025-02-17T22:30:02.199090",
        "co2": 423,
        "supplyAirflow": 206,
        "extractAirflow": 197,
        "supplyAirDuctPressure": 12,
        "extractAirDuctPressure": 15,
        "supplyAirFanSpeedLevel": 1409,
        "extractAirFanSpeedLevel": 1138,
        "SFP": 4,
        "supplyAirTemperature": 2323,
        "extractAirTemperature": 2112,
        "outdoorTemperature": -125,
        "reheatLevel": 2537,
        "coolingLevel": 0,
        "supplyAirFilterPressure": 0,
        "extractAirFilterPressure": 11,
        "operationMode": 15,
        "heatExchangerRegulator": 10000,
        "RhxEfficiency": 8400
    },
    {
        "timestamp": "2025-02-17T22:40:03.093987",
        "co2": 425,
        "supplyAirflow": 202,
        "extractAirflow": 202,
        "supplyAirDuctPressure": 16,
        "extractAirDuctPressure": 14,
        "supplyAirFanSpeedLevel": 1513,
        "extractAirFanSpeedLevel": 1103,
        "SFP": 4,
        "supplyAirTemperature": 3522,
        "extractAirTemperature": 2112,
        "outdoorTemperature": -73,
        "reheatLevel": 2512,
        "coolingLevel": 0,
        "supplyAirFilterPressure": 0,
        "extractAirFilterPressure": 11,
        "operationMode": 15,
        "heatExchangerRegulator": 10000,
        "RhxEfficiency": 8402
    },
    {
        "timestamp": "2025-02-17T22:50:03.057156",
        "co2": 421,
        "supplyAirflow": 197,
        "extractAirflow": 202,
        "supplyAirDuctPressure": 13,
        "extractAirDuctPressure": 15,
        "supplyAirFanSpeedLevel": 1414,
        "extractAirFanSpeedLevel": 1146,
        "SFP": 4,
        "supplyAirTemperature": 1521,
        "extractAirTemperature": 2106,
        "outdoorTemperature": -51,
        "reheatLevel": 2500,
        "coolingLevel": 0,
        "supplyAirFilterPressure": 0,
        "extractAirFilterPressure": 11,
        "operationMode": 15,
        "heatExchangerRegulator": 10000,
        "RhxEfficiency": 8398
    },
    {
        "timestamp": "2025-02-17T23:00:02.924528",
        "co2": 424,
        "supplyAirflow": 206,
        "extractAirflow": 202,
        "supplyAirDuctPressure": 13,
        "extractAirDuctPressure": 15,
        "supplyAirFanSpeedLevel": 1435,
        "extractAirFanSpeedLevel": 1124,
        "SFP": 4,
        "supplyAirTemperature": 2645,
        "extractAirTemperature": 2081,
        "outdoorTemperature": -56,
        "reheatLevel": 640,
        "coolingLevel": 0,
        "supplyAirFilterPressure": 0,
        "extractAirFilterPressure": 11,
        "operationMode": 15,
        "heatExchangerRegulator": 10000,
        "RhxEfficiency": 8401
    },
    {
        "timestamp": "2025-02-17T23:10:02.882388",
        "co2": 426,
        "supplyAirflow": 206,
        "extractAirflow": 202,
        "supplyAirDuctPressure": 14,
        "extractAirDuctPressure": 14,
        "supplyAirFanSpeedLevel": 1457,
        "extractAirFanSpeedLevel": 1125,
        "SFP": 4,
        "supplyAirTemperature": 3800,
        "extractAirTemperature": 2081,
        "outdoorTemperature": -37,
        "reheatLevel": 0,
        "coolingLevel": 0,
        "supplyAirFilterPressure": 0,
        "extractAirFilterPressure": 11,
        "operationMode": 15,
        "heatExchangerRegulator": 10000,
        "RhxEfficiency": 8393
    },
    {
        "timestamp": "2025-02-17T23:20:02.727158",
        "co2": 422,
        "supplyAirflow": 197,
        "extractAirflow": 202,
        "supplyAirDuctPressure": 16,
        "extractAirDuctPressure": 14,
        "supplyAirFanSpeedLevel": 1491,
        "extractAirFanSpeedLevel": 1119,
        "SFP": 4,
        "supplyAirTemperature": 3416,
        "extractAirTemperature": 2081,
        "outdoorTemperature": -50,
        "reheatLevel": 2500,
        "coolingLevel": 0,
        "supplyAirFilterPressure": 0,
        "extractAirFilterPressure": 11,
        "operationMode": 15,
        "heatExchangerRegulator": 10000,
        "RhxEfficiency": 8401
    },
    {
        "timestamp": "2025-02-17T23:30:02.694607",
        "co2": 425,
        "supplyAirflow": 202,
        "extractAirflow": 202,
        "supplyAirDuctPressure": 14,
        "extractAirDuctPressure": 14,
        "supplyAirFanSpeedLevel": 1465,
        "extractAirFanSpeedLevel": 1132,
        "SFP": 4,
        "supplyAirTemperature": 3122,
        "extractAirTemperature": 2095,
        "outdoorTemperature": -62,
        "reheatLevel": 2512,
        "coolingLevel": 0,
        "supplyAirFilterPressure": 0,
        "extractAirFilterPressure": 11,
        "operationMode": 15,
        "heatExchangerRegulator": 10000,
        "RhxEfficiency": 8401
    },
    {
        "timestamp": "2025-02-17T23:40:02.856818",
        "co2": 420,
        "supplyAirflow": 197,
        "extractAirflow": 202,
        "supplyAirDuctPressure": 15,
        "extractAirDuctPressure": 15,
        "supplyAirFanSpeedLevel": 1451,
        "extractAirFanSpeedLevel": 1133,
        "SFP": 4,
        "supplyAirTemperature": 2926,
        "extractAirTemperature": 2106,
        "outdoorTemperature": -87,
        "reheatLevel": 2500,
        "coolingLevel": 0,
        "supplyAirFilterPressure": 0,
        "extractAirFilterPressure": 11,
        "operationMode": 15,
        "heatExchangerRegulator": 10000,
        "RhxEfficiency": 8403
    },
    {
        "timestamp": "2025-02-17T23:50:02.838813",
        "co2": 426,
        "supplyAirflow": 197,
        "extractAirflow": 202,
        "supplyAirDuctPressure": 12,
        "extractAirDuctPressure": 15,
        "supplyAirFanSpeedLevel": 1399,
        "extractAirFanSpeedLevel": 1138,
        "SFP": 4,
        "supplyAirTemperature": 2249,
        "extractAirTemperature": 2120,
        "outdoorTemperature": -123,
        "reheatLevel": 2500,
        "coolingLevel": 0,
        "supplyAirFilterPressure": 0,
        "extractAirFilterPressure": 11,
        "operationMode": 15,
        "heatExchangerRegulator": 10000,
        "RhxEfficiency": 8400
    }
]