[
    {
        "timestamp": "2025-02-18T00:00:03.096932",
        "co2": 423,
        "supplyAirflow": 202,
        "extractAirflow": 202,
        "supplyAirDuctPressure": 15,
        "extractAirDuctPressure": 15,
        "supplyAirFanSpeedLevel": 1477,
        "extractAirFanSpeedLevel": 1138,
        "SFP": 4,
        "supplyAirTemperature": 3711,
        "extractAirTemperature": 2118,
        "outdoorTemperature": -156,
        "reheatLevel": 0,
        "coolingLevel": 0,
        "supplyAirFilterPressure": 0,
        "extractAirFilterPressure": 11,
        "operationMode": 15,
        "heatExchangerRegulator": 10000,
        "RhxEfficiency": 8400
    },
    {
        "timestamp": "2025-02-18T00:10:02.907381",
        "co2": 414,
        "supplyAirflow": 202,
        "extractAirflow": 202,
        "supplyAirDuctPressure": 15,
        "extractAirDuctPressure": 14,
        "supplyAirFanSpeedLevel": 1431,
        "extractAirFanSpeedLevel": 1144,
        "SFP": 4,
        "supplyAirTemperature": 2622,
        "extractAirTemperature": 2118,
        "outdoorTemperature": -156,
        "reheatLevel": 2512,
        "coolingLevel": 0,
        "supplyAirFilterPressure": 0,
        "extractAirFilterPressure": 11,
        "operationMode": 15,
        "heatExchangerRegulator": 10000,
        "RhxEfficiency": 8399
    },
    {
        "timestamp": "2025-02-18T00:20:02.735234",
        "co2": 421,
        "supplyAirflow": 202,
        "extractAirflow": 202,
        "supplyAirDuctPressure": 12,
        "extractAirDuctPressure": 15,
        "supplyAirFanSpeedLevel": 1408,
        "extractAirFanSpeedLevel": 1134,
        "SFP": 4,
        "supplyAirTemperature": 2291,
        "extractAirTemperature": 2112,
        "outdoorTemperature": -198,
        "reheatLevel": 2512,
        "coolingLevel": 0,
        "supplyAirFilterPressure": 0,
        "extractAirFilterPressure": 11,
        "operationMode": 15,
        "heatExchangerRegulator": 10000,
        "RhxEfficiency": 8400
    },
    {
        "timestamp": "2025-02-18T00:30:02.594789",
        "co2": 423,
        "supplyAirflow": 202,
        "extractAirflow": 202,
        "supplyAirDuctPressure": 16,
        "extractAirDuctPressure": 15,
        "supplyAirFanSpeedLevel": 1505,
        "extractAirFanSpeedLevel": 1117,
        "SFP": 4,
        "supplyAirTemperature": 3601,
        "extractAirTemperature": 2106,
        "outdoorTemperature": -156,
        "reheatLevel": 2512,
        "coolingLevel": 0,
        "supplyAirFilterPressure": 0,
        "extractAirFilterPressure": 11,
        "operationMode": 15,
        "heatExchangerRegulator": 10000,
        "RhxEfficiency": 8401
    },
    {
        "timestamp": "2025-02-18T00:40:02.672625",
        "co2": 425,
        "supplyAirflow": 192,
        "extractAirflow": 202,
        "supplyAirDuctPressure": 15,
        "extractAirDuctPressure": 15,
        "supplyAirFanSpeedLevel": 1502,
        "extractAirFanSpeedLevel": 1109,
        "SFP": 4,
        "supplyAirTemperature": 3179,
        "extractAirTemperature": 2106,
        "outdoorTemperature": -145,
        "reheatLevel": 2500,
        "coolingLevel": 0,
        "supplyAirFilterPressure": 0,
        "extractAirFilterPressure": 11,
        "operationMode": 15,
        "heatExchangerRegulator": 10000,
        "RhxEfficiency": 8408
    },
    {
        "timestamp": "2025-02-18T00:50:02.531797",
        "co2": 417,
        "supplyAirflow": 202,
        "extractAirflow": 202,
        "supplyAirDuctPressure": 12,
        "extractAirDuctPressure": 14,
        "supplyAirFanSpeedLevel": 1432,
        "extractAirFanSpeedLevel": 1123,
        "SFP": 4,
        "supplyAirTemperature": 2129,
        "extractAirTemperature": 2106,
        "outdoorTemperature": -137,
        "reheatLevel": 2512,
        "coolingLevel": 0,
        "supplyAirFilterPressure": 0,
        "extractAirFilterPressure": 11,
        "operationMode": 15,
        "heatExchangerRegulator": 10000,
        "RhxEfficiency": 8400
    },
    {
        "timestamp": "2025-02-18T01:00:02.458247",
        "co2": 419,
        "supplyAirflow": 197,
        "extractAirflow": 202,
        "supplyAirDuctPressure": 15,
        "extractAirDuctPressure": 14,
        "supplyAirFanSpeedLevel": 1416,
        "extractAirFanSpeedLevel": 1122,
        "SFP": 4,
        "supplyAirTemperature": 2791,
        "extractAirTemperature": 2093,
        "outdoorTemperature": -168,
        "reheatLevel": 12,
        "coolingLevel": 0,
        "supplyAirFilterPressure": 0,
        "extractAirFilterPressure": 11,
        "operationMode": 15,
        "heatExchangerRegulator": 10000,
        "RhxEfficiency": 8400
    },
    {
        "timestamp": "2025-02-18T01:10:02.336727",
        "co2": 420,
        "supplyAirflow": 202,
        "extractAirflow": 207,
        "supplyAirDuctPressure": 15,
        "extractAirDuctPressure": 15,
        "supplyAirFanSpeedLevel": 1494,
        "extractAirFanSpeedLevel": 1141,
        "SFP": 4,
        "supplyAirTemperature": 3797,
        "extractAirTemperature": 2094,
        "outdoorTemperature": -98,
        "reheatLevel": 0,
        "coolingLevel": 0,
        "supplyAirFilterPressure": 0,
        "extractAirFilterPressure": 11,
        "operationMode": 15,
        "heatExchangerRegulator": 10000,
        "RhxEfficiency": 8400
    },
    {
        "timestamp": "2025-02-18T01:20:02.172438",
        "co2": 423,
        "supplyAirflow": 197,
        "extractAirflow": 202,
        "supplyAirDuctPressure": 16,
        "extractAirDuctPressure": 14,
        "supplyAirFanSpeedLevel": 1443,
        "extractAirFanSpeedLevel": 1162,
        "SFP": 4,
        "supplyAirTemperature": 3356,
        "extractAirTemperature": 2104,
        "outdoorTemperature": -93,
        "reheatLevel": 2500,
        "coolingLevel": 0,
        "supplyAirFilterPressure": 0,
        "extractAirFilterPressure": 11,
        "operationMode": 15,
        "heatExchangerRegulator": 10000,
        "RhxEfficiency": 8392
    },
    {
        "timestamp": "2025-02-18T01:30:02.968205",
        "co2": 419,
        "supplyAirflow": 202,
        "extractAirflow": 202,
        "supplyAirDuctPressure": 16,
        "extractAirDuctPressure": 14,
        "supplyAirFanSpeedLevel": 1448,
        "extractAirFanSpeedLevel": 1134,
        "SFP": 4,
        "supplyAirTemperature": 3089,
        "extractAirTemperature": 2106,
        "outdoorTemperature": -81,
        "reheatLevel": 2512,
        "coolingLevel": 0,
        "supplyAirFilterPressure": 0,
        "extractAirFilterPressure": 11,
        "operationMode": 15,
        "heatExchangerRegulator": 10000,
        "RhxEfficiency": 8400
    },
    {
        "timestamp": "2025-02-18T01:40:02.451215",
        "co2": 421,
        "supplyAirflow": 197,
        "extractAirflow": 202,
        "supplyAirDuctPressure": 13,
        "extractAirDuctPressure": 15,
        "supplyAirFanSpeedLevel": 1422,
        "extractAirFanSpeedLevel": 1122,
        "SFP": 4,
        "supplyAirTemperature": 2132,
        "extractAirTemperature": 2120,
        "outdoorTemperature": -156,
        "reheatLevel": 2500,
        "coolingLevel": 0,
        "supplyAirFilterPressure": 0,
        "extractAirFilterPressure": 11,
        "operationMode": 15,
        "heatExchangerRegulator": 10000,
        "RhxEfficiency": 8401
    },
    {
        "timestamp": "2025-02-18T01:50:02.268852",
        "co2": 425,
        "supplyAirflow": 202,
        "extractAirflow": 202,
        "supplyAirDuctPressure": 13,
        "extractAirDuctPressure": 15,
        "supplyAirFanSpeedLevel": 1382,
        "extractAirFanSpeedLevel": 1170,
        "SFP": 4,
        "supplyAirTemperature": 3363,
        "extractAirTemperature": 2106,
        "outdoorTemperature": -162,
        "reheatLevel": 0,
        "coolingLevel": 0,
        "supplyAirFilterPressure": 0,
        "extractAirFilterPressure": 11,
        "operationMode": 15,
        "heatExchangerRegulator": 10000,
        "RhxEfficiency": 8400
    },
    {
        "timestamp": "2025-02-18T02:00:02.245430",
        "co2": 424,
        "supplyAirflow": 202,
        "extractAirflow": 202,
        "supplyAirDuctPressure": 16,
        "extractAirDuctPressure": 14,
        "supplyAirFanSpeedLevel": 1464,
        "extractAirFanSpeedLevel": 1130,
        "SFP": 4,
        "supplyAirTemperature": 3519,
        "extractAirTemperature": 2106,
        "outdoorTemperature": -195,
        "reheatLevel": 2512,
        "coolingLevel": 0,
        "supplyAirFilterPressure": 0,
        "extractAirFilterPressure": 11,
        "operationMode": 15,
        "heatExchangerRegulator": 10000,
        "RhxEfficiency": 8401
    },
    {
        "timestamp": "2025-02-18T02:10:03.325134",
        "co2": 416,
        "supplyAirflow": 197,
        "extractAirflow": 202,
        "supplyAirDuctPressure": 15,
        "extractAirDuctPressure": 15,
        "supplyAirFanSpeedLevel": 1472,
        "extractAirFanSpeedLevel": 1114,
        "SFP": 4,
        "supplyAirTemperature": 3068,
        "extractAirTemperature": 2106,
        "outdoorTemperature": -231,
        "reheatLevel": 2500,
        "coolingLevel": 0,
        "supplyAirFilterPressure": 0,
        "extractAirFilterPressure": 11,
        "operationMode": 15,
        "heatExchangerRegulator": 10000,
        "RhxEfficiency": 8405
    },
    {
        "timestamp": "2025-02-18T02:20:02.264482",
        "co2": 422,
        "supplyAirflow": 202,
        "extractAirflow": 202,
        "supplyAirDuctPressure": 13,
        "extractAirDuctPressure": 15,
        "supplyAirFanSpeedLevel": 1431,
        "extractAirFanSpeedLevel": 1143,
        "SFP": 4,
        "supplyAirTemperature": 2828,
        "extractAirTemperature": 2106,
        "outdoorTemperature": -237,
        "reheatLevel": 2512,
        "coolingLevel": 0,
        "supplyAirFilterPressure": 0,
        "extractAirFilterPressure": 11,
        "operationMode": 15,
        "heatExchangerRegulator": 10000,
        "RhxEfficiency": 8397
    },
    {
        "timestamp": "2025-02-18T02:30:02.130961",
        "co2": 422,
        "supplyAirflow": 197,
        "extractAirflow": 202,
        "supplyAirDuctPressure": 15,
        "extractAirDuctPressure": 14,
        "supplyAirFanSpeedLevel": 1424,
        "extractAirFanSpeedLevel": 1131,
        "SFP": 4,
        "supplyAirTemperature": 2507,
        "extractAirTemperature": 2120,
        "outdoorTemperature": -256,
        "reheatLevel": 2512,
        "coolingLevel": 0,
        "supplyAirFilterPressure": 0,
        "extractAirFilterPressure": 11,
        "operationMode": 15,
        "heatExchangerRegulator": 10000,
        "RhxEfficiency": 8400
    },
    {
        "timestamp": "2025-02-18T02:40:02.926761",
        "co2": 419,
        "supplyAirflow": 206,
        "extractAirflow": 202,
        "supplyAirDuctPressure": 13,
        "extractAirDuctPressure": 15,
        "supplyAirFanSpeedLevel": 1457,
        "extractAirFanSpeedLevel": 1094,
        "SFP": 4,
        "supplyAirTemperature": 2601,
        "extractAirTemperature": 2120,
        "outdoorTemperature": -237,
        "reheatLevel": 539,
        "coolingLevel": 0,
        "supplyAirFilterPressure": 0,
        "extractAirFilterPressure": 11,
        "operationMode": 15,
        "heatExchangerRegulator": 10000,
        "RhxEfficiency": 8398
    },
    {
        "timestamp": "2025-02-18T02:50:02.635868",
        "co2": 423,
        "supplyAirflow": 202,
        "extractAirflow": 202,
        "supplyAirDuctPressure": 13,
        "extractAirDuctPressure": 14,
        "supplyAirFanSpeedLevel": 1458,
        "extractAirFanSpeedLevel": 1116,
        "SFP": 4,
        "supplyAirTemperature": 3762,
        "extractAirTemperature": 2112,
        "outdoorTemperature": -187,
        "reheatLevel": 0,
        "coolingLevel": 0,
        "supplyAirFilterPressure": 0,
        "extractAirFilterPressure": 11,
        "operationMode": 15,
        "heatExchangerRegulator": 10000,
        "RhxEfficiency": 8392
    },
    {
        "timestamp": "2025-02-18T03:00:02.322888",
        "co2": 419,
        "supplyAirflow": 202,
        "extractAirflow": 197,
        "supplyAirDuctPressure": 14,
        "extractAirDuctPressure": 14,
        "supplyAirFanSpeedLevel": 1471,
        "extractAirFanSpeedLevel": 1102,
        "SFP": 4,
        "supplyAirTemperature": 2708,
        "extractAirTemperature": 2098,
        "outdoorTemperature": -231,
        "reheatLevel": 2512,
        "coolingLevel": 0,
        "supplyAirFilterPressure": 0,
        "extractAirFilterPressure": 11,
        "operationMode": 15,
        "heatExchangerRegulator": 10000,
        "RhxEfficiency": 8376
    },
    {
        "timestamp": "2025-02-18T03:10:02.126860",
        "co2": 424,
        "supplyAirflow": 197,
        "extractAirflow": 197,
        "supplyAirDuctPressure": 15,
        "extractAirDuctPressure": 14,
        "supplyAirFanSpeedLevel": 1416,
        "extractAirFanSpeedLevel": 1119,
        "SFP": 4,
        "supplyAirTemperature": 2431,
        "extractAirTemperature": 2087,
        "outdoorTemperature": -262,
        "reheatLevel": 2500,
        "coolingLevel": 0,
        "supplyAirFilterPressure": 0,
        "extractAirFilterPressure": 11,
        "operationMode": 15,
        "heatExchangerRegulator": 10000,
        "RhxEfficiency": 8398
    },
    {
        "timestamp": "2025-02-18T03:20:02.984283",
        "co2": 416,
        "supplyAirflow": 202,
        "extractAirflow": 202,
        "supplyAirDuctPressure": 13,
        "extractAirDuctPressure": 14,
        "supplyAirFanSpeedLevel": 1396,
        "extractAirFanSpeedLevel": 1124,
        "SFP": 4,
        "supplyAirTemperature": 2666,
        "extractAirTemperature": 2095,
        "outdoorTemperature": -300,
        "reheatLevel": 1220,
        "coolingLevel": 0,
        "supplyAirFilterPressure": 0,
        "extractAirFilterPressure": 11,
        "operationMode": 15,
        "heatExchangerRegulator": 10000,
        "RhxEfficiency": 8400
    },
    {
        "timestamp": "2025-02-18T03:30:02.867508",
        "co2": 419,
        "supplyAirflow": 202,
        "extractAirflow": 202,
        "supplyAirDuctPressure": 15,
        "extractAirDuctPressure": 14,
        "supplyAirFanSpeedLevel": 1438,
        "extractAirFanSpeedLevel": 1126,
        "SFP": 4,
        "supplyAirTemperature": 3772,
        "extractAirTemperature": 2106,
        "outdoorTemperature": -331,
        "reheatLevel": 0,
        "coolingLevel": 0,
        "supplyAirFilterPressure": 0,
        "extractAirFilterPressure": 11,
        "operationMode": 15,
        "heatExchangerRegulator": 10000,
        "RhxEfficiency": 8395
    },
    {
        "timestamp": "2025-02-18T03:40:02.657965",
        "co2": 424,
        "supplyAirflow": 202,
        "extractAirflow": 203,
        "supplyAirDuctPressure": 14,
        "extractAirDuctPressure": 14,
        "supplyAirFanSpeedLevel": 1464,
        "extractAirFanSpeedLevel": 1109,
        "SFP": 4,
        "supplyAirTemperature": 3295,
        "extractAirTemperature": 2112,
        "outdoorTemperature": -362,
        "reheatLevel": 2512,
        "coolingLevel": 0,
        "supplyAirFilterPressure": 0,
        "extractAirFilterPressure": 11,
        "operationMode": 15,
        "heatExchangerRegulator": 10000,
        "RhxEfficiency": 8401
    },
    {
        "timestamp": "2025-02-18T03:50:02.321619",
        "co2": 419,
        "supplyAirflow": 202,
        "extractAirflow": 203,
        "supplyAirDuctPressure": 15,
        "extractAirDuctPressure": 14,
        "supplyAirFanSpeedLevel": 1433,
        "extractAirFanSpeedLevel": 1122,
        "SFP": 4,
        "supplyAirTemperature": 2911,
        "extractAirTemperature": 2120,
        "outdoorTemperature": -395,
        "reheatLevel": 2512,
        "coolingLevel": 0,
        "supplyAirFilterPressure": 0,
        "extractAirFilterPressure": 11,
        "operationMode": 15,
        "heatExchangerRegulator": 10000,
        "RhxEfficiency": 8393
    },
    {
        "timestamp": "2025-02-18T04:00:03.006117",
        "co2": 423,
        "supplyAirflow": 202,
        "extractAirflow": 203,
        "supplyAirDuctPressure": 14,
        "extractAirDuctPressure": 14,
        "supplyAirFanSpeedLevel": 1443,
        "extractAirFanSpeedLevel": 1117,
        "SFP": 4,
        "supplyAirTemperature": 2609,
        "extractAirTemperature": 2120,
        "outdoorTemperature": -406,
        "reheatLevel": 2512,
        "coolingLevel": 0,
        "supplyAirFilterPressure": 0,
        "extractAirFilterPressure": 11,
        "operationMode": 15,
        "heatExchangerRegulator": 10000,
        "RhxEfficiency": 8394
    },
    {
        "timestamp": "2025-02-18T04:10:02.756017",
        "co2": 418,
        "supplyAirflow": 197,
        "extractAirflow": 197,
        "supplyAirDuctPressure": 13,
        "extractAirDuctPressure": 14,
        "supplyAirFanSpeedLevel": 1398,
        "extractAirFanSpeedLevel": 1114,
        "SFP": 4,
        "supplyAirTemperature": 2427,
        "extractAirTemperature": 2112,
        "outdoorTemperature": -331,
        "reheatLevel": 2496,
        "coolingLevel": 0,
        "supplyAirFilterPressure": 0,
        "extractAirFilterPressure": 11,
        "operationMode": 15,
        "heatExchangerRegulator": 10000,
        "RhxEfficiency": 8399
    },
    {
        "timestamp": "2025-02-18T04:20:02.308480",
        "co2": 424,
        "supplyAirflow": 202,
        "extractAirflow": 203,
        "supplyAirDuctPressure": 14,
        "extractAirDuctPressure": 14,
        "supplyAirFanSpeedLevel": 1409,
        "extractAirFanSpeedLevel": 1119,
        "SFP": 4,
        "supplyAirTemperature": 3072,
        "extractAirTemperature": 2112,
        "outdoorTemperature": -343,
        "reheatLevel": 0,
        "coolingLevel": 0,
        "supplyAirFilterPressure": 0,
        "extractAirFilterPressure": 11,
        "operationMode": 15,
        "heatExchangerRegulator": 10000,
        "RhxEfficiency": 8401
    },
    {
        "timestamp": "2025-02-18T04:30:02.891328",
        "co2": 419,
        "supplyAirflow": 202,
        "extractAirflow": 197,
        "supplyAirDuctPressure": 16,
        "extractAirDuctPressure": 14,
        "supplyAirFanSpeedLevel": 1569,
        "extractAirFanSpeedLevel": 1074,
        "SFP": 4,
        "supplyAirTemperature": 3575,
        "extractAirTemperature": 2112,
        "outdoorTemperature": -356,
        "reheatLevel": 2512,
        "coolingLevel": 0,
        "supplyAirFilterPressure": 0,
        "extractAirFilterPressure": 11,
        "operationMode": 15,
        "heatExchangerRegulator": 10000,
        "RhxEfficiency": 8405
    },
    {
        "timestamp": "2025-02-18T04:40:02.586664",
        "co2": 420,
        "supplyAirflow": 202,
        "extractAirflow": 203,
        "supplyAirDuctPressure": 16,
        "extractAirDuctPressure": 14,
        "supplyAirFanSpeedLevel": 1455,
        "extractAirFanSpeedLevel": 1127,
        "SFP": 4,
        "supplyAirTemperature": 3034,
        "extractAirTemperature": 2112,
        "outdoorTemperature": -356,
        "reheatLevel": 2512,
        "coolingLevel": 0,
        "supplyAirFilterPressure": 0,
        "extractAirFilterPressure": 11,
        "operationMode": 15,
        "heatExchangerRegulator": 10000,
        "RhxEfficiency": 8398
    },
    {
        "timestamp": "2025-02-18T04:50:02.277819",
        "co2": 421,
        "supplyAirflow": 197,
        "extractAirflow": 197,
        "supplyAirDuctPressure": 15,
        "extractAirDuctPressure": 14,
        "supplyAirFanSpeedLevel": 1439,
        "extractAirFanSpeedLevel": 1118,
        "SFP": 4,
        "supplyAirTemperature": 2755,
        "extractAirTemperature": 2106,
        "outdoorTemperature": -356,
        "reheatLevel": 2500,
        "coolingLevel": 0,
        "supplyAirFilterPressure": 0,
        "extractAirFilterPressure": 11,
        "operationMode": 15,
        "heatExchangerRegulator": 10000,
        "RhxEfficiency": 8400
    },
    {
        "timestamp": "2025-02-18T05:00:02.025463",
        "co2": 417,
        "supplyAirflow": 202,
        "extractAirflow": 203,
        "supplyAirDuctPressure": 15,
        "extractAirDuctPressure": 14,
        "supplyAirFanSpeedLevel": 1410,
        "extractAirFanSpeedLevel": 1120,
        "SFP": 4,
        "supplyAirTemperature": 2371,
        "extractAirTemperature": 2106,
        "outdoorTemperature": -375,
        "reheatLevel": 2512,
        "coolingLevel": 0,
        "supplyAirFilterPressure": 0,
        "extractAirFilterPressure": 11,
        "operationMode": 15,
        "heatExchangerRegulator": 10000,
        "RhxEfficiency": 8400
    },
    {
        "timestamp": "2025-02-18T05:10:02.805399",
        "co2": 419,
        "supplyAirflow": 197,
        "extractAirflow": 203,
        "supplyAirDuctPressure": 14,
        "extractAirDuctPressure": 15,
        "supplyAirFanSpeedLevel": 1402,
        "extractAirFanSpeedLevel": 1117,
        "SFP": 4,
        "supplyAirTemperature": 2767,
        "extractAirTemperature": 2112,
        "outdoorTemperature": -375,
        "reheatLevel": 506,
        "coolingLevel": 0,
        "supplyAirFilterPressure": 0,
        "extractAirFilterPressure": 11,
        "operationMode": 15,
        "heatExchangerRegulator": 10000,
        "RhxEfficiency": 8403
    },
    {
        "timestamp": "2025-02-18T05:20:02.512765",
        "co2": 421,
        "supplyAirflow": 202,
        "extractAirflow": 203,
        "supplyAirDuctPressure": 16,
        "extractAirDuctPressure": 15,
        "supplyAirFanSpeedLevel": 1470,
        "extractAirFanSpeedLevel": 1115,
        "SFP": 4,
        "supplyAirTemperature": 3678,
        "extractAirTemperature": 2112,
        "outdoorTemperature": -412,
        "reheatLevel": 195,
        "coolingLevel": 0,
        "supplyAirFilterPressure": 0,
        "extractAirFilterPressure": 11,
        "operationMode": 15,
        "heatExchangerRegulator": 10000,
        "RhxEfficiency": 8401
    },
    {
        "timestamp": "2025-02-18T05:30:02.233870",
        "co2": 425,
        "supplyAirflow": 197,
        "extractAirflow": 203,
        "supplyAirDuctPressure": 16,
        "extractAirDuctPressure": 14,
        "supplyAirFanSpeedLevel": 1449,
        "extractAirFanSpeedLevel": 1118,
        "SFP": 4,
        "supplyAirTemperature": 3155,
        "extractAirTemperature": 2112,
        "outdoorTemperature": -450,
        "reheatLevel": 2500,
        "coolingLevel": 0,
        "supplyAirFilterPressure": 0,
        "extractAirFilterPressure": 11,
        "operationMode": 15,
        "heatExchangerRegulator": 10000,
        "RhxEfficiency": 8398
    },
    {
        "timestamp": "2025-02-18T05:40:02.955155",
        "co2": 421,
        "supplyAirflow": 202,
        "extractAirflow": 203,
        "supplyAirDuctPressure": 15,
        "extractAirDuctPressure": 14,
        "supplyAirFanSpeedLevel": 1441,
        "extractAirFanSpeedLevel": 1121,
        "SFP": 4,
        "supplyAirTemperature": 2845,
        "extractAirTemperature": 2112,
        "outdoorTemperature": -470,
        "reheatLevel": 2512,
        "coolingLevel": 0,
        "supplyAirFilterPressure": 0,
        "extractAirFilterPressure": 11,
        "operationMode": 15,
        "heatExchangerRegulator": 10000,
        "RhxEfficiency": 8406
    },
    {
        "timestamp": "2025-02-18T05:50:02.782405",
        "co2": 420,
        "supplyAirflow": 202,
        "extractAirflow": 203,
        "supplyAirDuctPressure": 14,
        "extractAirDuctPressure": 14,
        "supplyAirFanSpeedLevel": 1441,
        "extractAirFanSpeedLevel": 1112,
        "SFP": 4,
        "supplyAirTemperature": 2563,
        "extractAirTemperature": 2112,
        "outdoorTemperature": -500,
        "reheatLevel": 2512,
        "coolingLevel": 0,
        "supplyAirFilterPressure": 0,
        "extractAirFilterPressure": 11,
        "operationMode": 15,
        "heatExchangerRegulator": 10000,
        "RhxEfficiency": 8398
    },
    {
        "timestamp": "2025-02-18T06:00:02.688947",
        "co2": 423,
        "supplyAirflow": 202,
        "extractAirflow": 203,
        "supplyAirDuctPressure": 14,
        "extractAirDuctPressure": 14,
        "supplyAirFanSpeedLevel": 1419,
        "extractAirFanSpeedLevel": 1106,
        "SFP": 4,
        "supplyAirTemperature": 2568,
        "extractAirTemperature": 2112,
        "outdoorTemperature": -494,
        "reheatLevel": 1744,
        "coolingLevel": 0,
        "supplyAirFilterPressure": 0,
        "extractAirFilterPressure": 11,
        "operationMode": 15,
        "heatExchangerRegulator": 10000,
        "RhxEfficiency": 8400
    },
    {
        "timestamp": "2025-02-18T06:10:02.470055",
        "co2": 423,
        "supplyAirflow": 206,
        "extractAirflow": 203,
        "supplyAirDuctPressure": 16,
        "extractAirDuctPressure": 14,
        "supplyAirFanSpeedLevel": 1488,
        "extractAirFanSpeedLevel": 1104,
        "SFP": 4,
        "supplyAirTemperature": 3762,
        "extractAirTemperature": 2112,
        "outdoorTemperature": -428,
        "reheatLevel": 0,
        "coolingLevel": 0,
        "supplyAirFilterPressure": 0,
        "extractAirFilterPressure": 11,
        "operationMode": 15,
        "heatExchangerRegulator": 10000,
        "RhxEfficiency": 8386
    },
    {
        "timestamp": "2025-02-18T06:20:02.256264",
        "co2": 420,
        "supplyAirflow": 206,
        "extractAirflow": 197,
        "supplyAirDuctPressure": 16,
        "extractAirDuctPressure": 14,
        "supplyAirFanSpeedLevel": 1465,
        "extractAirFanSpeedLevel": 1133,
        "SFP": 4,
        "supplyAirTemperature": 3281,
        "extractAirTemperature": 2098,
        "outdoorTemperature": -381,
        "reheatLevel": 2537,
        "coolingLevel": 0,
        "supplyAirFilterPressure": 0,
        "extractAirFilterPressure": 11,
        "operationMode": 15,
        "heatExchangerRegulator": 10000,
        "RhxEfficiency": 8395
    },
    {
        "timestamp": "2025-02-18T06:30:03.297973",
        "co2": 420,
        "supplyAirflow": 197,
        "extractAirflow": 203,
        "supplyAirDuctPressure": 15,
        "extractAirDuctPressure": 15,
        "supplyAirFanSpeedLevel": 1468,
        "extractAirFanSpeedLevel": 1101,
        "SFP": 4,
        "supplyAirTemperature": 2889,
        "extractAirTemperature": 2098,
        "outdoorTemperature": -406,
        "reheatLevel": 2500,
        "coolingLevel": 0,
        "supplyAirFilterPressure": 0,
        "extractAirFilterPressure": 11,
        "operationMode": 15,
        "heatExchangerRegulator": 10000,
        "RhxEfficiency": 8399
    },
    {
        "timestamp": "2025-02-18T06:40:03.071233",
        "co2": 417,
        "supplyAirflow": 401,
        "extractAirflow": 389,
        "supplyAirDuctPressure": 39,
        "extractAirDuctPressure": 36,
        "supplyAirFanSpeedLevel": 3217,
        "extractAirFanSpeedLevel": 2496,
        "SFP": 5,
        "supplyAirTemperature": 2609,
        "extractAirTemperature": 2131,
        "outdoorTemperature": -437,
        "reheatLevel": 3756,
        "coolingLevel": 0,
        "supplyAirFilterPressure": 6,
        "extractAirFilterPressure": 19,
        "operationMode": 12,
        "heatExchangerRegulator": 10000,
        "RhxEfficiency": 8342
    },
    {
        "timestamp": "2025-02-18T06:50:02.780398",
        "co2": 417,
        "supplyAirflow": 403,
        "extractAirflow": 390,
        "supplyAirDuctPressure": 37,
        "extractAirDuctPressure": 36,
        "supplyAirFanSpeedLevel": 3175,
        "extractAirFanSpeedLevel": 2468,
        "SFP": 5,
        "supplyAirTemperature": 2049,
        "extractAirTemperature": 2195,
        "outdoorTemperature": -512,
        "reheatLevel": 1681,
        "coolingLevel": 0,
        "supplyAirFilterPressure": 5,
        "extractAirFilterPressure": 19,
        "operationMode": 12,
        "heatExchangerRegulator": 10000,
        "RhxEfficiency": 8300
    },
    {
        "timestamp": "2025-02-18T07:00:02.483586",
        "co2": 422,
        "supplyAirflow": 401,
        "extractAirflow": 389,
        "supplyAirDuctPressure": 41,
        "extractAirDuctPressure": 35,
        "supplyAirFanSpeedLevel": 3213,
        "extractAirFanSpeedLevel": 2469,
        "SFP": 5,
        "supplyAirTemperature": 3241,
        "extractAirTemperature": 2162,
        "outdoorTemperature": -500,
        "reheatLevel": 3756,
        "coolingLevel": 0,
        "supplyAirFilterPressure": 5,
        "extractAirFilterPressure": 19,
        "operationMode": 12,
        "heatExchangerRegulator": 10000,
        "RhxEfficiency": 8306
    },
    {
        "timestamp": "2025-02-18T07:10:02.150796",
        "co2": 418,
        "supplyAirflow": 403,
        "extractAirflow": 390,
        "supplyAirDuctPressure": 41,
        "extractAirDuctPressure": 35,
        "supplyAirFanSpeedLevel": 3204,
        "extractAirFanSpeedLevel": 2467,
        "SFP": 5,
        "supplyAirTemperature": 2421,
        "extractAirTemperature": 2187,
        "outdoorTemperature": -531,
        "reheatLevel": 3768,
        "coolingLevel": 0,
        "supplyAirFilterPressure": 5,
        "extractAirFilterPressure": 19,
        "operationMode": 12,
        "heatExchangerRegulator": 10000,
        "RhxEfficiency": 8303
    },
    {
        "timestamp": "2025-02-18T07:20:03.081706",
        "co2": 427,
        "supplyAirflow": 403,
        "extractAirflow": 387,
        "supplyAirDuctPressure": 39,
        "extractAirDuctPressure": 35,
        "supplyAirFanSpeedLevel": 3189,
        "extractAirFanSpeedLevel": 2465,
        "SFP": 5,
        "supplyAirTemperature": 2589,
        "extractAirTemperature": 2212,
        "outdoorTemperature": -537,
        "reheatLevel": 0,
        "coolingLevel": 0,
        "supplyAirFilterPressure": 5,
        "extractAirFilterPressure": 19,
        "operationMode": 12,
        "heatExchangerRegulator": 10000,
        "RhxEfficiency": 8303
    },
    {
        "timestamp": "2025-02-18T07:30:02.889880",
        "co2": 422,
        "supplyAirflow": 403,
        "extractAirflow": 387,
        "supplyAirDuctPressure": 42,
        "extractAirDuctPressure": 35,
        "supplyAirFanSpeedLevel": 3220,
        "extractAirFanSpeedLevel": 2468,
        "SFP": 5,
        "supplyAirTemperature": 3215,
        "extractAirTemperature": 2187,
        "outdoorTemperature": -556,
        "reheatLevel": 3768,
        "coolingLevel": 0,
        "supplyAirFilterPressure": 5,
        "extractAirFilterPressure": 19,
        "operationMode": 12,
        "heatExchangerRegulator": 10000,
        "RhxEfficiency": 8300
    },
    {
        "timestamp": "2025-02-18T07:40:02.646962",
        "co2": 424,
        "supplyAirflow": 401,
        "extractAirflow": 390,
        "supplyAirDuctPressure": 39,
        "extractAirDuctPressure": 35,
        "supplyAirFanSpeedLevel": 3181,
        "extractAirFanSpeedLevel": 2464,
        "SFP": 5,
        "supplyAirTemperature": 2090,
        "extractAirTemperature": 2212,
        "outdoorTemperature": -620,
        "reheatLevel": 3756,
        "coolingLevel": 0,
        "supplyAirFilterPressure": 5,
        "extractAirFilterPressure": 19,
        "operationMode": 12,
        "heatExchangerRegulator": 10000,
        "RhxEfficiency": 8302
    },
    {
        "timestamp": "2025-02-18T07:50:02.419336",
        "co2": 429,
        "supplyAirflow": 403,
        "extractAirflow": 388,
        "supplyAirDuctPressure": 39,
        "extractAirDuctPressure": 35,
        "supplyAirFanSpeedLevel": 3196,
        "extractAirFanSpeedLevel": 2464,
        "SFP": 5,
        "supplyAirTemperature": 2930,
        "extractAirTemperature": 2206,
        "outdoorTemperature": -650,
        "reheatLevel": 0,
        "coolingLevel": 0,
        "supplyAirFilterPressure": 5,
        "extractAirFilterPressure": 19,
        "operationMode": 12,
        "heatExchangerRegulator": 10000,
        "RhxEfficiency": 8300
    },
    {
        "timestamp": "2025-02-18T08:00:02.168464",
        "co2": 430,
        "supplyAirflow": 401,
        "extractAirflow": 390,
        "supplyAirDuctPressure": 43,
        "extractAirDuctPressure": 35,
        "supplyAirFanSpeedLevel": 3218,
        "extractAirFanSpeedLevel": 2465,
        "SFP": 5,
        "supplyAirTemperature": 3056,
        "extractAirTemperature": 2198,
        "outdoorTemperature": -610,
        "reheatLevel": 3756,
        "coolingLevel": 0,
        "supplyAirFilterPressure": 5,
        "extractAirFilterPressure": 19,
        "operationMode": 12,
        "heatExchangerRegulator": 10000,
        "RhxEfficiency": 8300
    },
    {
        "timestamp": "2025-02-18T08:10:04.921324",
        "co2": 435,
        "supplyAirflow": 401,
        "extractAirflow": 391,
        "supplyAirDuctPressure": 39,
        "extractAirDuctPressure": 36,
        "supplyAirFanSpeedLevel": 3168,
        "extractAirFanSpeedLevel": 2467,
        "SFP": 5,
        "supplyAirTemperature": 1550,
        "extractAirTemperature": 2231,
        "outdoorTemperature": -598,
        "reheatLevel": 2004,
        "coolingLevel": 0,
        "supplyAirFilterPressure": 5,
        "extractAirFilterPressure": 19,
        "operationMode": 12,
        "heatExchangerRegulator": 10000,
        "RhxEfficiency": 8302
    },
    {
        "timestamp": "2025-02-18T08:20:02.914101",
        "co2": 444,
        "supplyAirflow": 403,
        "extractAirflow": 390,
        "supplyAirDuctPressure": 45,
        "extractAirDuctPressure": 34,
        "supplyAirFanSpeedLevel": 3281,
        "extractAirFanSpeedLevel": 2462,
        "SFP": 5,
        "supplyAirTemperature": 3703,
        "extractAirTemperature": 2198,
        "outdoorTemperature": -556,
        "reheatLevel": 46,
        "coolingLevel": 0,
        "supplyAirFilterPressure": 5,
        "extractAirFilterPressure": 19,
        "operationMode": 12,
        "heatExchangerRegulator": 10000,
        "RhxEfficiency": 8300
    },
    {
        "timestamp": "2025-02-18T08:30:02.873280",
        "co2": 436,
        "supplyAirflow": 403,
        "extractAirflow": 387,
        "supplyAirDuctPressure": 37,
        "extractAirDuctPressure": 34,
        "supplyAirFanSpeedLevel": 3208,
        "extractAirFanSpeedLevel": 2465,
        "SFP": 5,
        "supplyAirTemperature": 2235,
        "extractAirTemperature": 2212,
        "outdoorTemperature": -462,
        "reheatLevel": 3768,
        "coolingLevel": 0,
        "supplyAirFilterPressure": 5,
        "extractAirFilterPressure": 18,
        "operationMode": 12,
        "heatExchangerRegulator": 10000,
        "RhxEfficiency": 8300
    },
    {
        "timestamp": "2025-02-18T08:40:02.619512",
        "co2": 439,
        "supplyAirflow": 409,
        "extractAirflow": 387,
        "supplyAirDuctPressure": 40,
        "extractAirDuctPressure": 35,
        "supplyAirFanSpeedLevel": 3200,
        "extractAirFanSpeedLevel": 2467,
        "SFP": 5,
        "supplyAirTemperature": 2655,
        "extractAirTemperature": 2231,
        "outdoorTemperature": -506,
        "reheatLevel": 0,
        "coolingLevel": 0,
        "supplyAirFilterPressure": 5,
        "extractAirFilterPressure": 19,
        "operationMode": 12,
        "heatExchangerRegulator": 10000,
        "RhxEfficiency": 8299
    },
    {
        "timestamp": "2025-02-18T08:50:02.587119",
        "co2": 451,
        "supplyAirflow": 406,
        "extractAirflow": 387,
        "supplyAirDuctPressure": 40,
        "extractAirDuctPressure": 34,
        "supplyAirFanSpeedLevel": 3231,
        "extractAirFanSpeedLevel": 2465,
        "SFP": 5,
        "supplyAirTemperature": 3049,
        "extractAirTemperature": 2212,
        "outdoorTemperature": -431,
        "reheatLevel": 3787,
        "coolingLevel": 0,
        "supplyAirFilterPressure": 5,
        "extractAirFilterPressure": 19,
        "operationMode": 12,
        "heatExchangerRegulator": 10000,
        "RhxEfficiency": 8303
    },
    {
        "timestamp": "2025-02-18T09:00:02.455361",
        "co2": 469,
        "supplyAirflow": 406,
        "extractAirflow": 390,
        "supplyAirDuctPressure": 34,
        "extractAirDuctPressure": 36,
        "supplyAirFanSpeedLevel": 3156,
        "extractAirFanSpeedLevel": 2492,
        "SFP": 5,
        "supplyAirTemperature": 1401,
        "extractAirTemperature": 2245,
        "outdoorTemperature": -362,
        "reheatLevel": 193,
        "coolingLevel": 0,
        "supplyAirFilterPressure": 5,
        "extractAirFilterPressure": 19,
        "operationMode": 12,
        "heatExchangerRegulator": 10000,
        "RhxEfficiency": 8301
    },
    {
        "timestamp": "2025-02-18T09:10:02.332635",
        "co2": 469,
        "supplyAirflow": 401,
        "extractAirflow": 389,
        "supplyAirDuctPressure": 42,
        "extractAirDuctPressure": 36,
        "supplyAirFanSpeedLevel": 3241,
        "extractAirFanSpeedLevel": 2493,
        "SFP": 5,
        "supplyAirTemperature": 3545,
        "extractAirTemperature": 2200,
        "outdoorTemperature": -325,
        "reheatLevel": 3756,
        "coolingLevel": 0,
        "supplyAirFilterPressure": 5,
        "extractAirFilterPressure": 19,
        "operationMode": 12,
        "heatExchangerRegulator": 10000,
        "RhxEfficiency": 8304
    },
    {
        "timestamp": "2025-02-18T09:20:02.203612",
        "co2": 460,
        "supplyAirflow": 406,
        "extractAirflow": 389,
        "supplyAirDuctPressure": 41,
        "extractAirDuctPressure": 35,
        "supplyAirFanSpeedLevel": 3217,
        "extractAirFanSpeedLevel": 2494,
        "SFP": 5,
        "supplyAirTemperature": 1966,
        "extractAirTemperature": 2237,
        "outdoorTemperature": -262,
        "reheatLevel": 3787,
        "coolingLevel": 0,
        "supplyAirFilterPressure": 6,
        "extractAirFilterPressure": 19,
        "operationMode": 12,
        "heatExchangerRegulator": 10000,
        "RhxEfficiency": 8325
    },
    {
        "timestamp": "2025-02-18T09:30:02.937500",
        "co2": 451,
        "supplyAirflow": 401,
        "extractAirflow": 389,
        "supplyAirDuctPressure": 42,
        "extractAirDuctPressure": 36,
        "supplyAirFanSpeedLevel": 3215,
        "extractAirFanSpeedLevel": 2483,
        "SFP": 5,
        "supplyAirTemperature": 3100,
        "extractAirTemperature": 2242,
        "outdoorTemperature": -268,
        "reheatLevel": 0,
        "coolingLevel": 0,
        "supplyAirFilterPressure": 6,
        "extractAirFilterPressure": 19,
        "operationMode": 12,
        "heatExchangerRegulator": 10000,
        "RhxEfficiency": 8301
    },
    {
        "timestamp": "2025-02-18T09:40:02.720444",
        "co2": 455,
        "supplyAirflow": 403,
        "extractAirflow": 389,
        "supplyAirDuctPressure": 38,
        "extractAirDuctPressure": 35,
        "supplyAirFanSpeedLevel": 3211,
        "extractAirFanSpeedLevel": 2483,
        "SFP": 5,
        "supplyAirTemperature": 2494,
        "extractAirTemperature": 2237,
        "outdoorTemperature": -248,
        "reheatLevel": 3768,
        "coolingLevel": 0,
        "supplyAirFilterPressure": 5,
        "extractAirFilterPressure": 19,
        "operationMode": 12,
        "heatExchangerRegulator": 10000,
        "RhxEfficiency": 8302
    },
    {
        "timestamp": "2025-02-18T09:50:02.827069",
        "co2": 444,
        "supplyAirflow": 401,
        "extractAirflow": 389,
        "supplyAirDuctPressure": 40,
        "extractAirDuctPressure": 35,
        "supplyAirFanSpeedLevel": 3220,
        "extractAirFanSpeedLevel": 2483,
        "SFP": 5,
        "supplyAirTemperature": 2778,
        "extractAirTemperature": 2262,
        "outdoorTemperature": -237,
        "reheatLevel": 0,
        "coolingLevel": 0,
        "supplyAirFilterPressure": 6,
        "extractAirFilterPressure": 19,
        "operationMode": 12,
        "heatExchangerRegulator": 10000,
        "RhxEfficiency": 8307
    },
    {
        "timestamp": "2025-02-18T10:00:02.396039",
        "co2": 448,
        "supplyAirflow": 406,
        "extractAirflow": 389,
        "supplyAirDuctPressure": 39,
        "extractAirDuctPressure": 35,
        "supplyAirFanSpeedLevel": 3222,
        "extractAirFanSpeedLevel": 2485,
        "SFP": 5,
        "supplyAirTemperature": 2094,
        "extractAirTemperature": 2256,
        "outdoorTemperature": -181,
        "reheatLevel": 3787,
        "coolingLevel": 0,
        "supplyAirFilterPressure": 6,
        "extractAirFilterPressure": 19,
        "operationMode": 12,
        "heatExchangerRegulator": 10000,
        "RhxEfficiency": 8309
    },
    {
        "timestamp": "2025-02-18T10:10:02.177961",
        "co2": 513,
        "supplyAirflow": 409,
        "extractAirflow": 388,
        "supplyAirDuctPressure": 40,
        "extractAirDuctPressure": 35,
        "supplyAirFanSpeedLevel": 3227,
        "extractAirFanSpeedLevel": 2498,
        "SFP": 5,
        "supplyAirTemperature": 3113,
        "extractAirTemperature": 2262,
        "outdoorTemperature": -93,
        "reheatLevel": 0,
        "coolingLevel": 0,
        "supplyAirFilterPressure": 6,
        "extractAirFilterPressure": 19,
        "operationMode": 12,
        "heatExchangerRegulator": 10000,
        "RhxEfficiency": 8300
    },
    {
        "timestamp": "2025-02-18T10:20:03.034681",
        "co2": 574,
        "supplyAirflow": 403,
        "extractAirflow": 389,
        "supplyAirDuctPressure": 39,
        "extractAirDuctPressure": 34,
        "supplyAirFanSpeedLevel": 3198,
        "extractAirFanSpeedLevel": 2486,
        "SFP": 5,
        "supplyAirTemperature": 2018,
        "extractAirTemperature": 2287,
        "outdoorTemperature": -81,
        "reheatLevel": 0,
        "coolingLevel": 0,
        "supplyAirFilterPressure": 6,
        "extractAirFilterPressure": 19,
        "operationMode": 12,
        "heatExchangerRegulator": 10000,
        "RhxEfficiency": 8310
    },
    {
        "timestamp": "2025-02-18T10:30:02.909304",
        "co2": 572,
        "supplyAirflow": 403,
        "extractAirflow": 388,
        "supplyAirDuctPressure": 43,
        "extractAirDuctPressure": 35,
        "supplyAirFanSpeedLevel": 3236,
        "extractAirFanSpeedLevel": 2501,
        "SFP": 5,
        "supplyAirTemperature": 3113,
        "extractAirTemperature": 2243,
        "outdoorTemperature": -98,
        "reheatLevel": 3768,
        "coolingLevel": 0,
        "supplyAirFilterPressure": 6,
        "extractAirFilterPressure": 19,
        "operationMode": 12,
        "heatExchangerRegulator": 10000,
        "RhxEfficiency": 8305
    },
    {
        "timestamp": "2025-02-18T10:40:02.692710",
        "co2": 598,
        "supplyAirflow": 401,
        "extractAirflow": 389,
        "supplyAirDuctPressure": 41,
        "extractAirDuctPressure": 35,
        "supplyAirFanSpeedLevel": 3207,
        "extractAirFanSpeedLevel": 2497,
        "SFP": 5,
        "supplyAirTemperature": 2222,
        "extractAirTemperature": 2295,
        "outdoorTemperature": -56,
        "reheatLevel": 0,
        "coolingLevel": 0,
        "supplyAirFilterPressure": 6,
        "extractAirFilterPressure": 19,
        "operationMode": 12,
        "heatExchangerRegulator": 10000,
        "RhxEfficiency": 8302
    },
    {
        "timestamp": "2025-02-18T10:50:02.382161",
        "co2": 590,
        "supplyAirflow": 401,
        "extractAirflow": 391,
        "supplyAirDuctPressure": 38,
        "extractAirDuctPressure": 35,
        "supplyAirFanSpeedLevel": 3167,
        "extractAirFanSpeedLevel": 2502,
        "SFP": 5,
        "supplyAirTemperature": 1350,
        "extractAirTemperature": 2273,
        "outdoorTemperature": -12,
        "reheatLevel": 0,
        "coolingLevel": 0,
        "supplyAirFilterPressure": 6,
        "extractAirFilterPressure": 19,
        "operationMode": 12,
        "heatExchangerRegulator": 10000,
        "RhxEfficiency": 8307
    },
    {
        "timestamp": "2025-02-18T11:00:02.123304",
        "co2": 580,
        "supplyAirflow": 401,
        "extractAirflow": 388,
        "supplyAirDuctPressure": 42,
        "extractAirDuctPressure": 35,
        "supplyAirFanSpeedLevel": 3245,
        "extractAirFanSpeedLevel": 2513,
        "SFP": 5,
        "supplyAirTemperature": 3345,
        "extractAirTemperature": 2248,
        "outdoorTemperature": -25,
        "reheatLevel": 3756,
        "coolingLevel": 0,
        "supplyAirFilterPressure": 6,
        "extractAirFilterPressure": 19,
        "operationMode": 12,
        "heatExchangerRegulator": 10000,
        "RhxEfficiency": 8300
    },
    {
        "timestamp": "2025-02-18T11:10:02.888454",
        "co2": 592,
        "supplyAirflow": 401,
        "extractAirflow": 391,
        "supplyAirDuctPressure": 39,
        "extractAirDuctPressure": 36,
        "supplyAirFanSpeedLevel": 3195,
        "extractAirFanSpeedLevel": 2518,
        "SFP": 5,
        "supplyAirTemperature": 2156,
        "extractAirTemperature": 2312,
        "outdoorTemperature": 50,
        "reheatLevel": 0,
        "coolingLevel": 0,
        "supplyAirFilterPressure": 6,
        "extractAirFilterPressure": 19,
        "operationMode": 12,
        "heatExchangerRegulator": 10000,
        "RhxEfficiency": 8301
    },
    {
        "timestamp": "2025-02-18T11:20:02.660080",
        "co2": 564,
        "supplyAirflow": 403,
        "extractAirflow": 391,
        "supplyAirDuctPressure": 40,
        "extractAirDuctPressure": 36,
        "supplyAirFanSpeedLevel": 3178,
        "extractAirFanSpeedLevel": 2510,
        "SFP": 5,
        "supplyAirTemperature": 1946,
        "extractAirTemperature": 2293,
        "outdoorTemperature": 31,
        "reheatLevel": 0,
        "coolingLevel": 0,
        "supplyAirFilterPressure": 6,
        "extractAirFilterPressure": 19,
        "operationMode": 12,
        "heatExchangerRegulator": 10000,
        "RhxEfficiency": 8303
    },
    {
        "timestamp": "2025-02-18T11:30:02.610845",
        "co2": 488,
        "supplyAirflow": 406,
        "extractAirflow": 391,
        "supplyAirDuctPressure": 38,
        "extractAirDuctPressure": 34,
        "supplyAirFanSpeedLevel": 3219,
        "extractAirFanSpeedLevel": 2517,
        "SFP": 5,
        "supplyAirTemperature": 2550,
        "extractAirTemperature": 2268,
        "outdoorTemperature": 84,
        "reheatLevel": 3787,
        "coolingLevel": 0,
        "supplyAirFilterPressure": 6,
        "extractAirFilterPressure": 19,
        "operationMode": 12,
        "heatExchangerRegulator": 10000,
        "RhxEfficiency": 8300
    },
    {
        "timestamp": "2025-02-18T11:40:02.472072",
        "co2": 469,
        "supplyAirflow": 401,
        "extractAirflow": 391,
        "supplyAirDuctPressure": 39,
        "extractAirDuctPressure": 36,
        "supplyAirFanSpeedLevel": 3216,
        "extractAirFanSpeedLevel": 2518,
        "SFP": 5,
        "supplyAirTemperature": 2613,
        "extractAirTemperature": 2337,
        "outdoorTemperature": 137,
        "reheatLevel": 0,
        "coolingLevel": 0,
        "supplyAirFilterPressure": 7,
        "extractAirFilterPressure": 19,
        "operationMode": 12,
        "heatExchangerRegulator": 10000,
        "RhxEfficiency": 8301
    },
    {
        "timestamp": "2025-02-18T11:50:02.336270",
        "co2": 452,
        "supplyAirflow": 406,
        "extractAirflow": 391,
        "supplyAirDuctPressure": 39,
        "extractAirDuctPressure": 36,
        "supplyAirFanSpeedLevel": 3205,
        "extractAirFanSpeedLevel": 2515,
        "SFP": 5,
        "supplyAirTemperature": 2048,
        "extractAirTemperature": 2356,
        "outdoorTemperature": 173,
        "reheatLevel": 0,
        "coolingLevel": 0,
        "supplyAirFilterPressure": 7,
        "extractAirFilterPressure": 19,
        "operationMode": 12,
        "heatExchangerRegulator": 10000,
        "RhxEfficiency": 8303
    },
    {
        "timestamp": "2025-02-18T12:00:02.358195",
        "co2": 446,
        "supplyAirflow": 401,
        "extractAirflow": 391,
        "supplyAirDuctPressure": 38,
        "extractAirDuctPressure": 37,
        "supplyAirFanSpeedLevel": 3179,
        "extractAirFanSpeedLevel": 2518,
        "SFP": 5,
        "supplyAirTemperature": 1948,
        "extractAirTemperature": 2331,
        "outdoorTemperature": 168,
        "reheatLevel": 0,
        "coolingLevel": 0,
        "supplyAirFilterPressure": 6,
        "extractAirFilterPressure": 19,
        "operationMode": 12,
        "heatExchangerRegulator": 10000,
        "RhxEfficiency": 8302
    },
    {
        "timestamp": "2025-02-18T12:10:02.186891",
        "co2": 471,
        "supplyAirflow": 403,
        "extractAirflow": 388,
        "supplyAirDuctPressure": 38,
        "extractAirDuctPressure": 35,
        "supplyAirFanSpeedLevel": 3200,
        "extractAirFanSpeedLevel": 2514,
        "SFP": 5,
        "supplyAirTemperature": 1906,
        "extractAirTemperature": 2318,
        "outdoorTemperature": 162,
        "reheatLevel": 0,
        "coolingLevel": 0,
        "supplyAirFilterPressure": 6,
        "extractAirFilterPressure": 18,
        "operationMode": 12,
        "heatExchangerRegulator": 10000,
        "RhxEfficiency": 8301
    },
    {
        "timestamp": "2025-02-18T12:20:03.045563",
        "co2": 499,
        "supplyAirflow": 403,
        "extractAirflow": 388,
        "supplyAirDuctPressure": 37,
        "extractAirDuctPressure": 37,
        "supplyAirFanSpeedLevel": 3158,
        "extractAirFanSpeedLevel": 2509,
        "SFP": 5,
        "supplyAirTemperature": 1556,
        "extractAirTemperature": 2306,
        "outdoorTemperature": 162,
        "reheatLevel": 0,
        "coolingLevel": 0,
        "supplyAirFilterPressure": 6,
        "extractAirFilterPressure": 18,
        "operationMode": 12,
        "heatExchangerRegulator": 10000,
        "RhxEfficiency": 8304
    },
    {
        "timestamp": "2025-02-18T12:30:02.795760",
        "co2": 513,
        "supplyAirflow": 409,
        "extractAirflow": 390,
        "supplyAirDuctPressure": 43,
        "extractAirDuctPressure": 36,
        "supplyAirFanSpeedLevel": 3253,
        "extractAirFanSpeedLevel": 2522,
        "SFP": 5,
        "supplyAirTemperature": 3490,
        "extractAirTemperature": 2300,
        "outdoorTemperature": 195,
        "reheatLevel": 3711,
        "coolingLevel": 0,
        "supplyAirFilterPressure": 6,
        "extractAirFilterPressure": 19,
        "operationMode": 12,
        "heatExchangerRegulator": 10000,
        "RhxEfficiency": 8300
    },
    {
        "timestamp": "2025-02-18T12:40:02.211344",
        "co2": 573,
        "supplyAirflow": 401,
        "extractAirflow": 385,
        "supplyAirDuctPressure": 39,
        "extractAirDuctPressure": 37,
        "supplyAirFanSpeedLevel": 3199,
        "extractAirFanSpeedLevel": 2518,
        "SFP": 5,
        "supplyAirTemperature": 2142,
        "extractAirTemperature": 2381,
        "outdoorTemperature": 250,
        "reheatLevel": 0,
        "coolingLevel": 0,
        "supplyAirFilterPressure": 6,
        "extractAirFilterPressure": 19,
        "operationMode": 12,
        "heatExchangerRegulator": 10000,
        "RhxEfficiency": 8300
    },
    {
        "timestamp": "2025-02-18T12:50:02.144444",
        "co2": 514,
        "supplyAirflow": 398,
        "extractAirflow": 388,
        "supplyAirDuctPressure": 41,
        "extractAirDuctPressure": 37,
        "supplyAirFanSpeedLevel": 3214,
        "extractAirFanSpeedLevel": 2528,
        "SFP": 5,
        "supplyAirTemperature": 1993,
        "extractAirTemperature": 2381,
        "outdoorTemperature": 337,
        "reheatLevel": 0,
        "coolingLevel": 0,
        "supplyAirFilterPressure": 6,
        "extractAirFilterPressure": 18,
        "operationMode": 12,
        "heatExchangerRegulator": 10000,
        "RhxEfficiency": 8300
    },
    {
        "timestamp": "2025-02-18T13:00:02.890208",
        "co2": 483,
        "supplyAirflow": 401,
        "extractAirflow": 388,
        "supplyAirDuctPressure": 39,
        "extractAirDuctPressure": 37,
        "supplyAirFanSpeedLevel": 3182,
        "extractAirFanSpeedLevel": 2525,
        "SFP": 5,
        "supplyAirTemperature": 1948,
        "extractAirTemperature": 2362,
        "outdoorTemperature": 331,
        "reheatLevel": 0,
        "coolingLevel": 0,
        "supplyAirFilterPressure": 6,
        "extractAirFilterPressure": 19,
        "operationMode": 12,
        "heatExchangerRegulator": 10000,
        "RhxEfficiency": 8300
    },
    {
        "timestamp": "2025-02-18T13:10:02.650605",
        "co2": 468,
        "supplyAirflow": 403,
        "extractAirflow": 388,
        "supplyAirDuctPressure": 39,
        "extractAirDuctPressure": 36,
        "supplyAirFanSpeedLevel": 3205,
        "extractAirFanSpeedLevel": 2520,
        "SFP": 5,
        "supplyAirTemperature": 1937,
        "extractAirTemperature": 2362,
        "outdoorTemperature": 337,
        "reheatLevel": 0,
        "coolingLevel": 0,
        "supplyAirFilterPressure": 6,
        "extractAirFilterPressure": 18,
        "operationMode": 12,
        "heatExchangerRegulator": 10000,
        "RhxEfficiency": 8300
    },
    {
        "timestamp": "2025-02-18T13:20:02.483089",
        "co2": 451,
        "supplyAirflow": 403,
        "extractAirflow": 391,
        "supplyAirDuctPressure": 35,
        "extractAirDuctPressure": 37,
        "supplyAirFanSpeedLevel": 3190,
        "extractAirFanSpeedLevel": 2520,
        "SFP": 5,
        "supplyAirTemperature": 1923,
        "extractAirTemperature": 2362,
        "outdoorTemperature": 335,
        "reheatLevel": 0,
        "coolingLevel": 0,
        "supplyAirFilterPressure": 6,
        "extractAirFilterPressure": 19,
        "operationMode": 12,
        "heatExchangerRegulator": 10000,
        "RhxEfficiency": 8305
    },
    {
        "timestamp": "2025-02-18T13:30:02.275833",
        "co2": 439,
        "supplyAirflow": 406,
        "extractAirflow": 387,
        "supplyAirDuctPressure": 39,
        "extractAirDuctPressure": 36,
        "supplyAirFanSpeedLevel": 3183,
        "extractAirFanSpeedLevel": 2533,
        "SFP": 5,
        "supplyAirTemperature": 1918,
        "extractAirTemperature": 2362,
        "outdoorTemperature": 362,
        "reheatLevel": 0,
        "coolingLevel": 0,
        "supplyAirFilterPressure": 7,
        "extractAirFilterPressure": 18,
        "operationMode": 12,
        "heatExchangerRegulator": 10000,
        "RhxEfficiency": 8300
    },
    {
        "timestamp": "2025-02-18T13:40:02.120244",
        "co2": 427,
        "supplyAirflow": 401,
        "extractAirflow": 387,
        "supplyAirDuctPressure": 39,
        "extractAirDuctPressure": 36,
        "supplyAirFanSpeedLevel": 3213,
        "extractAirFanSpeedLevel": 2530,
        "SFP": 5,
        "supplyAirTemperature": 1931,
        "extractAirTemperature": 2362,
        "outdoorTemperature": 470,
        "reheatLevel": 0,
        "coolingLevel": 0,
        "supplyAirFilterPressure": 7,
        "extractAirFilterPressure": 18,
        "operationMode": 12,
        "heatExchangerRegulator": 10000,
        "RhxEfficiency": 8305
    },
    {
        "timestamp": "2025-02-18T13:50:03.055479",
        "co2": 445,
        "supplyAirflow": 401,
        "extractAirflow": 390,
        "supplyAirDuctPressure": 39,
        "extractAirDuctPressure": 36,
        "supplyAirFanSpeedLevel": 3207,
        "extractAirFanSpeedLevel": 2532,
        "SFP": 5,
        "supplyAirTemperature": 1940,
        "extractAirTemperature": 2370,
        "outdoorTemperature": 520,
        "reheatLevel": 0,
        "coolingLevel": 0,
        "supplyAirFilterPressure": 7,
        "extractAirFilterPressure": 19,
        "operationMode": 12,
        "heatExchangerRegulator": 10000,
        "RhxEfficiency": 8302
    },
    {
        "timestamp": "2025-02-18T14:00:02.855903",
        "co2": 449,
        "supplyAirflow": 403,
        "extractAirflow": 390,
        "supplyAirDuctPressure": 35,
        "extractAirDuctPressure": 36,
        "supplyAirFanSpeedLevel": 3207,
        "extractAirFanSpeedLevel": 2534,
        "SFP": 5,
        "supplyAirTemperature": 1945,
        "extractAirTemperature": 2375,
        "outdoorTemperature": 537,
        "reheatLevel": 0,
        "coolingLevel": 0,
        "supplyAirFilterPressure": 7,
        "extractAirFilterPressure": 19,
        "operationMode": 12,
        "heatExchangerRegulator": 10000,
        "RhxEfficiency": 8303
    },
    {
        "timestamp": "2025-02-18T14:10:02.909275",
        "co2": 452,
        "supplyAirflow": 406,
        "extractAirflow": 387,
        "supplyAirDuctPressure": 39,
        "extractAirDuctPressure": 35,
        "supplyAirFanSpeedLevel": 3198,
        "extractAirFanSpeedLevel": 2530,
        "SFP": 5,
        "supplyAirTemperature": 1945,
        "extractAirTemperature": 2381,
        "outdoorTemperature": 514,
        "reheatLevel": 0,
        "coolingLevel": 0,
        "supplyAirFilterPressure": 7,
        "extractAirFilterPressure": 18,
        "operationMode": 12,
        "heatExchangerRegulator": 10000,
        "RhxEfficiency": 8300
    },
    {
        "timestamp": "2025-02-18T14:20:02.661254",
        "co2": 452,
        "supplyAirflow": 409,
        "extractAirflow": 387,
        "supplyAirDuctPressure": 38,
        "extractAirDuctPressure": 36,
        "supplyAirFanSpeedLevel": 3205,
        "extractAirFanSpeedLevel": 2533,
        "SFP": 5,
        "supplyAirTemperature": 1945,
        "extractAirTemperature": 2381,
        "outdoorTemperature": 537,
        "reheatLevel": 0,
        "coolingLevel": 0,
        "supplyAirFilterPressure": 7,
        "extractAirFilterPressure": 19,
        "operationMode": 12,
        "heatExchangerRegulator": 10000,
        "RhxEfficiency": 8300
    },
    {
        "timestamp": "2025-02-18T14:30:02.501327",
        "co2": 455,
        "supplyAirflow": 406,
        "extractAirflow": 390,
        "supplyAirDuctPressure": 39,
        "extractAirDuctPressure": 35,
        "supplyAirFanSpeedLevel": 3200,
        "extractAirFanSpeedLevel": 2520,
        "SFP": 5,
        "supplyAirTemperature": 1945,
        "extractAirTemperature": 2387,
        "outdoorTemperature": 537,
        "reheatLevel": 0,
        "coolingLevel": 0,
        "supplyAirFilterPressure": 7,
        "extractAirFilterPressure": 19,
        "operationMode": 12,
        "heatExchangerRegulator": 9618,
        "RhxEfficiency": 8303
    },
    {
        "timestamp": "2025-02-18T14:40:02.289269",
        "co2": 463,
        "supplyAirflow": 403,
        "extractAirflow": 387,
        "supplyAirDuctPressure": 40,
        "extractAirDuctPressure": 36,
        "supplyAirFanSpeedLevel": 3185,
        "extractAirFanSpeedLevel": 2525,
        "SFP": 5,
        "supplyAirTemperature": 1943,
        "extractAirTemperature": 2387,
        "outdoorTemperature": 513,
        "reheatLevel": 0,
        "coolingLevel": 0,
        "supplyAirFilterPressure": 7,
        "extractAirFilterPressure": 19,
        "operationMode": 12,
        "heatExchangerRegulator": 9030,
        "RhxEfficiency": 8300
    },
    {
        "timestamp": "2025-02-18T14:50:02.039717",
        "co2": 459,
        "supplyAirflow": 403,
        "extractAirflow": 390,
        "supplyAirDuctPressure": 39,
        "extractAirDuctPressure": 37,
        "supplyAirFanSpeedLevel": 3177,
        "extractAirFanSpeedLevel": 2545,
        "SFP": 5,
        "supplyAirTemperature": 1931,
        "extractAirTemperature": 2387,
        "outdoorTemperature": 562,
        "reheatLevel": 0,
        "coolingLevel": 0,
        "supplyAirFilterPressure": 7,
        "extractAirFilterPressure": 18,
        "operationMode": 12,
        "heatExchangerRegulator": 8366,
        "RhxEfficiency": 8247
    },
    {
        "timestamp": "2025-02-18T15:00:02.837895",
        "co2": 460,
        "supplyAirflow": 406,
        "extractAirflow": 387,
        "supplyAirDuctPressure": 37,
        "extractAirDuctPressure": 36,
        "supplyAirFanSpeedLevel": 3187,
        "extractAirFanSpeedLevel": 2531,
        "SFP": 5,
        "supplyAirTemperature": 1912,
        "extractAirTemperature": 2387,
        "outdoorTemperature": 502,
        "reheatLevel": 0,
        "coolingLevel": 0,
        "supplyAirFilterPressure": 7,
        "extractAirFilterPressure": 18,
        "operationMode": 12,
        "heatExchangerRegulator": 7834,
        "RhxEfficiency": 6332
    },
    {
        "timestamp": "2025-02-18T15:10:02.721613",
        "co2": 465,
        "supplyAirflow": 403,
        "extractAirflow": 387,
        "supplyAirDuctPressure": 38,
        "extractAirDuctPressure": 36,
        "supplyAirFanSpeedLevel": 3168,
        "extractAirFanSpeedLevel": 2548,
        "SFP": 5,
        "supplyAirTemperature": 1881,
        "extractAirTemperature": 2387,
        "outdoorTemperature": 481,
        "reheatLevel": 0,
        "coolingLevel": 0,
        "supplyAirFilterPressure": 7,
        "extractAirFilterPressure": 18,
        "operationMode": 12,
        "heatExchangerRegulator": 7287,
        "RhxEfficiency": 4913
    },
    {
        "timestamp": "2025-02-18T15:20:02.533363",
        "co2": 459,
        "supplyAirflow": 401,
        "extractAirflow": 390,
        "supplyAirDuctPressure": 39,
        "extractAirDuctPressure": 37,
        "supplyAirFanSpeedLevel": 3165,
        "extractAirFanSpeedLevel": 2549,
        "SFP": 5,
        "supplyAirTemperature": 1856,
        "extractAirTemperature": 2381,
        "outdoorTemperature": 512,
        "reheatLevel": 0,
        "coolingLevel": 0,
        "supplyAirFilterPressure": 7,
        "extractAirFilterPressure": 18,
        "operationMode": 12,
        "heatExchangerRegulator": 6833,
        "RhxEfficiency": 4061
    },
    {
        "timestamp": "2025-02-18T15:30:02.358108",
        "co2": 450,
        "supplyAirflow": 403,
        "extractAirflow": 390,
        "supplyAirDuctPressure": 39,
        "extractAirDuctPressure": 35,
        "supplyAirFanSpeedLevel": 3168,
        "extractAirFanSpeedLevel": 2549,
        "SFP": 5,
        "supplyAirTemperature": 1823,
        "extractAirTemperature": 2373,
        "outdoorTemperature": 500,
        "reheatLevel": 0,
        "coolingLevel": 0,
        "supplyAirFilterPressure": 7,
        "extractAirFilterPressure": 18,
        "operationMode": 12,
        "heatExchangerRegulator": 6572,
        "RhxEfficiency": 3467
    },
    {
        "timestamp": "2025-02-18T15:40:02.997591",
        "co2": 458,
        "supplyAirflow": 202,
        "extractAirflow": 202,
        "supplyAirDuctPressure": 14,
        "extractAirDuctPressure": 14,
        "supplyAirFanSpeedLevel": 1412,
        "extractAirFanSpeedLevel": 1120,
        "SFP": 4,
        "supplyAirTemperature": 1845,
        "extractAirTemperature": 2362,
        "outdoorTemperature": 556,
        "reheatLevel": 0,
        "coolingLevel": 0,
        "supplyAirFilterPressure": 0,
        "extractAirFilterPressure": 11,
        "operationMode": 15,
        "heatExchangerRegulator": 6369,
        "RhxEfficiency": 3400
    },
    {
        "timestamp": "2025-02-18T15:50:02.746539",
        "co2": 465,
        "supplyAirflow": 202,
        "extractAirflow": 202,
        "supplyAirDuctPressure": 13,
        "extractAirDuctPressure": 14,
        "supplyAirFanSpeedLevel": 1400,
        "extractAirFanSpeedLevel": 1126,
        "SFP": 4,
        "supplyAirTemperature": 1862,
        "extractAirTemperature": 2370,
        "outdoorTemperature": 550,
        "reheatLevel": 0,
        "coolingLevel": 0,
        "supplyAirFilterPressure": 0,
        "extractAirFilterPressure": 11,
        "operationMode": 15,
        "heatExchangerRegulator": 6005,
        "RhxEfficiency": 2954
    },
    {
        "timestamp": "2025-02-18T16:00:02.658824",
        "co2": 464,
        "supplyAirflow": 197,
        "extractAirflow": 202,
        "supplyAirDuctPressure": 13,
        "extractAirDuctPressure": 15,
        "supplyAirFanSpeedLevel": 1391,
        "extractAirFanSpeedLevel": 1118,
        "SFP": 4,
        "supplyAirTemperature": 1870,
        "extractAirTemperature": 2370,
        "outdoorTemperature": 531,
        "reheatLevel": 0,
        "coolingLevel": 0,
        "supplyAirFilterPressure": 0,
        "extractAirFilterPressure": 11,
        "operationMode": 15,
        "heatExchangerRegulator": 5664,
        "RhxEfficiency": 2582
    },
    {
        "timestamp": "2025-02-18T16:10:02.569360",
        "co2": 466,
        "supplyAirflow": 202,
        "extractAirflow": 202,
        "supplyAirDuctPressure": 12,
        "extractAirDuctPressure": 15,
        "supplyAirFanSpeedLevel": 1389,
        "extractAirFanSpeedLevel": 1137,
        "SFP": 4,
        "supplyAirTemperature": 1870,
        "extractAirTemperature": 2368,
        "outdoorTemperature": 487,
        "reheatLevel": 0,
        "coolingLevel": 0,
        "supplyAirFilterPressure": 0,
        "extractAirFilterPressure": 11,
        "operationMode": 15,
        "heatExchangerRegulator": 5460,
        "RhxEfficiency": 2364
    },
    {
        "timestamp": "2025-02-18T16:20:02.546190",
        "co2": 474,
        "supplyAirflow": 197,
        "extractAirflow": 202,
        "supplyAirDuctPressure": 13,
        "extractAirDuctPressure": 15,
        "supplyAirFanSpeedLevel": 1384,
        "extractAirFanSpeedLevel": 1136,
        "SFP": 4,
        "supplyAirTemperature": 1862,
        "extractAirTemperature": 2348,
        "outdoorTemperature": 437,
        "reheatLevel": 0,
        "coolingLevel": 0,
        "supplyAirFilterPressure": 0,
        "extractAirFilterPressure": 11,
        "operationMode": 15,
        "heatExchangerRegulator": 5546,
        "RhxEfficiency": 2400
    },
    {
        "timestamp": "2025-02-18T16:30:02.302216",
        "co2": 474,
        "supplyAirflow": 197,
        "extractAirflow": 202,
        "supplyAirDuctPressure": 12,
        "extractAirDuctPressure": 16,
        "supplyAirFanSpeedLevel": 1380,
        "extractAirFanSpeedLevel": 1134,
        "SFP": 4,
        "supplyAirTemperature": 1856,
        "extractAirTemperature": 2306,
        "outdoorTemperature": 356,
        "reheatLevel": 0,
        "coolingLevel": 0,
        "supplyAirFilterPressure": 0,
        "extractAirFilterPressure": 11,
        "operationMode": 15,
        "heatExchangerRegulator": 6524,
        "RhxEfficiency": 3301
    },
    {
        "timestamp": "2025-02-18T16:40:02.135635",
        "co2": 475,
        "supplyAirflow": 202,
        "extractAirflow": 202,
        "supplyAirDuctPressure": 13,
        "extractAirDuctPressure": 15,
        "supplyAirFanSpeedLevel": 1387,
        "extractAirFanSpeedLevel": 1133,
        "SFP": 4,
        "supplyAirTemperature": 1875,
        "extractAirTemperature": 2273,
        "outdoorTemperature": 325,
        "reheatLevel": 0,
        "coolingLevel": 0,
        "supplyAirFilterPressure": 0,
        "extractAirFilterPressure": 11,
        "operationMode": 15,
        "heatExchangerRegulator": 8591,
        "RhxEfficiency": 7915
    },
    {
        "timestamp": "2025-02-18T16:50:03.037160",
        "co2": 472,
        "supplyAirflow": 202,
        "extractAirflow": 202,
        "supplyAirDuctPressure": 12,
        "extractAirDuctPressure": 15,
        "supplyAirFanSpeedLevel": 1393,
        "extractAirFanSpeedLevel": 1133,
        "SFP": 4,
        "supplyAirTemperature": 1881,
        "extractAirTemperature": 2248,
        "outdoorTemperature": 273,
        "reheatLevel": 0,
        "coolingLevel": 0,
        "supplyAirFilterPressure": 0,
        "extractAirFilterPressure": 11,
        "operationMode": 15,
        "heatExchangerRegulator": 10000,
        "RhxEfficiency": 8400
    },
    {
        "timestamp": "2025-02-18T17:00:02.910598",
        "co2": 476,
        "supplyAirflow": 206,
        "extractAirflow": 197,
        "supplyAirDuctPressure": 13,
        "extractAirDuctPressure": 15,
        "supplyAirFanSpeedLevel": 1401,
        "extractAirFanSpeedLevel": 1134,
        "SFP": 4,
        "supplyAirTemperature": 1423,
        "extractAirTemperature": 2223,
        "outdoorTemperature": 223,
        "reheatLevel": 2537,
        "coolingLevel": 0,
        "supplyAirFilterPressure": 0,
        "extractAirFilterPressure": 11,
        "operationMode": 15,
        "heatExchangerRegulator": 10000,
        "RhxEfficiency": 8398
    },
    {
        "timestamp": "2025-02-18T17:10:03.048641",
        "co2": 472,
        "supplyAirflow": 202,
        "extractAirflow": 202,
        "supplyAirDuctPressure": 15,
        "extractAirDuctPressure": 15,
        "supplyAirFanSpeedLevel": 1472,
        "extractAirFanSpeedLevel": 1134,
        "SFP": 4,
        "supplyAirTemperature": 3649,
        "extractAirTemperature": 2181,
        "outdoorTemperature": 112,
        "reheatLevel": 0,
        "coolingLevel": 0,
        "supplyAirFilterPressure": 0,
        "extractAirFilterPressure": 11,
        "operationMode": 15,
        "heatExchangerRegulator": 10000,
        "RhxEfficiency": 8400
    },
    {
        "timestamp": "2025-02-18T17:20:02.912257",
        "co2": 480,
        "supplyAirflow": 202,
        "extractAirflow": 202,
        "supplyAirDuctPressure": 12,
        "extractAirDuctPressure": 15,
        "supplyAirFanSpeedLevel": 1401,
        "extractAirFanSpeedLevel": 1139,
        "SFP": 4,
        "supplyAirTemperature": 1696,
        "extractAirTemperature": 2168,
        "outdoorTemperature": 62,
        "reheatLevel": 2512,
        "coolingLevel": 0,
        "supplyAirFilterPressure": 0,
        "extractAirFilterPressure": 11,
        "operationMode": 15,
        "heatExchangerRegulator": 10000,
        "RhxEfficiency": 8401
    },
    {
        "timestamp": "2025-02-18T17:30:02.807186",
        "co2": 481,
        "supplyAirflow": 197,
        "extractAirflow": 197,
        "supplyAirDuctPressure": 13,
        "extractAirDuctPressure": 14,
        "supplyAirFanSpeedLevel": 1396,
        "extractAirFanSpeedLevel": 1122,
        "SFP": 4,
        "supplyAirTemperature": 3100,
        "extractAirTemperature": 2148,
        "outdoorTemperature": 12,
        "reheatLevel": 0,
        "coolingLevel": 0,
        "supplyAirFilterPressure": 0,
        "extractAirFilterPressure": 11,
        "operationMode": 15,
        "heatExchangerRegulator": 10000,
        "RhxEfficiency": 8399
    },
    {
        "timestamp": "2025-02-18T17:40:02.707814",
        "co2": 482,
        "supplyAirflow": 202,
        "extractAirflow": 202,
        "supplyAirDuctPressure": 15,
        "extractAirDuctPressure": 15,
        "supplyAirFanSpeedLevel": 1441,
        "extractAirFanSpeedLevel": 1123,
        "SFP": 4,
        "supplyAirTemperature": 2653,
        "extractAirTemperature": 2148,
        "outdoorTemperature": -62,
        "reheatLevel": 2512,
        "coolingLevel": 0,
        "supplyAirFilterPressure": 0,
        "extractAirFilterPressure": 11,
        "operationMode": 15,
        "heatExchangerRegulator": 10000,
        "RhxEfficiency": 8402
    },
    {
        "timestamp": "2025-02-18T17:50:02.535638",
        "co2": 482,
        "supplyAirflow": 202,
        "extractAirflow": 202,
        "supplyAirDuctPressure": 13,
        "extractAirDuctPressure": 15,
        "supplyAirFanSpeedLevel": 1383,
        "extractAirFanSpeedLevel": 1115,
        "SFP": 4,
        "supplyAirTemperature": 1983,
        "extractAirTemperature": 2144,
        "outdoorTemperature": -112,
        "reheatLevel": 2042,
        "coolingLevel": 0,
        "supplyAirFilterPressure": 0,
        "extractAirFilterPressure": 11,
        "operationMode": 15,
        "heatExchangerRegulator": 10000,
        "RhxEfficiency": 8400
    },
    {
        "timestamp": "2025-02-18T18:00:02.496626",
        "co2": 469,
        "supplyAirflow": 202,
        "extractAirflow": 197,
        "supplyAirDuctPressure": 16,
        "extractAirDuctPressure": 14,
        "supplyAirFanSpeedLevel": 1485,
        "extractAirFanSpeedLevel": 1108,
        "SFP": 4,
        "supplyAirTemperature": 3424,
        "extractAirTemperature": 2137,
        "outdoorTemperature": -131,
        "reheatLevel": 2512,
        "coolingLevel": 0,
        "supplyAirFilterPressure": 0,
        "extractAirFilterPressure": 11,
        "operationMode": 15,
        "heatExchangerRegulator": 10000,
        "RhxEfficiency": 8399
    },
    {
        "timestamp": "2025-02-18T18:10:02.517654",
        "co2": 464,
        "supplyAirflow": 206,
        "extractAirflow": 202,
        "supplyAirDuctPressure": 12,
        "extractAirDuctPressure": 15,
        "supplyAirFanSpeedLevel": 1387,
        "extractAirFanSpeedLevel": 1128,
        "SFP": 4,
        "supplyAirTemperature": 1324,
        "extractAirTemperature": 2137,
        "outdoorTemperature": -145,
        "reheatLevel": 2537,
        "coolingLevel": 0,
        "supplyAirFilterPressure": 0,
        "extractAirFilterPressure": 11,
        "operationMode": 15,
        "heatExchangerRegulator": 10000,
        "RhxEfficiency": 8399
    },
    {
        "timestamp": "2025-02-18T18:20:02.489205",
        "co2": 459,
        "supplyAirflow": 202,
        "extractAirflow": 202,
        "supplyAirDuctPressure": 14,
        "extractAirDuctPressure": 15,
        "supplyAirFanSpeedLevel": 1430,
        "extractAirFanSpeedLevel": 1122,
        "SFP": 4,
        "supplyAirTemperature": 3521,
        "extractAirTemperature": 2106,
        "outdoorTemperature": -156,
        "reheatLevel": 0,
        "coolingLevel": 0,
        "supplyAirFilterPressure": 0,
        "extractAirFilterPressure": 11,
        "operationMode": 15,
        "heatExchangerRegulator": 10000,
        "RhxEfficiency": 8399
    },
    {
        "timestamp": "2025-02-18T18:30:02.471180",
        "co2": 451,
        "supplyAirflow": 202,
        "extractAirflow": 202,
        "supplyAirDuctPressure": 15,
        "extractAirDuctPressure": 14,
        "supplyAirFanSpeedLevel": 1479,
        "extractAirFanSpeedLevel": 1118,
        "SFP": 4,
        "supplyAirTemperature": 3430,
        "extractAirTemperature": 2106,
        "outdoorTemperature": -170,
        "reheatLevel": 2537,
        "coolingLevel": 0,
        "supplyAirFilterPressure": 0,
        "extractAirFilterPressure": 11,
        "operationMode": 15,
        "heatExchangerRegulator": 10000,
        "RhxEfficiency": 8400
    },
    {
        "timestamp": "2025-02-18T18:40:02.327842",
        "co2": 443,
        "supplyAirflow": 197,
        "extractAirflow": 202,
        "supplyAirDuctPressure": 15,
        "extractAirDuctPressure": 14,
        "supplyAirFanSpeedLevel": 1465,
        "extractAirFanSpeedLevel": 1114,
        "SFP": 4,
        "supplyAirTemperature": 3066,
        "extractAirTemperature": 2112,
        "outdoorTemperature": -193,
        "reheatLevel": 2500,
        "coolingLevel": 0,
        "supplyAirFilterPressure": 0,
        "extractAirFilterPressure": 11,
        "operationMode": 15,
        "heatExchangerRegulator": 10000,
        "RhxEfficiency": 8405
    },
    {
        "timestamp": "2025-02-18T18:50:02.305293",
        "co2": 445,
        "supplyAirflow": 202,
        "extractAirflow": 197,
        "supplyAirDuctPressure": 12,
        "extractAirDuctPressure": 14,
        "supplyAirFanSpeedLevel": 1391,
        "extractAirFanSpeedLevel": 1132,
        "SFP": 4,
        "supplyAirTemperature": 2129,
        "extractAirTemperature": 2120,
        "outdoorTemperature": -225,
        "reheatLevel": 2512,
        "coolingLevel": 0,
        "supplyAirFilterPressure": 0,
        "extractAirFilterPressure": 11,
        "operationMode": 15,
        "heatExchangerRegulator": 10000,
        "RhxEfficiency": 8401
    },
    {
        "timestamp": "2025-02-18T19:00:03.192765",
        "co2": 441,
        "supplyAirflow": 202,
        "extractAirflow": 202,
        "supplyAirDuctPressure": 14,
        "extractAirDuctPressure": 15,
        "supplyAirFanSpeedLevel": 1406,
        "extractAirFanSpeedLevel": 1132,
        "SFP": 4,
        "supplyAirTemperature": 3161,
        "extractAirTemperature": 2120,
        "outdoorTemperature": -262,
        "reheatLevel": 0,
        "coolingLevel": 0,
        "supplyAirFilterPressure": 0,
        "extractAirFilterPressure": 11,
        "operationMode": 15,
        "heatExchangerRegulator": 10000,
        "RhxEfficiency": 8399
    },
    {
        "timestamp": "2025-02-18T19:10:03.301645",
        "co2": 439,
        "supplyAirflow": 202,
        "extractAirflow": 202,
        "supplyAirDuctPressure": 16,
        "extractAirDuctPressure": 14,
        "supplyAirFanSpeedLevel": 1491,
        "extractAirFanSpeedLevel": 1118,
        "SFP": 4,
        "supplyAirTemperature": 3646,
        "extractAirTemperature": 2120,
        "outdoorTemperature": -275,
        "reheatLevel": 2174,
        "coolingLevel": 0,
        "supplyAirFilterPressure": 0,
        "extractAirFilterPressure": 11,
        "operationMode": 15,
        "heatExchangerRegulator": 10000,
        "RhxEfficiency": 8400
    },
    {
        "timestamp": "2025-02-18T19:20:02.268304",
        "co2": 439,
        "supplyAirflow": 202,
        "extractAirflow": 203,
        "supplyAirDuctPressure": 14,
        "extractAirDuctPressure": 14,
        "supplyAirFanSpeedLevel": 1411,
        "extractAirFanSpeedLevel": 1115,
        "SFP": 4,
        "supplyAirTemperature": 2619,
        "extractAirTemperature": 2125,
        "outdoorTemperature": -300,
        "reheatLevel": 2512,
        "coolingLevel": 0,
        "supplyAirFilterPressure": 0,
        "extractAirFilterPressure": 11,
        "operationMode": 15,
        "heatExchangerRegulator": 10000,
        "RhxEfficiency": 8400
    },
    {
        "timestamp": "2025-02-18T19:30:02.358845",
        "co2": 440,
        "supplyAirflow": 202,
        "extractAirflow": 203,
        "supplyAirDuctPressure": 14,
        "extractAirDuctPressure": 14,
        "supplyAirFanSpeedLevel": 1398,
        "extractAirFanSpeedLevel": 1131,
        "SFP": 4,
        "supplyAirTemperature": 2368,
        "extractAirTemperature": 2124,
        "outdoorTemperature": -308,
        "reheatLevel": 2512,
        "coolingLevel": 0,
        "supplyAirFilterPressure": 0,
        "extractAirFilterPressure": 11,
        "operationMode": 15,
        "heatExchangerRegulator": 10000,
        "RhxEfficiency": 8397
    },
    {
        "timestamp": "2025-02-18T19:40:02.308786",
        "co2": 438,
        "supplyAirflow": 197,
        "extractAirflow": 203,
        "supplyAirDuctPressure": 15,
        "extractAirDuctPressure": 15,
        "supplyAirFanSpeedLevel": 1397,
        "extractAirFanSpeedLevel": 1126,
        "SFP": 4,
        "supplyAirTemperature": 2874,
        "extractAirTemperature": 2125,
        "outdoorTemperature": -318,
        "reheatLevel": 0,
        "coolingLevel": 0,
        "supplyAirFilterPressure": 0,
        "extractAirFilterPressure": 11,
        "operationMode": 15,
        "heatExchangerRegulator": 10000,
        "RhxEfficiency": 8402
    },
    {
        "timestamp": "2025-02-18T19:50:02.374383",
        "co2": 435,
        "supplyAirflow": 202,
        "extractAirflow": 203,
        "supplyAirDuctPressure": 16,
        "extractAirDuctPressure": 15,
        "supplyAirFanSpeedLevel": 1462,
        "extractAirFanSpeedLevel": 1126,
        "SFP": 4,
        "supplyAirTemperature": 3760,
        "extractAirTemperature": 2131,
        "outdoorTemperature": -337,
        "reheatLevel": 0,
        "coolingLevel": 0,
        "supplyAirFilterPressure": 0,
        "extractAirFilterPressure": 11,
        "operationMode": 15,
        "heatExchangerRegulator": 10000,
        "RhxEfficiency": 8398
    },
    {
        "timestamp": "2025-02-18T20:00:02.318291",
        "co2": 438,
        "supplyAirflow": 202,
        "extractAirflow": 203,
        "supplyAirDuctPressure": 16,
        "extractAirDuctPressure": 14,
        "supplyAirFanSpeedLevel": 1441,
        "extractAirFanSpeedLevel": 1107,
        "SFP": 4,
        "supplyAirTemperature": 2612,
        "extractAirTemperature": 2140,
        "outdoorTemperature": -362,
        "reheatLevel": 2512,
        "coolingLevel": 0,
        "supplyAirFilterPressure": 0,
        "extractAirFilterPressure": 11,
        "operationMode": 15,
        "heatExchangerRegulator": 10000,
        "RhxEfficiency": 8401
    },
    {
        "timestamp": "2025-02-18T20:10:03.111313",
        "co2": 437,
        "supplyAirflow": 202,
        "extractAirflow": 203,
        "supplyAirDuctPressure": 14,
        "extractAirDuctPressure": 14,
        "supplyAirFanSpeedLevel": 1425,
        "extractAirFanSpeedLevel": 1120,
        "SFP": 4,
        "supplyAirTemperature": 2411,
        "extractAirTemperature": 2131,
        "outdoorTemperature": -395,
        "reheatLevel": 2512,
        "coolingLevel": 0,
        "supplyAirFilterPressure": 0,
        "extractAirFilterPressure": 11,
        "operationMode": 15,
        "heatExchangerRegulator": 10000,
        "RhxEfficiency": 8396
    },
    {
        "timestamp": "2025-02-18T20:20:03.082922",
        "co2": 435,
        "supplyAirflow": 202,
        "extractAirflow": 198,
        "supplyAirDuctPressure": 14,
        "extractAirDuctPressure": 14,
        "supplyAirFanSpeedLevel": 1405,
        "extractAirFanSpeedLevel": 1114,
        "SFP": 4,
        "supplyAirTemperature": 2678,
        "extractAirTemperature": 2123,
        "outdoorTemperature": -394,
        "reheatLevel": 596,
        "coolingLevel": 0,
        "supplyAirFilterPressure": 0,
        "extractAirFilterPressure": 11,
        "operationMode": 15,
        "heatExchangerRegulator": 10000,
        "RhxEfficiency": 8398
    },
    {
        "timestamp": "2025-02-18T20:30:03.144040",
        "co2": 438,
        "supplyAirflow": 206,
        "extractAirflow": 203,
        "supplyAirDuctPressure": 16,
        "extractAirDuctPressure": 15,
        "supplyAirFanSpeedLevel": 1481,
        "extractAirFanSpeedLevel": 1122,
        "SFP": 4,
        "supplyAirTemperature": 3758,
        "extractAirTemperature": 2123,
        "outdoorTemperature": -394,
        "reheatLevel": 0,
        "coolingLevel": 0,
        "supplyAirFilterPressure": 0,
        "extractAirFilterPressure": 11,
        "operationMode": 15,
        "heatExchangerRegulator": 10000,
        "RhxEfficiency": 8396
    },
    {
        "timestamp": "2025-02-18T20:40:03.109441",
        "co2": 438,
        "supplyAirflow": 202,
        "extractAirflow": 203,
        "supplyAirDuctPressure": 16,
        "extractAirDuctPressure": 14,
        "supplyAirFanSpeedLevel": 1464,
        "extractAirFanSpeedLevel": 1121,
        "SFP": 4,
        "supplyAirTemperature": 3230,
        "extractAirTemperature": 2123,
        "outdoorTemperature": -406,
        "reheatLevel": 2512,
        "coolingLevel": 0,
        "supplyAirFilterPressure": 0,
        "extractAirFilterPressure": 11,
        "operationMode": 15,
        "heatExchangerRegulator": 10000,
        "RhxEfficiency": 8399
    },
    {
        "timestamp": "2025-02-18T20:50:03.069914",
        "co2": 440,
        "supplyAirflow": 202,
        "extractAirflow": 198,
        "supplyAirDuctPressure": 15,
        "extractAirDuctPressure": 15,
        "supplyAirFanSpeedLevel": 1436,
        "extractAirFanSpeedLevel": 1113,
        "SFP": 4,
        "supplyAirTemperature": 2910,
        "extractAirTemperature": 2123,
        "outdoorTemperature": -412,
        "reheatLevel": 2512,
        "coolingLevel": 0,
        "supplyAirFilterPressure": 0,
        "extractAirFilterPressure": 11,
        "operationMode": 15,
        "heatExchangerRegulator": 10000,
        "RhxEfficiency": 8400
    },
    {
        "timestamp": "2025-02-18T21:00:03.114250",
        "co2": 434,
        "supplyAirflow": 202,
        "extractAirflow": 198,
        "supplyAirDuctPressure": 15,
        "extractAirDuctPressure": 14,
        "supplyAirFanSpeedLevel": 1405,
        "extractAirFanSpeedLevel": 1120,
        "SFP": 4,
        "supplyAirTemperature": 2556,
        "extractAirTemperature": 2123,
        "outdoorTemperature": -450,
        "reheatLevel": 2512,
        "coolingLevel": 0,
        "supplyAirFilterPressure": 0,
        "extractAirFilterPressure": 11,
        "operationMode": 15,
        "heatExchangerRegulator": 10000,
        "RhxEfficiency": 8394
    },
    {
        "timestamp": "2025-02-18T21:10:03.087323",
        "co2": 438,
        "supplyAirflow": 202,
        "extractAirflow": 198,
        "supplyAirDuctPressure": 13,
        "extractAirDuctPressure": 14,
        "supplyAirFanSpeedLevel": 1389,
        "extractAirFanSpeedLevel": 1128,
        "SFP": 4,
        "supplyAirTemperature": 2563,
        "extractAirTemperature": 2123,
        "outdoorTemperature": -449,
        "reheatLevel": 1288,
        "coolingLevel": 0,
        "supplyAirFilterPressure": 0,
        "extractAirFilterPressure": 11,
        "operationMode": 15,
        "heatExchangerRegulator": 10000,
        "RhxEfficiency": 8395
    },
    {
        "timestamp": "2025-02-18T21:20:03.155289",
        "co2": 440,
        "supplyAirflow": 206,
        "extractAirflow": 203,
        "supplyAirDuctPressure": 15,
        "extractAirDuctPressure": 14,
        "supplyAirFanSpeedLevel": 1423,
        "extractAirFanSpeedLevel": 1104,
        "SFP": 4,
        "supplyAirTemperature": 3690,
        "extractAirTemperature": 2118,
        "outdoorTemperature": -450,
        "reheatLevel": 0,
        "coolingLevel": 0,
        "supplyAirFilterPressure": 0,
        "extractAirFilterPressure": 11,
        "operationMode": 15,
        "heatExchangerRegulator": 10000,
        "RhxEfficiency": 8392
    },
    {
        "timestamp": "2025-02-18T21:30:03.127435",
        "co2": 447,
        "supplyAirflow": 202,
        "extractAirflow": 198,
        "supplyAirDuctPressure": 16,
        "extractAirDuctPressure": 14,
        "supplyAirFanSpeedLevel": 1456,
        "extractAirFanSpeedLevel": 1117,
        "SFP": 4,
        "supplyAirTemperature": 3249,
        "extractAirTemperature": 2118,
        "outdoorTemperature": -462,
        "reheatLevel": 2512,
        "coolingLevel": 0,
        "supplyAirFilterPressure": 0,
        "extractAirFilterPressure": 11,
        "operationMode": 15,
        "heatExchangerRegulator": 10000,
        "RhxEfficiency": 8401
    },
    {
        "timestamp": "2025-02-18T21:40:03.188538",
        "co2": 437,
        "supplyAirflow": 197,
        "extractAirflow": 203,
        "supplyAirDuctPressure": 16,
        "extractAirDuctPressure": 14,
        "supplyAirFanSpeedLevel": 1418,
        "extractAirFanSpeedLevel": 1117,
        "SFP": 4,
        "supplyAirTemperature": 2843,
        "extractAirTemperature": 2118,
        "outdoorTemperature": -481,
        "reheatLevel": 2500,
        "coolingLevel": 0,
        "supplyAirFilterPressure": 0,
        "extractAirFilterPressure": 11,
        "operationMode": 15,
        "heatExchangerRegulator": 10000,
        "RhxEfficiency": 8402
    },
    {
        "timestamp": "2025-02-18T21:50:02.234093",
        "co2": 438,
        "supplyAirflow": 202,
        "extractAirflow": 203,
        "supplyAirDuctPressure": 13,
        "extractAirDuctPressure": 14,
        "supplyAirFanSpeedLevel": 1414,
        "extractAirFanSpeedLevel": 1122,
        "SFP": 4,
        "supplyAirTemperature": 2484,
        "extractAirTemperature": 2118,
        "outdoorTemperature": -487,
        "reheatLevel": 2512,
        "coolingLevel": 0,
        "supplyAirFilterPressure": 0,
        "extractAirFilterPressure": 11,
        "operationMode": 15,
        "heatExchangerRegulator": 10000,
        "RhxEfficiency": 8400
    },
    {
        "timestamp": "2025-02-18T22:00:02.193045",
        "co2": 440,
        "supplyAirflow": 202,
        "extractAirflow": 198,
        "supplyAirDuctPressure": 14,
        "extractAirDuctPressure": 14,
        "supplyAirFanSpeedLevel": 1410,
        "extractAirFanSpeedLevel": 1095,
        "SFP": 4,
        "supplyAirTemperature": 2693,
        "extractAirTemperature": 2118,
        "outdoorTemperature": -512,
        "reheatLevel": 982,
        "coolingLevel": 0,
        "supplyAirFilterPressure": 0,
        "extractAirFilterPressure": 11,
        "operationMode": 15,
        "heatExchangerRegulator": 10000,
        "RhxEfficiency": 8396
    },
    {
        "timestamp": "2025-02-18T22:10:02.373438",
        "co2": 436,
        "supplyAirflow": 197,
        "extractAirflow": 198,
        "supplyAirDuctPressure": 16,
        "extractAirDuctPressure": 14,
        "supplyAirFanSpeedLevel": 1456,
        "extractAirFanSpeedLevel": 1118,
        "SFP": 4,
        "supplyAirTemperature": 3667,
        "extractAirTemperature": 2112,
        "outdoorTemperature": -512,
        "reheatLevel": 271,
        "coolingLevel": 0,
        "supplyAirFilterPressure": 0,
        "extractAirFilterPressure": 11,
        "operationMode": 15,
        "heatExchangerRegulator": 10000,
        "RhxEfficiency": 8397
    },
    {
        "timestamp": "2025-02-18T22:20:02.333813",
        "co2": 439,
        "supplyAirflow": 197,
        "extractAirflow": 203,
        "supplyAirDuctPressure": 16,
        "extractAirDuctPressure": 14,
        "supplyAirFanSpeedLevel": 1455,
        "extractAirFanSpeedLevel": 1102,
        "SFP": 4,
        "supplyAirTemperature": 3050,
        "extractAirTemperature": 2112,
        "outdoorTemperature": -510,
        "reheatLevel": 2500,
        "coolingLevel": 0,
        "supplyAirFilterPressure": 0,
        "extractAirFilterPressure": 11,
        "operationMode": 15,
        "heatExchangerRegulator": 10000,
        "RhxEfficiency": 8402
    },
    {
        "timestamp": "2025-02-18T22:30:02.396131",
        "co2": 438,
        "supplyAirflow": 197,
        "extractAirflow": 203,
        "supplyAirDuctPressure": 15,
        "extractAirDuctPressure": 14,
        "supplyAirFanSpeedLevel": 1435,
        "extractAirFanSpeedLevel": 1110,
        "SFP": 4,
        "supplyAirTemperature": 2747,
        "extractAirTemperature": 2112,
        "outdoorTemperature": -501,
        "reheatLevel": 2500,
        "coolingLevel": 0,
        "supplyAirFilterPressure": 0,
        "extractAirFilterPressure": 11,
        "operationMode": 15,
        "heatExchangerRegulator": 10000,
        "RhxEfficiency": 8401
    },
    {
        "timestamp": "2025-02-18T22:40:02.340663",
        "co2": 440,
        "supplyAirflow": 197,
        "extractAirflow": 198,
        "supplyAirDuctPressure": 15,
        "extractAirDuctPressure": 14,
        "supplyAirFanSpeedLevel": 1407,
        "extractAirFanSpeedLevel": 1119,
        "SFP": 4,
        "supplyAirTemperature": 2381,
        "extractAirTemperature": 2106,
        "outdoorTemperature": -493,
        "reheatLevel": 2500,
        "coolingLevel": 0,
        "supplyAirFilterPressure": 0,
        "extractAirFilterPressure": 11,
        "operationMode": 15,
        "heatExchangerRegulator": 10000,
        "RhxEfficiency": 8399
    },
    {
        "timestamp": "2025-02-18T22:50:02.309308",
        "co2": 437,
        "supplyAirflow": 202,
        "extractAirflow": 203,
        "supplyAirDuctPressure": 14,
        "extractAirDuctPressure": 14,
        "supplyAirFanSpeedLevel": 1363,
        "extractAirFanSpeedLevel": 1137,
        "SFP": 4,
        "supplyAirTemperature": 2888,
        "extractAirTemperature": 2106,
        "outdoorTemperature": -525,
        "reheatLevel": 462,
        "coolingLevel": 0,
        "supplyAirFilterPressure": 0,
        "extractAirFilterPressure": 11,
        "operationMode": 15,
        "heatExchangerRegulator": 10000,
        "RhxEfficiency": 8399
    },
    {
        "timestamp": "2025-02-18T23:00:02.307873",
        "co2": 433,
        "supplyAirflow": 206,
        "extractAirflow": 203,
        "supplyAirDuctPressure": 16,
        "extractAirDuctPressure": 14,
        "supplyAirFanSpeedLevel": 1459,
        "extractAirFanSpeedLevel": 1102,
        "SFP": 4,
        "supplyAirTemperature": 3516,
        "extractAirTemperature": 2106,
        "outdoorTemperature": -550,
        "reheatLevel": 2537,
        "coolingLevel": 0,
        "supplyAirFilterPressure": 0,
        "extractAirFilterPressure": 11,
        "operationMode": 15,
        "heatExchangerRegulator": 10000,
        "RhxEfficiency": 8399
    },
    {
        "timestamp": "2025-02-18T23:10:02.144880",
        "co2": 437,
        "supplyAirflow": 202,
        "extractAirflow": 198,
        "supplyAirDuctPressure": 16,
        "extractAirDuctPressure": 14,
        "supplyAirFanSpeedLevel": 1445,
        "extractAirFanSpeedLevel": 1108,
        "SFP": 4,
        "supplyAirTemperature": 2913,
        "extractAirTemperature": 2106,
        "outdoorTemperature": -537,
        "reheatLevel": 2512,
        "coolingLevel": 0,
        "supplyAirFilterPressure": 0,
        "extractAirFilterPressure": 11,
        "operationMode": 15,
        "heatExchangerRegulator": 10000,
        "RhxEfficiency": 8395
    },
    {
        "timestamp": "2025-02-18T23:20:02.204071",
        "co2": 438,
        "supplyAirflow": 197,
        "extractAirflow": 198,
        "supplyAirDuctPressure": 15,
        "extractAirDuctPressure": 14,
        "supplyAirFanSpeedLevel": 1415,
        "extractAirFanSpeedLevel": 1105,
        "SFP": 4,
        "supplyAirTemperature": 2616,
        "extractAirTemperature": 2106,
        "outdoorTemperature": -545,
        "reheatLevel": 2500,
        "coolingLevel": 0,
        "supplyAirFilterPressure": 0,
        "extractAirFilterPressure": 11,
        "operationMode": 15,
        "heatExchangerRegulator": 10000,
        "RhxEfficiency": 8400
    },
    {
        "timestamp": "2025-02-18T23:30:03.092237",
        "co2": 438,
        "supplyAirflow": 202,
        "extractAirflow": 203,
        "supplyAirDuctPressure": 14,
        "extractAirDuctPressure": 14,
        "supplyAirFanSpeedLevel": 1393,
        "extractAirFanSpeedLevel": 1102,
        "SFP": 4,
        "supplyAirTemperature": 2450,
        "extractAirTemperature": 2106,
        "outdoorTemperature": -537,
        "reheatLevel": 2512,
        "coolingLevel": 0,
        "supplyAirFilterPressure": 0,
        "extractAirFilterPressure": 11,
        "operationMode": 15,
        "heatExchangerRegulator": 10000,
        "RhxEfficiency": 8399
    },
    {
        "timestamp": "2025-02-18T23:40:03.061444",
        "co2": 431,
        "supplyAirflow": 202,
        "extractAirflow": 198,
        "supplyAirDuctPressure": 15,
        "extractAirDuctPressure": 14,
        "supplyAirFanSpeedLevel": 1404,
        "extractAirFanSpeedLevel": 1121,
        "SFP": 4,
        "supplyAirTemperature": 3705,
        "extractAirTemperature": 2106,
        "outdoorTemperature": -544,
        "reheatLevel": 0,
        "coolingLevel": 0,
        "supplyAirFilterPressure": 0,
        "extractAirFilterPressure": 11,
        "operationMode": 15,
        "heatExchangerRegulator": 10000,
        "RhxEfficiency": 8389
    },
    {
        "timestamp": "2025-02-18T23:50:02.999686",
        "co2": 436,
        "supplyAirflow": 206,
        "extractAirflow": 198,
        "supplyAirDuctPressure": 16,
        "extractAirDuctPressure": 14,
        "supplyAirFanSpeedLevel": 1455,
        "extractAirFanSpeedLevel": 1104,
        "SFP": 4,
        "supplyAirTemperature": 3177,
        "extractAirTemperature": 2098,
        "outdoorTemperature": -550,
        "reheatLevel": 2537,
        "coolingLevel": 0,
        "supplyAirFilterPressure": 0,
        "extractAirFilterPressure": 11,
        "operationMode": 15,
        "heatExchangerRegulator": 10000,
        "RhxEfficiency": 8397
    }
]