[
    {
        "timestamp": "2025-02-21T00:00:02.270478",
        "co2": 427,
        "supplyAirflow": 202,
        "extractAirflow": 202,
        "supplyAirDuctPressure": 13,
        "extractAirDuctPressure": 13,
        "supplyAirFanSpeedLevel": 1435,
        "extractAirFanSpeedLevel": 1143,
        "SFP": 4,
        "supplyAirTemperature": 2443,
        "extractAirTemperature": 2131,
        "outdoorTemperature": 98,
        "reheatLevel": 0,
        "coolingLevel": 0,
        "supplyAirFilterPressure": 0,
        "extractAirFilterPressure": 11,
        "operationMode": 15,
        "heatExchangerRegulator": 10000,
        "RhxEfficiency": 8316
    },
    {
        "timestamp": "2025-02-21T00:10:02.980434",
        "co2": 418,
        "supplyAirflow": 202,
        "extractAirflow": 202,
        "supplyAirDuctPressure": 16,
        "extractAirDuctPressure": 13,
        "supplyAirFanSpeedLevel": 1493,
        "extractAirFanSpeedLevel": 1135,
        "SFP": 4,
        "supplyAirTemperature": 3154,
        "extractAirTemperature": 2131,
        "outdoorTemperature": 98,
        "reheatLevel": 2512,
        "coolingLevel": 0,
        "supplyAirFilterPressure": 0,
        "extractAirFilterPressure": 11,
        "operationMode": 15,
        "heatExchangerRegulator": 10000,
        "RhxEfficiency": 8322
    },
    {
        "timestamp": "2025-02-21T00:20:02.610552",
        "co2": 425,
        "supplyAirflow": 206,
        "extractAirflow": 202,
        "supplyAirDuctPressure": 15,
        "extractAirDuctPressure": 14,
        "supplyAirFanSpeedLevel": 1460,
        "extractAirFanSpeedLevel": 1132,
        "SFP": 4,
        "supplyAirTemperature": 1970,
        "extractAirTemperature": 2135,
        "outdoorTemperature": 98,
        "reheatLevel": 2537,
        "coolingLevel": 0,
        "supplyAirFilterPressure": 0,
        "extractAirFilterPressure": 11,
        "operationMode": 15,
        "heatExchangerRegulator": 10000,
        "RhxEfficiency": 8761
    },
    {
        "timestamp": "2025-02-21T00:30:02.148302",
        "co2": 424,
        "supplyAirflow": 202,
        "extractAirflow": 197,
        "supplyAirDuctPressure": 16,
        "extractAirDuctPressure": 13,
        "supplyAirFanSpeedLevel": 1448,
        "extractAirFanSpeedLevel": 1132,
        "SFP": 4,
        "supplyAirTemperature": 2964,
        "extractAirTemperature": 2135,
        "outdoorTemperature": 94,
        "reheatLevel": 0,
        "coolingLevel": 0,
        "supplyAirFilterPressure": 0,
        "extractAirFilterPressure": 11,
        "operationMode": 15,
        "heatExchangerRegulator": 10000,
        "RhxEfficiency": 8398
    },
    {
        "timestamp": "2025-02-21T00:40:02.834039",
        "co2": 426,
        "supplyAirflow": 202,
        "extractAirflow": 202,
        "supplyAirDuctPressure": 16,
        "extractAirDuctPressure": 13,
        "supplyAirFanSpeedLevel": 1484,
        "extractAirFanSpeedLevel": 1132,
        "SFP": 4,
        "supplyAirTemperature": 2713,
        "extractAirTemperature": 2137,
        "outdoorTemperature": 94,
        "reheatLevel": 2512,
        "coolingLevel": 0,
        "supplyAirFilterPressure": 0,
        "extractAirFilterPressure": 11,
        "operationMode": 15,
        "heatExchangerRegulator": 10000,
        "RhxEfficiency": 8368
    },
    {
        "timestamp": "2025-02-21T00:50:02.368990",
        "co2": 425,
        "supplyAirflow": 202,
        "extractAirflow": 202,
        "supplyAirDuctPressure": 12,
        "extractAirDuctPressure": 15,
        "supplyAirFanSpeedLevel": 1397,
        "extractAirFanSpeedLevel": 1155,
        "SFP": 4,
        "supplyAirTemperature": 1731,
        "extractAirTemperature": 2145,
        "outdoorTemperature": 100,
        "reheatLevel": 1957,
        "coolingLevel": 0,
        "supplyAirFilterPressure": 0,
        "extractAirFilterPressure": 11,
        "operationMode": 15,
        "heatExchangerRegulator": 10000,
        "RhxEfficiency": 8400
    },
    {
        "timestamp": "2025-02-21T01:00:02.949334",
        "co2": 424,
        "supplyAirflow": 197,
        "extractAirflow": 202,
        "supplyAirDuctPressure": 17,
        "extractAirDuctPressure": 12,
        "supplyAirFanSpeedLevel": 1526,
        "extractAirFanSpeedLevel": 1135,
        "SFP": 4,
        "supplyAirTemperature": 3574,
        "extractAirTemperature": 2143,
        "outdoorTemperature": 106,
        "reheatLevel": 2500,
        "coolingLevel": 0,
        "supplyAirFilterPressure": 0,
        "extractAirFilterPressure": 11,
        "operationMode": 15,
        "heatExchangerRegulator": 10000,
        "RhxEfficiency": 8409
    },
    {
        "timestamp": "2025-02-21T01:10:02.613646",
        "co2": 426,
        "supplyAirflow": 202,
        "extractAirflow": 197,
        "supplyAirDuctPressure": 14,
        "extractAirDuctPressure": 13,
        "supplyAirFanSpeedLevel": 1448,
        "extractAirFanSpeedLevel": 1132,
        "SFP": 4,
        "supplyAirTemperature": 2021,
        "extractAirTemperature": 2144,
        "outdoorTemperature": 106,
        "reheatLevel": 2512,
        "coolingLevel": 0,
        "supplyAirFilterPressure": 0,
        "extractAirFilterPressure": 11,
        "operationMode": 15,
        "heatExchangerRegulator": 10000,
        "RhxEfficiency": 8399
    },
    {
        "timestamp": "2025-02-21T01:20:02.271120",
        "co2": 418,
        "supplyAirflow": 202,
        "extractAirflow": 202,
        "supplyAirDuctPressure": 14,
        "extractAirDuctPressure": 14,
        "supplyAirFanSpeedLevel": 1433,
        "extractAirFanSpeedLevel": 1144,
        "SFP": 4,
        "supplyAirTemperature": 2587,
        "extractAirTemperature": 2144,
        "outdoorTemperature": 98,
        "reheatLevel": 0,
        "coolingLevel": 0,
        "supplyAirFilterPressure": 0,
        "extractAirFilterPressure": 11,
        "operationMode": 15,
        "heatExchangerRegulator": 10000,
        "RhxEfficiency": 8397
    },
    {
        "timestamp": "2025-02-21T01:30:02.925496",
        "co2": 422,
        "supplyAirflow": 197,
        "extractAirflow": 202,
        "supplyAirDuctPressure": 16,
        "extractAirDuctPressure": 13,
        "supplyAirFanSpeedLevel": 1481,
        "extractAirFanSpeedLevel": 1135,
        "SFP": 4,
        "supplyAirTemperature": 2959,
        "extractAirTemperature": 2150,
        "outdoorTemperature": 87,
        "reheatLevel": 2500,
        "coolingLevel": 0,
        "supplyAirFilterPressure": 0,
        "extractAirFilterPressure": 11,
        "operationMode": 15,
        "heatExchangerRegulator": 10000,
        "RhxEfficiency": 8400
    },
    {
        "timestamp": "2025-02-21T01:40:02.599836",
        "co2": 425,
        "supplyAirflow": 202,
        "extractAirflow": 202,
        "supplyAirDuctPressure": 12,
        "extractAirDuctPressure": 14,
        "supplyAirFanSpeedLevel": 1441,
        "extractAirFanSpeedLevel": 1147,
        "SFP": 4,
        "supplyAirTemperature": 1613,
        "extractAirTemperature": 2156,
        "outdoorTemperature": 87,
        "reheatLevel": 2512,
        "coolingLevel": 0,
        "supplyAirFilterPressure": 0,
        "extractAirFilterPressure": 11,
        "operationMode": 15,
        "heatExchangerRegulator": 10000,
        "RhxEfficiency": 8402
    },
    {
        "timestamp": "2025-02-21T01:50:02.307658",
        "co2": 429,
        "supplyAirflow": 202,
        "extractAirflow": 202,
        "supplyAirDuctPressure": 16,
        "extractAirDuctPressure": 14,
        "supplyAirFanSpeedLevel": 1506,
        "extractAirFanSpeedLevel": 1148,
        "SFP": 4,
        "supplyAirTemperature": 3759,
        "extractAirTemperature": 2156,
        "outdoorTemperature": 87,
        "reheatLevel": 0,
        "coolingLevel": 0,
        "supplyAirFilterPressure": 0,
        "extractAirFilterPressure": 11,
        "operationMode": 15,
        "heatExchangerRegulator": 10000,
        "RhxEfficiency": 8400
    },
    {
        "timestamp": "2025-02-21T02:00:02.849491",
        "co2": 425,
        "supplyAirflow": 202,
        "extractAirflow": 202,
        "supplyAirDuctPressure": 14,
        "extractAirDuctPressure": 15,
        "supplyAirFanSpeedLevel": 1440,
        "extractAirFanSpeedLevel": 1149,
        "SFP": 4,
        "supplyAirTemperature": 2021,
        "extractAirTemperature": 2156,
        "outdoorTemperature": 87,
        "reheatLevel": 2512,
        "coolingLevel": 0,
        "supplyAirFilterPressure": 0,
        "extractAirFilterPressure": 11,
        "operationMode": 15,
        "heatExchangerRegulator": 10000,
        "RhxEfficiency": 8400
    },
    {
        "timestamp": "2025-02-21T02:10:02.401609",
        "co2": 425,
        "supplyAirflow": 202,
        "extractAirflow": 202,
        "supplyAirDuctPressure": 13,
        "extractAirDuctPressure": 15,
        "supplyAirFanSpeedLevel": 1452,
        "extractAirFanSpeedLevel": 1137,
        "SFP": 4,
        "supplyAirTemperature": 2524,
        "extractAirTemperature": 2156,
        "outdoorTemperature": 106,
        "reheatLevel": 0,
        "coolingLevel": 0,
        "supplyAirFilterPressure": 0,
        "extractAirFilterPressure": 11,
        "operationMode": 15,
        "heatExchangerRegulator": 10000,
        "RhxEfficiency": 8400
    },
    {
        "timestamp": "2025-02-21T02:20:02.987062",
        "co2": 430,
        "supplyAirflow": 197,
        "extractAirflow": 207,
        "supplyAirDuctPressure": 16,
        "extractAirDuctPressure": 14,
        "supplyAirFanSpeedLevel": 1462,
        "extractAirFanSpeedLevel": 1156,
        "SFP": 4,
        "supplyAirTemperature": 2769,
        "extractAirTemperature": 2156,
        "outdoorTemperature": 131,
        "reheatLevel": 2500,
        "coolingLevel": 0,
        "supplyAirFilterPressure": 0,
        "extractAirFilterPressure": 11,
        "operationMode": 15,
        "heatExchangerRegulator": 10000,
        "RhxEfficiency": 8405
    },
    {
        "timestamp": "2025-02-21T02:30:02.624878",
        "co2": 421,
        "supplyAirflow": 202,
        "extractAirflow": 197,
        "supplyAirDuctPressure": 14,
        "extractAirDuctPressure": 12,
        "supplyAirFanSpeedLevel": 1430,
        "extractAirFanSpeedLevel": 1118,
        "SFP": 4,
        "supplyAirTemperature": 1379,
        "extractAirTemperature": 2156,
        "outdoorTemperature": 145,
        "reheatLevel": 2054,
        "coolingLevel": 0,
        "supplyAirFilterPressure": 0,
        "extractAirFilterPressure": 11,
        "operationMode": 15,
        "heatExchangerRegulator": 10000,
        "RhxEfficiency": 8396
    },
    {
        "timestamp": "2025-02-21T02:40:02.194885",
        "co2": 427,
        "supplyAirflow": 202,
        "extractAirflow": 196,
        "supplyAirDuctPressure": 17,
        "extractAirDuctPressure": 13,
        "supplyAirFanSpeedLevel": 1507,
        "extractAirFanSpeedLevel": 1142,
        "SFP": 4,
        "supplyAirTemperature": 3338,
        "extractAirTemperature": 2148,
        "outdoorTemperature": 143,
        "reheatLevel": 2512,
        "coolingLevel": 0,
        "supplyAirFilterPressure": 0,
        "extractAirFilterPressure": 11,
        "operationMode": 15,
        "heatExchangerRegulator": 10000,
        "RhxEfficiency": 8357
    },
    {
        "timestamp": "2025-02-21T02:50:02.921678",
        "co2": 420,
        "supplyAirflow": 202,
        "extractAirflow": 196,
        "supplyAirDuctPressure": 12,
        "extractAirDuctPressure": 14,
        "supplyAirFanSpeedLevel": 1427,
        "extractAirFanSpeedLevel": 1153,
        "SFP": 4,
        "supplyAirTemperature": 1826,
        "extractAirTemperature": 2144,
        "outdoorTemperature": 150,
        "reheatLevel": 2512,
        "coolingLevel": 0,
        "supplyAirFilterPressure": 0,
        "extractAirFilterPressure": 11,
        "operationMode": 15,
        "heatExchangerRegulator": 10000,
        "RhxEfficiency": 8395
    },
    {
        "timestamp": "2025-02-21T03:00:02.502886",
        "co2": 423,
        "supplyAirflow": 197,
        "extractAirflow": 202,
        "supplyAirDuctPressure": 14,
        "extractAirDuctPressure": 14,
        "supplyAirFanSpeedLevel": 1441,
        "extractAirFanSpeedLevel": 1137,
        "SFP": 4,
        "supplyAirTemperature": 2880,
        "extractAirTemperature": 2143,
        "outdoorTemperature": 149,
        "reheatLevel": 0,
        "coolingLevel": 0,
        "supplyAirFilterPressure": 0,
        "extractAirFilterPressure": 11,
        "operationMode": 15,
        "heatExchangerRegulator": 10000,
        "RhxEfficiency": 8406
    },
    {
        "timestamp": "2025-02-21T03:10:02.206163",
        "co2": 431,
        "supplyAirflow": 202,
        "extractAirflow": 202,
        "supplyAirDuctPressure": 16,
        "extractAirDuctPressure": 14,
        "supplyAirFanSpeedLevel": 1460,
        "extractAirFanSpeedLevel": 1136,
        "SFP": 4,
        "supplyAirTemperature": 2626,
        "extractAirTemperature": 2143,
        "outdoorTemperature": 162,
        "reheatLevel": 2512,
        "coolingLevel": 0,
        "supplyAirFilterPressure": 0,
        "extractAirFilterPressure": 11,
        "operationMode": 15,
        "heatExchangerRegulator": 10000,
        "RhxEfficiency": 8400
    },
    {
        "timestamp": "2025-02-21T03:20:02.833677",
        "co2": 430,
        "supplyAirflow": 197,
        "extractAirflow": 202,
        "supplyAirDuctPressure": 11,
        "extractAirDuctPressure": 15,
        "supplyAirFanSpeedLevel": 1383,
        "extractAirFanSpeedLevel": 1133,
        "SFP": 4,
        "supplyAirTemperature": 1728,
        "extractAirTemperature": 2150,
        "outdoorTemperature": 156,
        "reheatLevel": 1049,
        "coolingLevel": 0,
        "supplyAirFilterPressure": 0,
        "extractAirFilterPressure": 11,
        "operationMode": 15,
        "heatExchangerRegulator": 10000,
        "RhxEfficiency": 8400
    },
    {
        "timestamp": "2025-02-21T03:30:02.645535",
        "co2": 421,
        "supplyAirflow": 197,
        "extractAirflow": 202,
        "supplyAirDuctPressure": 13,
        "extractAirDuctPressure": 14,
        "supplyAirFanSpeedLevel": 1507,
        "extractAirFanSpeedLevel": 1137,
        "SFP": 4,
        "supplyAirTemperature": 3337,
        "extractAirTemperature": 2150,
        "outdoorTemperature": 174,
        "reheatLevel": 2500,
        "coolingLevel": 0,
        "supplyAirFilterPressure": 0,
        "extractAirFilterPressure": 11,
        "operationMode": 15,
        "heatExchangerRegulator": 10000,
        "RhxEfficiency": 8405
    },
    {
        "timestamp": "2025-02-21T03:40:02.333127",
        "co2": 427,
        "supplyAirflow": 202,
        "extractAirflow": 202,
        "supplyAirDuctPressure": 12,
        "extractAirDuctPressure": 14,
        "supplyAirFanSpeedLevel": 1423,
        "extractAirFanSpeedLevel": 1147,
        "SFP": 4,
        "supplyAirTemperature": 1776,
        "extractAirTemperature": 2162,
        "outdoorTemperature": 175,
        "reheatLevel": 2512,
        "coolingLevel": 0,
        "supplyAirFilterPressure": 0,
        "extractAirFilterPressure": 11,
        "operationMode": 15,
        "heatExchangerRegulator": 10000,
        "RhxEfficiency": 8400
    },
    {
        "timestamp": "2025-02-21T03:50:02.073379",
        "co2": 427,
        "supplyAirflow": 197,
        "extractAirflow": 202,
        "supplyAirDuctPressure": 14,
        "extractAirDuctPressure": 14,
        "supplyAirFanSpeedLevel": 1446,
        "extractAirFanSpeedLevel": 1148,
        "SFP": 4,
        "supplyAirTemperature": 3049,
        "extractAirTemperature": 2162,
        "outdoorTemperature": 195,
        "reheatLevel": 0,
        "coolingLevel": 0,
        "supplyAirFilterPressure": 0,
        "extractAirFilterPressure": 11,
        "operationMode": 15,
        "heatExchangerRegulator": 10000,
        "RhxEfficiency": 8403
    },
    {
        "timestamp": "2025-02-21T04:00:02.704771",
        "co2": 426,
        "supplyAirflow": 202,
        "extractAirflow": 202,
        "supplyAirDuctPressure": 14,
        "extractAirDuctPressure": 14,
        "supplyAirFanSpeedLevel": 1451,
        "extractAirFanSpeedLevel": 1149,
        "SFP": 4,
        "supplyAirTemperature": 2205,
        "extractAirTemperature": 2162,
        "outdoorTemperature": 200,
        "reheatLevel": 2512,
        "coolingLevel": 0,
        "supplyAirFilterPressure": 0,
        "extractAirFilterPressure": 11,
        "operationMode": 15,
        "heatExchangerRegulator": 10000,
        "RhxEfficiency": 8402
    },
    {
        "timestamp": "2025-02-21T04:10:02.344070",
        "co2": 429,
        "supplyAirflow": 202,
        "extractAirflow": 202,
        "supplyAirDuctPressure": 13,
        "extractAirDuctPressure": 14,
        "supplyAirFanSpeedLevel": 1435,
        "extractAirFanSpeedLevel": 1148,
        "SFP": 4,
        "supplyAirTemperature": 2389,
        "extractAirTemperature": 2156,
        "outdoorTemperature": 187,
        "reheatLevel": 0,
        "coolingLevel": 0,
        "supplyAirFilterPressure": 0,
        "extractAirFilterPressure": 11,
        "operationMode": 15,
        "heatExchangerRegulator": 10000,
        "RhxEfficiency": 8400
    },
    {
        "timestamp": "2025-02-21T04:20:03.003224",
        "co2": 432,
        "supplyAirflow": 202,
        "extractAirflow": 202,
        "supplyAirDuctPressure": 14,
        "extractAirDuctPressure": 13,
        "supplyAirFanSpeedLevel": 1469,
        "extractAirFanSpeedLevel": 1141,
        "SFP": 4,
        "supplyAirTemperature": 2241,
        "extractAirTemperature": 2148,
        "outdoorTemperature": 173,
        "reheatLevel": 2512,
        "coolingLevel": 0,
        "supplyAirFilterPressure": 0,
        "extractAirFilterPressure": 11,
        "operationMode": 15,
        "heatExchangerRegulator": 10000,
        "RhxEfficiency": 8400
    },
    {
        "timestamp": "2025-02-21T04:30:02.654924",
        "co2": 432,
        "supplyAirflow": 192,
        "extractAirflow": 207,
        "supplyAirDuctPressure": 11,
        "extractAirDuctPressure": 15,
        "supplyAirFanSpeedLevel": 1436,
        "extractAirFanSpeedLevel": 1132,
        "SFP": 4,
        "supplyAirTemperature": 1710,
        "extractAirTemperature": 2137,
        "outdoorTemperature": 168,
        "reheatLevel": 1732,
        "coolingLevel": 0,
        "supplyAirFilterPressure": 0,
        "extractAirFilterPressure": 11,
        "operationMode": 15,
        "heatExchangerRegulator": 10000,
        "RhxEfficiency": 8404
    },
    {
        "timestamp": "2025-02-21T04:40:02.531660",
        "co2": 426,
        "supplyAirflow": 202,
        "extractAirflow": 201,
        "supplyAirDuctPressure": 16,
        "extractAirDuctPressure": 14,
        "supplyAirFanSpeedLevel": 1531,
        "extractAirFanSpeedLevel": 1145,
        "SFP": 4,
        "supplyAirTemperature": 3466,
        "extractAirTemperature": 2137,
        "outdoorTemperature": 181,
        "reheatLevel": 2512,
        "coolingLevel": 0,
        "supplyAirFilterPressure": 0,
        "extractAirFilterPressure": 11,
        "operationMode": 15,
        "heatExchangerRegulator": 10000,
        "RhxEfficiency": 8400
    },
    {
        "timestamp": "2025-02-21T04:50:02.155544",
        "co2": 429,
        "supplyAirflow": 197,
        "extractAirflow": 201,
        "supplyAirDuctPressure": 13,
        "extractAirDuctPressure": 14,
        "supplyAirFanSpeedLevel": 1439,
        "extractAirFanSpeedLevel": 1136,
        "SFP": 4,
        "supplyAirTemperature": 2010,
        "extractAirTemperature": 2137,
        "outdoorTemperature": 181,
        "reheatLevel": 2500,
        "coolingLevel": 0,
        "supplyAirFilterPressure": 0,
        "extractAirFilterPressure": 11,
        "operationMode": 15,
        "heatExchangerRegulator": 10000,
        "RhxEfficiency": 8405
    },
    {
        "timestamp": "2025-02-21T05:00:02.848052",
        "co2": 436,
        "supplyAirflow": 197,
        "extractAirflow": 202,
        "supplyAirDuctPressure": 13,
        "extractAirDuctPressure": 15,
        "supplyAirFanSpeedLevel": 1442,
        "extractAirFanSpeedLevel": 1133,
        "SFP": 4,
        "supplyAirTemperature": 2478,
        "extractAirTemperature": 2145,
        "outdoorTemperature": 175,
        "reheatLevel": 0,
        "coolingLevel": 0,
        "supplyAirFilterPressure": 0,
        "extractAirFilterPressure": 11,
        "operationMode": 15,
        "heatExchangerRegulator": 10000,
        "RhxEfficiency": 8402
    },
    {
        "timestamp": "2025-02-21T05:10:02.628582",
        "co2": 431,
        "supplyAirflow": 206,
        "extractAirflow": 202,
        "supplyAirDuctPressure": 14,
        "extractAirDuctPressure": 15,
        "supplyAirFanSpeedLevel": 1478,
        "extractAirFanSpeedLevel": 1135,
        "SFP": 4,
        "supplyAirTemperature": 2895,
        "extractAirTemperature": 2150,
        "outdoorTemperature": 187,
        "reheatLevel": 2537,
        "coolingLevel": 0,
        "supplyAirFilterPressure": 0,
        "extractAirFilterPressure": 11,
        "operationMode": 15,
        "heatExchangerRegulator": 10000,
        "RhxEfficiency": 8401
    },
    {
        "timestamp": "2025-02-21T05:20:02.659250",
        "co2": 430,
        "supplyAirflow": 202,
        "extractAirflow": 202,
        "supplyAirDuctPressure": 13,
        "extractAirDuctPressure": 15,
        "supplyAirFanSpeedLevel": 1408,
        "extractAirFanSpeedLevel": 1154,
        "SFP": 4,
        "supplyAirTemperature": 1589,
        "extractAirTemperature": 2156,
        "outdoorTemperature": 187,
        "reheatLevel": 2512,
        "coolingLevel": 0,
        "supplyAirFilterPressure": 0,
        "extractAirFilterPressure": 11,
        "operationMode": 15,
        "heatExchangerRegulator": 10000,
        "RhxEfficiency": 8400
    },
    {
        "timestamp": "2025-02-21T05:30:02.432524",
        "co2": 430,
        "supplyAirflow": 206,
        "extractAirflow": 202,
        "supplyAirDuctPressure": 14,
        "extractAirDuctPressure": 14,
        "supplyAirFanSpeedLevel": 1464,
        "extractAirFanSpeedLevel": 1135,
        "SFP": 4,
        "supplyAirTemperature": 3781,
        "extractAirTemperature": 2156,
        "outdoorTemperature": 175,
        "reheatLevel": 0,
        "coolingLevel": 0,
        "supplyAirFilterPressure": 0,
        "extractAirFilterPressure": 11,
        "operationMode": 15,
        "heatExchangerRegulator": 10000,
        "RhxEfficiency": 8398
    },
    {
        "timestamp": "2025-02-21T05:40:02.197674",
        "co2": 432,
        "supplyAirflow": 202,
        "extractAirflow": 202,
        "supplyAirDuctPressure": 14,
        "extractAirDuctPressure": 15,
        "supplyAirFanSpeedLevel": 1453,
        "extractAirFanSpeedLevel": 1149,
        "SFP": 4,
        "supplyAirTemperature": 2177,
        "extractAirTemperature": 2156,
        "outdoorTemperature": 174,
        "reheatLevel": 2512,
        "coolingLevel": 0,
        "supplyAirFilterPressure": 0,
        "extractAirFilterPressure": 11,
        "operationMode": 15,
        "heatExchangerRegulator": 10000,
        "RhxEfficiency": 8400
    },
    {
        "timestamp": "2025-02-21T05:50:02.967964",
        "co2": 433,
        "supplyAirflow": 206,
        "extractAirflow": 202,
        "supplyAirDuctPressure": 12,
        "extractAirDuctPressure": 15,
        "supplyAirFanSpeedLevel": 1415,
        "extractAirFanSpeedLevel": 1151,
        "SFP": 4,
        "supplyAirTemperature": 2384,
        "extractAirTemperature": 2162,
        "outdoorTemperature": 181,
        "reheatLevel": 0,
        "coolingLevel": 0,
        "supplyAirFilterPressure": 0,
        "extractAirFilterPressure": 11,
        "operationMode": 15,
        "heatExchangerRegulator": 10000,
        "RhxEfficiency": 8398
    },
    {
        "timestamp": "2025-02-21T06:00:02.524027",
        "co2": 434,
        "supplyAirflow": 202,
        "extractAirflow": 202,
        "supplyAirDuctPressure": 15,
        "extractAirDuctPressure": 14,
        "supplyAirFanSpeedLevel": 1489,
        "extractAirFanSpeedLevel": 1156,
        "SFP": 4,
        "supplyAirTemperature": 2865,
        "extractAirTemperature": 2162,
        "outdoorTemperature": 206,
        "reheatLevel": 2512,
        "coolingLevel": 0,
        "supplyAirFilterPressure": 0,
        "extractAirFilterPressure": 11,
        "operationMode": 15,
        "heatExchangerRegulator": 10000,
        "RhxEfficiency": 8399
    },
    {
        "timestamp": "2025-02-21T06:10:02.174094",
        "co2": 430,
        "supplyAirflow": 206,
        "extractAirflow": 196,
        "supplyAirDuctPressure": 12,
        "extractAirDuctPressure": 15,
        "supplyAirFanSpeedLevel": 1399,
        "extractAirFanSpeedLevel": 1152,
        "SFP": 4,
        "supplyAirTemperature": 1227,
        "extractAirTemperature": 2162,
        "outdoorTemperature": 229,
        "reheatLevel": 2537,
        "coolingLevel": 0,
        "supplyAirFilterPressure": 0,
        "extractAirFilterPressure": 11,
        "operationMode": 15,
        "heatExchangerRegulator": 10000,
        "RhxEfficiency": 8397
    },
    {
        "timestamp": "2025-02-21T06:20:02.745881",
        "co2": 432,
        "supplyAirflow": 202,
        "extractAirflow": 196,
        "supplyAirDuctPressure": 15,
        "extractAirDuctPressure": 15,
        "supplyAirFanSpeedLevel": 1500,
        "extractAirFanSpeedLevel": 1146,
        "SFP": 4,
        "supplyAirTemperature": 3577,
        "extractAirTemperature": 2158,
        "outdoorTemperature": 212,
        "reheatLevel": 1640,
        "coolingLevel": 0,
        "supplyAirFilterPressure": 0,
        "extractAirFilterPressure": 11,
        "operationMode": 15,
        "heatExchangerRegulator": 10000,
        "RhxEfficiency": 8398
    },
    {
        "timestamp": "2025-02-21T06:30:02.350596",
        "co2": 430,
        "supplyAirflow": 202,
        "extractAirflow": 202,
        "supplyAirDuctPressure": 13,
        "extractAirDuctPressure": 14,
        "supplyAirFanSpeedLevel": 1456,
        "extractAirFanSpeedLevel": 1149,
        "SFP": 4,
        "supplyAirTemperature": 1806,
        "extractAirTemperature": 2163,
        "outdoorTemperature": 206,
        "reheatLevel": 2512,
        "coolingLevel": 0,
        "supplyAirFilterPressure": 0,
        "extractAirFilterPressure": 11,
        "operationMode": 15,
        "heatExchangerRegulator": 10000,
        "RhxEfficiency": 8403
    },
    {
        "timestamp": "2025-02-21T06:40:03.022007",
        "co2": 433,
        "supplyAirflow": 406,
        "extractAirflow": 389,
        "supplyAirDuctPressure": 33,
        "extractAirDuctPressure": 37,
        "supplyAirFanSpeedLevel": 3219,
        "extractAirFanSpeedLevel": 2579,
        "SFP": 5,
        "supplyAirTemperature": 2420,
        "extractAirTemperature": 2199,
        "outdoorTemperature": 162,
        "reheatLevel": 0,
        "coolingLevel": 0,
        "supplyAirFilterPressure": 7,
        "extractAirFilterPressure": 19,
        "operationMode": 12,
        "heatExchangerRegulator": 10000,
        "RhxEfficiency": 8363
    },
    {
        "timestamp": "2025-02-21T06:50:02.809223",
        "co2": 435,
        "supplyAirflow": 403,
        "extractAirflow": 390,
        "supplyAirDuctPressure": 41,
        "extractAirDuctPressure": 37,
        "supplyAirFanSpeedLevel": 3289,
        "extractAirFanSpeedLevel": 2585,
        "SFP": 5,
        "supplyAirTemperature": 3410,
        "extractAirTemperature": 2212,
        "outdoorTemperature": 137,
        "reheatLevel": 3045,
        "coolingLevel": 0,
        "supplyAirFilterPressure": 7,
        "extractAirFilterPressure": 19,
        "operationMode": 12,
        "heatExchangerRegulator": 10000,
        "RhxEfficiency": 8303
    },
    {
        "timestamp": "2025-02-21T07:00:02.801181",
        "co2": 436,
        "supplyAirflow": 401,
        "extractAirflow": 387,
        "supplyAirDuctPressure": 39,
        "extractAirDuctPressure": 37,
        "supplyAirFanSpeedLevel": 3228,
        "extractAirFanSpeedLevel": 2581,
        "SFP": 5,
        "supplyAirTemperature": 1484,
        "extractAirTemperature": 2248,
        "outdoorTemperature": 143,
        "reheatLevel": 3756,
        "coolingLevel": 0,
        "supplyAirFilterPressure": 7,
        "extractAirFilterPressure": 19,
        "operationMode": 12,
        "heatExchangerRegulator": 10000,
        "RhxEfficiency": 8301
    },
    {
        "timestamp": "2025-02-21T07:10:02.466969",
        "co2": 429,
        "supplyAirflow": 401,
        "extractAirflow": 387,
        "supplyAirDuctPressure": 38,
        "extractAirDuctPressure": 37,
        "supplyAirFanSpeedLevel": 3270,
        "extractAirFanSpeedLevel": 2571,
        "SFP": 5,
        "supplyAirTemperature": 3889,
        "extractAirTemperature": 2237,
        "outdoorTemperature": 143,
        "reheatLevel": 0,
        "coolingLevel": 0,
        "supplyAirFilterPressure": 7,
        "extractAirFilterPressure": 19,
        "operationMode": 12,
        "heatExchangerRegulator": 10000,
        "RhxEfficiency": 8303
    },
    {
        "timestamp": "2025-02-21T07:20:02.224243",
        "co2": 435,
        "supplyAirflow": 398,
        "extractAirflow": 387,
        "supplyAirDuctPressure": 40,
        "extractAirDuctPressure": 37,
        "supplyAirFanSpeedLevel": 3230,
        "extractAirFanSpeedLevel": 2585,
        "SFP": 5,
        "supplyAirTemperature": 2093,
        "extractAirTemperature": 2275,
        "outdoorTemperature": 137,
        "reheatLevel": 0,
        "coolingLevel": 0,
        "supplyAirFilterPressure": 6,
        "extractAirFilterPressure": 19,
        "operationMode": 12,
        "heatExchangerRegulator": 10000,
        "RhxEfficiency": 8301
    },
    {
        "timestamp": "2025-02-21T07:30:02.998784",
        "co2": 437,
        "supplyAirflow": 401,
        "extractAirflow": 387,
        "supplyAirDuctPressure": 39,
        "extractAirDuctPressure": 36,
        "supplyAirFanSpeedLevel": 3259,
        "extractAirFanSpeedLevel": 2584,
        "SFP": 5,
        "supplyAirTemperature": 2376,
        "extractAirTemperature": 2223,
        "outdoorTemperature": 137,
        "reheatLevel": 3756,
        "coolingLevel": 0,
        "supplyAirFilterPressure": 7,
        "extractAirFilterPressure": 18,
        "operationMode": 12,
        "heatExchangerRegulator": 10000,
        "RhxEfficiency": 8300
    },
    {
        "timestamp": "2025-02-21T07:40:02.859930",
        "co2": 442,
        "supplyAirflow": 403,
        "extractAirflow": 387,
        "supplyAirDuctPressure": 39,
        "extractAirDuctPressure": 36,
        "supplyAirFanSpeedLevel": 3246,
        "extractAirFanSpeedLevel": 2582,
        "SFP": 5,
        "supplyAirTemperature": 2701,
        "extractAirTemperature": 2256,
        "outdoorTemperature": 162,
        "reheatLevel": 0,
        "coolingLevel": 0,
        "supplyAirFilterPressure": 6,
        "extractAirFilterPressure": 19,
        "operationMode": 12,
        "heatExchangerRegulator": 10000,
        "RhxEfficiency": 8300
    },
    {
        "timestamp": "2025-02-21T07:50:02.731503",
        "co2": 451,
        "supplyAirflow": 403,
        "extractAirflow": 390,
        "supplyAirDuctPressure": 39,
        "extractAirDuctPressure": 36,
        "supplyAirFanSpeedLevel": 3222,
        "extractAirFanSpeedLevel": 2579,
        "SFP": 5,
        "supplyAirTemperature": 2023,
        "extractAirTemperature": 2262,
        "outdoorTemperature": 187,
        "reheatLevel": 0,
        "coolingLevel": 0,
        "supplyAirFilterPressure": 7,
        "extractAirFilterPressure": 19,
        "operationMode": 12,
        "heatExchangerRegulator": 10000,
        "RhxEfficiency": 8300
    },
    {
        "timestamp": "2025-02-21T08:00:02.537097",
        "co2": 456,
        "supplyAirflow": 406,
        "extractAirflow": 387,
        "supplyAirDuctPressure": 40,
        "extractAirDuctPressure": 36,
        "supplyAirFanSpeedLevel": 3285,
        "extractAirFanSpeedLevel": 2581,
        "SFP": 5,
        "supplyAirTemperature": 3218,
        "extractAirTemperature": 2212,
        "outdoorTemperature": 181,
        "reheatLevel": 3787,
        "coolingLevel": 0,
        "supplyAirFilterPressure": 7,
        "extractAirFilterPressure": 19,
        "operationMode": 12,
        "heatExchangerRegulator": 10000,
        "RhxEfficiency": 8300
    },
    {
        "timestamp": "2025-02-21T08:10:02.544700",
        "co2": 456,
        "supplyAirflow": 403,
        "extractAirflow": 390,
        "supplyAirDuctPressure": 32,
        "extractAirDuctPressure": 37,
        "supplyAirFanSpeedLevel": 3201,
        "extractAirFanSpeedLevel": 2580,
        "SFP": 5,
        "supplyAirTemperature": 1343,
        "extractAirTemperature": 2262,
        "outdoorTemperature": 212,
        "reheatLevel": 0,
        "coolingLevel": 0,
        "supplyAirFilterPressure": 7,
        "extractAirFilterPressure": 19,
        "operationMode": 12,
        "heatExchangerRegulator": 10000,
        "RhxEfficiency": 8302
    },
    {
        "timestamp": "2025-02-21T08:20:02.318887",
        "co2": 457,
        "supplyAirflow": 401,
        "extractAirflow": 387,
        "supplyAirDuctPressure": 41,
        "extractAirDuctPressure": 36,
        "supplyAirFanSpeedLevel": 3288,
        "extractAirFanSpeedLevel": 2574,
        "SFP": 5,
        "supplyAirTemperature": 3486,
        "extractAirTemperature": 2237,
        "outdoorTemperature": 193,
        "reheatLevel": 3756,
        "coolingLevel": 0,
        "supplyAirFilterPressure": 6,
        "extractAirFilterPressure": 19,
        "operationMode": 12,
        "heatExchangerRegulator": 10000,
        "RhxEfficiency": 8300
    },
    {
        "timestamp": "2025-02-21T08:30:02.475263",
        "co2": 468,
        "supplyAirflow": 401,
        "extractAirflow": 390,
        "supplyAirDuctPressure": 39,
        "extractAirDuctPressure": 36,
        "supplyAirFanSpeedLevel": 3229,
        "extractAirFanSpeedLevel": 2575,
        "SFP": 5,
        "supplyAirTemperature": 2167,
        "extractAirTemperature": 2287,
        "outdoorTemperature": 170,
        "reheatLevel": 0,
        "coolingLevel": 0,
        "supplyAirFilterPressure": 7,
        "extractAirFilterPressure": 19,
        "operationMode": 12,
        "heatExchangerRegulator": 10000,
        "RhxEfficiency": 8304
    },
    {
        "timestamp": "2025-02-21T08:40:02.348661",
        "co2": 469,
        "supplyAirflow": 401,
        "extractAirflow": 387,
        "supplyAirDuctPressure": 35,
        "extractAirDuctPressure": 37,
        "supplyAirFanSpeedLevel": 3178,
        "extractAirFanSpeedLevel": 2571,
        "SFP": 5,
        "supplyAirTemperature": 1249,
        "extractAirTemperature": 2243,
        "outdoorTemperature": 156,
        "reheatLevel": 885,
        "coolingLevel": 0,
        "supplyAirFilterPressure": 7,
        "extractAirFilterPressure": 19,
        "operationMode": 12,
        "heatExchangerRegulator": 10000,
        "RhxEfficiency": 8300
    },
    {
        "timestamp": "2025-02-21T08:50:02.093080",
        "co2": 460,
        "supplyAirflow": 401,
        "extractAirflow": 390,
        "supplyAirDuctPressure": 39,
        "extractAirDuctPressure": 37,
        "supplyAirFanSpeedLevel": 3263,
        "extractAirFanSpeedLevel": 2574,
        "SFP": 5,
        "supplyAirTemperature": 3756,
        "extractAirTemperature": 2225,
        "outdoorTemperature": 175,
        "reheatLevel": 0,
        "coolingLevel": 0,
        "supplyAirFilterPressure": 7,
        "extractAirFilterPressure": 19,
        "operationMode": 12,
        "heatExchangerRegulator": 10000,
        "RhxEfficiency": 8301
    },
    {
        "timestamp": "2025-02-21T09:00:02.889563",
        "co2": 459,
        "supplyAirflow": 401,
        "extractAirflow": 390,
        "supplyAirDuctPressure": 37,
        "extractAirDuctPressure": 37,
        "supplyAirFanSpeedLevel": 3242,
        "extractAirFanSpeedLevel": 2574,
        "SFP": 5,
        "supplyAirTemperature": 1373,
        "extractAirTemperature": 2256,
        "outdoorTemperature": 231,
        "reheatLevel": 3756,
        "coolingLevel": 0,
        "supplyAirFilterPressure": 7,
        "extractAirFilterPressure": 19,
        "operationMode": 12,
        "heatExchangerRegulator": 10000,
        "RhxEfficiency": 8307
    },
    {
        "timestamp": "2025-02-21T09:10:02.725936",
        "co2": 464,
        "supplyAirflow": 403,
        "extractAirflow": 390,
        "supplyAirDuctPressure": 43,
        "extractAirDuctPressure": 37,
        "supplyAirFanSpeedLevel": 3301,
        "extractAirFanSpeedLevel": 2578,
        "SFP": 5,
        "supplyAirTemperature": 3790,
        "extractAirTemperature": 2245,
        "outdoorTemperature": 218,
        "reheatLevel": 0,
        "coolingLevel": 0,
        "supplyAirFilterPressure": 7,
        "extractAirFilterPressure": 19,
        "operationMode": 12,
        "heatExchangerRegulator": 10000,
        "RhxEfficiency": 8302
    },
    {
        "timestamp": "2025-02-21T09:20:02.797694",
        "co2": 465,
        "supplyAirflow": 403,
        "extractAirflow": 390,
        "supplyAirDuctPressure": 39,
        "extractAirDuctPressure": 37,
        "supplyAirFanSpeedLevel": 3242,
        "extractAirFanSpeedLevel": 2570,
        "SFP": 5,
        "supplyAirTemperature": 2131,
        "extractAirTemperature": 2287,
        "outdoorTemperature": 212,
        "reheatLevel": 0,
        "coolingLevel": 0,
        "supplyAirFilterPressure": 7,
        "extractAirFilterPressure": 19,
        "operationMode": 12,
        "heatExchangerRegulator": 10000,
        "RhxEfficiency": 8300
    },
    {
        "timestamp": "2025-02-21T09:30:02.773507",
        "co2": 468,
        "supplyAirflow": 401,
        "extractAirflow": 390,
        "supplyAirDuctPressure": 37,
        "extractAirDuctPressure": 37,
        "supplyAirFanSpeedLevel": 3180,
        "extractAirFanSpeedLevel": 2568,
        "SFP": 5,
        "supplyAirTemperature": 1187,
        "extractAirTemperature": 2243,
        "outdoorTemperature": 218,
        "reheatLevel": 3756,
        "coolingLevel": 0,
        "supplyAirFilterPressure": 7,
        "extractAirFilterPressure": 19,
        "operationMode": 12,
        "heatExchangerRegulator": 10000,
        "RhxEfficiency": 8300
    },
    {
        "timestamp": "2025-02-21T09:40:02.715137",
        "co2": 465,
        "supplyAirflow": 403,
        "extractAirflow": 386,
        "supplyAirDuctPressure": 42,
        "extractAirDuctPressure": 37,
        "supplyAirFanSpeedLevel": 3306,
        "extractAirFanSpeedLevel": 2575,
        "SFP": 5,
        "supplyAirTemperature": 3602,
        "extractAirTemperature": 2225,
        "outdoorTemperature": 231,
        "reheatLevel": 3768,
        "coolingLevel": 0,
        "supplyAirFilterPressure": 7,
        "extractAirFilterPressure": 19,
        "operationMode": 12,
        "heatExchangerRegulator": 10000,
        "RhxEfficiency": 8303
    },
    {
        "timestamp": "2025-02-21T09:50:02.899365",
        "co2": 472,
        "supplyAirflow": 406,
        "extractAirflow": 393,
        "supplyAirDuctPressure": 37,
        "extractAirDuctPressure": 37,
        "supplyAirFanSpeedLevel": 3204,
        "extractAirFanSpeedLevel": 2582,
        "SFP": 5,
        "supplyAirTemperature": 1111,
        "extractAirTemperature": 2268,
        "outdoorTemperature": 252,
        "reheatLevel": 3787,
        "coolingLevel": 0,
        "supplyAirFilterPressure": 7,
        "extractAirFilterPressure": 19,
        "operationMode": 12,
        "heatExchangerRegulator": 10000,
        "RhxEfficiency": 8301
    },
    {
        "timestamp": "2025-02-21T10:00:02.882969",
        "co2": 473,
        "supplyAirflow": 401,
        "extractAirflow": 390,
        "supplyAirDuctPressure": 45,
        "extractAirDuctPressure": 36,
        "supplyAirFanSpeedLevel": 3290,
        "extractAirFanSpeedLevel": 2572,
        "SFP": 5,
        "supplyAirTemperature": 3587,
        "extractAirTemperature": 2245,
        "outdoorTemperature": 241,
        "reheatLevel": 3756,
        "coolingLevel": 0,
        "supplyAirFilterPressure": 7,
        "extractAirFilterPressure": 19,
        "operationMode": 12,
        "heatExchangerRegulator": 10000,
        "RhxEfficiency": 8301
    },
    {
        "timestamp": "2025-02-21T10:10:02.865727",
        "co2": 474,
        "supplyAirflow": 406,
        "extractAirflow": 393,
        "supplyAirDuctPressure": 39,
        "extractAirDuctPressure": 37,
        "supplyAirFanSpeedLevel": 3254,
        "extractAirFanSpeedLevel": 2584,
        "SFP": 5,
        "supplyAirTemperature": 2180,
        "extractAirTemperature": 2306,
        "outdoorTemperature": 262,
        "reheatLevel": 0,
        "coolingLevel": 0,
        "supplyAirFilterPressure": 7,
        "extractAirFilterPressure": 19,
        "operationMode": 12,
        "heatExchangerRegulator": 10000,
        "RhxEfficiency": 8300
    },
    {
        "timestamp": "2025-02-21T10:20:02.790416",
        "co2": 479,
        "supplyAirflow": 406,
        "extractAirflow": 387,
        "supplyAirDuctPressure": 40,
        "extractAirDuctPressure": 36,
        "supplyAirFanSpeedLevel": 3230,
        "extractAirFanSpeedLevel": 2576,
        "SFP": 5,
        "supplyAirTemperature": 1993,
        "extractAirTemperature": 2268,
        "outdoorTemperature": 275,
        "reheatLevel": 0,
        "coolingLevel": 0,
        "supplyAirFilterPressure": 7,
        "extractAirFilterPressure": 19,
        "operationMode": 12,
        "heatExchangerRegulator": 10000,
        "RhxEfficiency": 8300
    },
    {
        "timestamp": "2025-02-21T10:30:03.119736",
        "co2": 480,
        "supplyAirflow": 401,
        "extractAirflow": 392,
        "supplyAirDuctPressure": 39,
        "extractAirDuctPressure": 37,
        "supplyAirFanSpeedLevel": 3263,
        "extractAirFanSpeedLevel": 2585,
        "SFP": 5,
        "supplyAirTemperature": 2508,
        "extractAirTemperature": 2223,
        "outdoorTemperature": 281,
        "reheatLevel": 3756,
        "coolingLevel": 0,
        "supplyAirFilterPressure": 6,
        "extractAirFilterPressure": 19,
        "operationMode": 12,
        "heatExchangerRegulator": 10000,
        "RhxEfficiency": 8303
    },
    {
        "timestamp": "2025-02-21T10:40:02.934735",
        "co2": 482,
        "supplyAirflow": 406,
        "extractAirflow": 387,
        "supplyAirDuctPressure": 38,
        "extractAirDuctPressure": 36,
        "supplyAirFanSpeedLevel": 3263,
        "extractAirFanSpeedLevel": 2571,
        "SFP": 5,
        "supplyAirTemperature": 2652,
        "extractAirTemperature": 2281,
        "outdoorTemperature": 306,
        "reheatLevel": 0,
        "coolingLevel": 0,
        "supplyAirFilterPressure": 7,
        "extractAirFilterPressure": 19,
        "operationMode": 12,
        "heatExchangerRegulator": 10000,
        "RhxEfficiency": 8300
    },
    {
        "timestamp": "2025-02-21T10:50:02.882703",
        "co2": 480,
        "supplyAirflow": 403,
        "extractAirflow": 393,
        "supplyAirDuctPressure": 35,
        "extractAirDuctPressure": 37,
        "supplyAirFanSpeedLevel": 3226,
        "extractAirFanSpeedLevel": 2586,
        "SFP": 5,
        "supplyAirTemperature": 2056,
        "extractAirTemperature": 2287,
        "outdoorTemperature": 312,
        "reheatLevel": 0,
        "coolingLevel": 0,
        "supplyAirFilterPressure": 7,
        "extractAirFilterPressure": 19,
        "operationMode": 12,
        "heatExchangerRegulator": 10000,
        "RhxEfficiency": 8301
    },
    {
        "timestamp": "2025-02-21T11:00:02.915353",
        "co2": 470,
        "supplyAirflow": 409,
        "extractAirflow": 392,
        "supplyAirDuctPressure": 39,
        "extractAirDuctPressure": 37,
        "supplyAirFanSpeedLevel": 3282,
        "extractAirFanSpeedLevel": 2585,
        "SFP": 5,
        "supplyAirTemperature": 3022,
        "extractAirTemperature": 2237,
        "outdoorTemperature": 298,
        "reheatLevel": 3806,
        "coolingLevel": 0,
        "supplyAirFilterPressure": 7,
        "extractAirFilterPressure": 19,
        "operationMode": 12,
        "heatExchangerRegulator": 10000,
        "RhxEfficiency": 8300
    },
    {
        "timestamp": "2025-02-21T11:10:02.909786",
        "co2": 465,
        "supplyAirflow": 409,
        "extractAirflow": 393,
        "supplyAirDuctPressure": 35,
        "extractAirDuctPressure": 37,
        "supplyAirFanSpeedLevel": 3238,
        "extractAirFanSpeedLevel": 2585,
        "SFP": 5,
        "supplyAirTemperature": 2343,
        "extractAirTemperature": 2295,
        "outdoorTemperature": 293,
        "reheatLevel": 0,
        "coolingLevel": 0,
        "supplyAirFilterPressure": 7,
        "extractAirFilterPressure": 19,
        "operationMode": 12,
        "heatExchangerRegulator": 10000,
        "RhxEfficiency": 8300
    },
    {
        "timestamp": "2025-02-21T11:20:02.874712",
        "co2": 465,
        "supplyAirflow": 401,
        "extractAirflow": 390,
        "supplyAirDuctPressure": 37,
        "extractAirDuctPressure": 36,
        "supplyAirFanSpeedLevel": 3194,
        "extractAirFanSpeedLevel": 2573,
        "SFP": 5,
        "supplyAirTemperature": 1429,
        "extractAirTemperature": 2273,
        "outdoorTemperature": 269,
        "reheatLevel": 0,
        "coolingLevel": 0,
        "supplyAirFilterPressure": 6,
        "extractAirFilterPressure": 18,
        "operationMode": 12,
        "heatExchangerRegulator": 10000,
        "RhxEfficiency": 8301
    },
    {
        "timestamp": "2025-02-21T11:30:02.759039",
        "co2": 459,
        "supplyAirflow": 401,
        "extractAirflow": 386,
        "supplyAirDuctPressure": 39,
        "extractAirDuctPressure": 37,
        "supplyAirFanSpeedLevel": 3282,
        "extractAirFanSpeedLevel": 2583,
        "SFP": 5,
        "supplyAirTemperature": 3317,
        "extractAirTemperature": 2241,
        "outdoorTemperature": 300,
        "reheatLevel": 3756,
        "coolingLevel": 0,
        "supplyAirFilterPressure": 7,
        "extractAirFilterPressure": 19,
        "operationMode": 12,
        "heatExchangerRegulator": 10000,
        "RhxEfficiency": 8300
    },
    {
        "timestamp": "2025-02-21T11:40:02.621904",
        "co2": 462,
        "supplyAirflow": 401,
        "extractAirflow": 387,
        "supplyAirDuctPressure": 37,
        "extractAirDuctPressure": 36,
        "supplyAirFanSpeedLevel": 3244,
        "extractAirFanSpeedLevel": 2575,
        "SFP": 5,
        "supplyAirTemperature": 2235,
        "extractAirTemperature": 2300,
        "outdoorTemperature": 318,
        "reheatLevel": 0,
        "coolingLevel": 0,
        "supplyAirFilterPressure": 7,
        "extractAirFilterPressure": 19,
        "operationMode": 12,
        "heatExchangerRegulator": 10000,
        "RhxEfficiency": 8303
    },
    {
        "timestamp": "2025-02-21T11:50:02.433102",
        "co2": 469,
        "supplyAirflow": 403,
        "extractAirflow": 387,
        "supplyAirDuctPressure": 37,
        "extractAirDuctPressure": 37,
        "supplyAirFanSpeedLevel": 3219,
        "extractAirFanSpeedLevel": 2577,
        "SFP": 5,
        "supplyAirTemperature": 2006,
        "extractAirTemperature": 2273,
        "outdoorTemperature": 293,
        "reheatLevel": 0,
        "coolingLevel": 0,
        "supplyAirFilterPressure": 7,
        "extractAirFilterPressure": 18,
        "operationMode": 12,
        "heatExchangerRegulator": 10000,
        "RhxEfficiency": 8300
    },
    {
        "timestamp": "2025-02-21T12:00:02.297327",
        "co2": 482,
        "supplyAirflow": 401,
        "extractAirflow": 386,
        "supplyAirDuctPressure": 41,
        "extractAirDuctPressure": 37,
        "supplyAirFanSpeedLevel": 3278,
        "extractAirFanSpeedLevel": 2577,
        "SFP": 5,
        "supplyAirTemperature": 2996,
        "extractAirTemperature": 2237,
        "outdoorTemperature": 312,
        "reheatLevel": 3756,
        "coolingLevel": 0,
        "supplyAirFilterPressure": 7,
        "extractAirFilterPressure": 19,
        "operationMode": 12,
        "heatExchangerRegulator": 10000,
        "RhxEfficiency": 8300
    },
    {
        "timestamp": "2025-02-21T12:10:02.164807",
        "co2": 479,
        "supplyAirflow": 406,
        "extractAirflow": 387,
        "supplyAirDuctPressure": 37,
        "extractAirDuctPressure": 36,
        "supplyAirFanSpeedLevel": 3232,
        "extractAirFanSpeedLevel": 2572,
        "SFP": 5,
        "supplyAirTemperature": 2373,
        "extractAirTemperature": 2306,
        "outdoorTemperature": 325,
        "reheatLevel": 0,
        "coolingLevel": 0,
        "supplyAirFilterPressure": 7,
        "extractAirFilterPressure": 19,
        "operationMode": 12,
        "heatExchangerRegulator": 10000,
        "RhxEfficiency": 8300
    },
    {
        "timestamp": "2025-02-21T12:20:03.174194",
        "co2": 540,
        "supplyAirflow": 401,
        "extractAirflow": 387,
        "supplyAirDuctPressure": 40,
        "extractAirDuctPressure": 36,
        "supplyAirFanSpeedLevel": 3234,
        "extractAirFanSpeedLevel": 2575,
        "SFP": 5,
        "supplyAirTemperature": 2048,
        "extractAirTemperature": 2306,
        "outdoorTemperature": 343,
        "reheatLevel": 0,
        "coolingLevel": 0,
        "supplyAirFilterPressure": 7,
        "extractAirFilterPressure": 18,
        "operationMode": 12,
        "heatExchangerRegulator": 10000,
        "RhxEfficiency": 8300
    },
    {
        "timestamp": "2025-02-21T12:30:02.237054",
        "co2": 605,
        "supplyAirflow": 403,
        "extractAirflow": 389,
        "supplyAirDuctPressure": 35,
        "extractAirDuctPressure": 37,
        "supplyAirFanSpeedLevel": 3198,
        "extractAirFanSpeedLevel": 2581,
        "SFP": 5,
        "supplyAirTemperature": 1571,
        "extractAirTemperature": 2281,
        "outdoorTemperature": 362,
        "reheatLevel": 0,
        "coolingLevel": 0,
        "supplyAirFilterPressure": 7,
        "extractAirFilterPressure": 19,
        "operationMode": 12,
        "heatExchangerRegulator": 10000,
        "RhxEfficiency": 8300
    },
    {
        "timestamp": "2025-02-21T12:40:02.988407",
        "co2": 640,
        "supplyAirflow": 403,
        "extractAirflow": 389,
        "supplyAirDuctPressure": 42,
        "extractAirDuctPressure": 36,
        "supplyAirFanSpeedLevel": 3299,
        "extractAirFanSpeedLevel": 2580,
        "SFP": 5,
        "supplyAirTemperature": 3293,
        "extractAirTemperature": 2256,
        "outdoorTemperature": 344,
        "reheatLevel": 3768,
        "coolingLevel": 0,
        "supplyAirFilterPressure": 7,
        "extractAirFilterPressure": 19,
        "operationMode": 12,
        "heatExchangerRegulator": 10000,
        "RhxEfficiency": 8302
    },
    {
        "timestamp": "2025-02-21T12:50:02.955174",
        "co2": 620,
        "supplyAirflow": 401,
        "extractAirflow": 387,
        "supplyAirDuctPressure": 41,
        "extractAirDuctPressure": 37,
        "supplyAirFanSpeedLevel": 3224,
        "extractAirFanSpeedLevel": 2581,
        "SFP": 5,
        "supplyAirTemperature": 2243,
        "extractAirTemperature": 2325,
        "outdoorTemperature": 375,
        "reheatLevel": 0,
        "coolingLevel": 0,
        "supplyAirFilterPressure": 7,
        "extractAirFilterPressure": 19,
        "operationMode": 12,
        "heatExchangerRegulator": 10000,
        "RhxEfficiency": 8300
    },
    {
        "timestamp": "2025-02-21T13:00:03.012124",
        "co2": 570,
        "supplyAirflow": 398,
        "extractAirflow": 390,
        "supplyAirDuctPressure": 39,
        "extractAirDuctPressure": 37,
        "supplyAirFanSpeedLevel": 3232,
        "extractAirFanSpeedLevel": 2585,
        "SFP": 5,
        "supplyAirTemperature": 2037,
        "extractAirTemperature": 2312,
        "outdoorTemperature": 420,
        "reheatLevel": 0,
        "coolingLevel": 0,
        "supplyAirFilterPressure": 7,
        "extractAirFilterPressure": 18,
        "operationMode": 12,
        "heatExchangerRegulator": 10000,
        "RhxEfficiency": 8301
    },
    {
        "timestamp": "2025-02-21T13:10:02.983592",
        "co2": 532,
        "supplyAirflow": 401,
        "extractAirflow": 389,
        "supplyAirDuctPressure": 37,
        "extractAirDuctPressure": 37,
        "supplyAirFanSpeedLevel": 3228,
        "extractAirFanSpeedLevel": 2581,
        "SFP": 5,
        "supplyAirTemperature": 1973,
        "extractAirTemperature": 2273,
        "outdoorTemperature": 425,
        "reheatLevel": 0,
        "coolingLevel": 0,
        "supplyAirFilterPressure": 7,
        "extractAirFilterPressure": 19,
        "operationMode": 12,
        "heatExchangerRegulator": 10000,
        "RhxEfficiency": 8307
    },
    {
        "timestamp": "2025-02-21T13:20:03.041871",
        "co2": 505,
        "supplyAirflow": 403,
        "extractAirflow": 389,
        "supplyAirDuctPressure": 40,
        "extractAirDuctPressure": 36,
        "supplyAirFanSpeedLevel": 3286,
        "extractAirFanSpeedLevel": 2575,
        "SFP": 5,
        "supplyAirTemperature": 3000,
        "extractAirTemperature": 2237,
        "outdoorTemperature": 398,
        "reheatLevel": 3825,
        "coolingLevel": 0,
        "supplyAirFilterPressure": 7,
        "extractAirFilterPressure": 19,
        "operationMode": 12,
        "heatExchangerRegulator": 10000,
        "RhxEfficiency": 8307
    },
    {
        "timestamp": "2025-02-21T13:30:03.006170",
        "co2": 506,
        "supplyAirflow": 401,
        "extractAirflow": 387,
        "supplyAirDuctPressure": 36,
        "extractAirDuctPressure": 36,
        "supplyAirFanSpeedLevel": 3243,
        "extractAirFanSpeedLevel": 2581,
        "SFP": 5,
        "supplyAirTemperature": 2371,
        "extractAirTemperature": 2300,
        "outdoorTemperature": 387,
        "reheatLevel": 0,
        "coolingLevel": 0,
        "supplyAirFilterPressure": 7,
        "extractAirFilterPressure": 19,
        "operationMode": 12,
        "heatExchangerRegulator": 10000,
        "RhxEfficiency": 8300
    },
    {
        "timestamp": "2025-02-21T13:40:03.149174",
        "co2": 498,
        "supplyAirflow": 406,
        "extractAirflow": 392,
        "supplyAirDuctPressure": 39,
        "extractAirDuctPressure": 36,
        "supplyAirFanSpeedLevel": 3232,
        "extractAirFanSpeedLevel": 2578,
        "SFP": 5,
        "supplyAirTemperature": 2031,
        "extractAirTemperature": 2287,
        "outdoorTemperature": 362,
        "reheatLevel": 0,
        "coolingLevel": 0,
        "supplyAirFilterPressure": 7,
        "extractAirFilterPressure": 19,
        "operationMode": 12,
        "heatExchangerRegulator": 10000,
        "RhxEfficiency": 8301
    },
    {
        "timestamp": "2025-02-21T13:50:03.114898",
        "co2": 490,
        "supplyAirflow": 406,
        "extractAirflow": 392,
        "supplyAirDuctPressure": 36,
        "extractAirDuctPressure": 37,
        "supplyAirFanSpeedLevel": 3235,
        "extractAirFanSpeedLevel": 2580,
        "SFP": 5,
        "supplyAirTemperature": 1597,
        "extractAirTemperature": 2243,
        "outdoorTemperature": 349,
        "reheatLevel": 3787,
        "coolingLevel": 0,
        "supplyAirFilterPressure": 7,
        "extractAirFilterPressure": 19,
        "operationMode": 12,
        "heatExchangerRegulator": 10000,
        "RhxEfficiency": 8306
    },
    {
        "timestamp": "2025-02-21T14:00:02.991364",
        "co2": 481,
        "supplyAirflow": 406,
        "extractAirflow": 392,
        "supplyAirDuctPressure": 39,
        "extractAirDuctPressure": 37,
        "supplyAirFanSpeedLevel": 3262,
        "extractAirFanSpeedLevel": 2580,
        "SFP": 5,
        "supplyAirTemperature": 3420,
        "extractAirTemperature": 2256,
        "outdoorTemperature": 312,
        "reheatLevel": 0,
        "coolingLevel": 0,
        "supplyAirFilterPressure": 7,
        "extractAirFilterPressure": 19,
        "operationMode": 12,
        "heatExchangerRegulator": 10000,
        "RhxEfficiency": 8302
    },
    {
        "timestamp": "2025-02-21T14:10:02.977752",
        "co2": 481,
        "supplyAirflow": 403,
        "extractAirflow": 390,
        "supplyAirDuctPressure": 36,
        "extractAirDuctPressure": 37,
        "supplyAirFanSpeedLevel": 3238,
        "extractAirFanSpeedLevel": 2587,
        "SFP": 5,
        "supplyAirTemperature": 2108,
        "extractAirTemperature": 2300,
        "outdoorTemperature": 312,
        "reheatLevel": 0,
        "coolingLevel": 0,
        "supplyAirFilterPressure": 7,
        "extractAirFilterPressure": 19,
        "operationMode": 12,
        "heatExchangerRegulator": 10000,
        "RhxEfficiency": 8300
    },
    {
        "timestamp": "2025-02-21T14:20:02.842756",
        "co2": 487,
        "supplyAirflow": 398,
        "extractAirflow": 389,
        "supplyAirDuctPressure": 38,
        "extractAirDuctPressure": 37,
        "supplyAirFanSpeedLevel": 3214,
        "extractAirFanSpeedLevel": 2587,
        "SFP": 5,
        "supplyAirTemperature": 1202,
        "extractAirTemperature": 2262,
        "outdoorTemperature": 356,
        "reheatLevel": 3737,
        "coolingLevel": 0,
        "supplyAirFilterPressure": 7,
        "extractAirFilterPressure": 19,
        "operationMode": 12,
        "heatExchangerRegulator": 10000,
        "RhxEfficiency": 8302
    },
    {
        "timestamp": "2025-02-21T14:30:02.807888",
        "co2": 483,
        "supplyAirflow": 406,
        "extractAirflow": 392,
        "supplyAirDuctPressure": 39,
        "extractAirDuctPressure": 37,
        "supplyAirFanSpeedLevel": 3249,
        "extractAirFanSpeedLevel": 2585,
        "SFP": 5,
        "supplyAirTemperature": 3099,
        "extractAirTemperature": 2262,
        "outdoorTemperature": 331,
        "reheatLevel": 0,
        "coolingLevel": 0,
        "supplyAirFilterPressure": 7,
        "extractAirFilterPressure": 19,
        "operationMode": 12,
        "heatExchangerRegulator": 10000,
        "RhxEfficiency": 8300
    },
    {
        "timestamp": "2025-02-21T14:40:02.533737",
        "co2": 485,
        "supplyAirflow": 401,
        "extractAirflow": 387,
        "supplyAirDuctPressure": 41,
        "extractAirDuctPressure": 36,
        "supplyAirFanSpeedLevel": 3274,
        "extractAirFanSpeedLevel": 2578,
        "SFP": 5,
        "supplyAirTemperature": 2735,
        "extractAirTemperature": 2281,
        "outdoorTemperature": 345,
        "reheatLevel": 3756,
        "coolingLevel": 0,
        "supplyAirFilterPressure": 7,
        "extractAirFilterPressure": 19,
        "operationMode": 12,
        "heatExchangerRegulator": 10000,
        "RhxEfficiency": 8300
    },
    {
        "timestamp": "2025-02-21T14:50:02.402477",
        "co2": 482,
        "supplyAirflow": 412,
        "extractAirflow": 390,
        "supplyAirDuctPressure": 35,
        "extractAirDuctPressure": 37,
        "supplyAirFanSpeedLevel": 3215,
        "extractAirFanSpeedLevel": 2582,
        "SFP": 5,
        "supplyAirTemperature": 1542,
        "extractAirTemperature": 2312,
        "outdoorTemperature": 370,
        "reheatLevel": 0,
        "coolingLevel": 0,
        "supplyAirFilterPressure": 7,
        "extractAirFilterPressure": 19,
        "operationMode": 12,
        "heatExchangerRegulator": 10000,
        "RhxEfficiency": 8300
    },
    {
        "timestamp": "2025-02-21T15:00:02.382300",
        "co2": 500,
        "supplyAirflow": 403,
        "extractAirflow": 389,
        "supplyAirDuctPressure": 40,
        "extractAirDuctPressure": 37,
        "supplyAirFanSpeedLevel": 3284,
        "extractAirFanSpeedLevel": 2589,
        "SFP": 5,
        "supplyAirTemperature": 3654,
        "extractAirTemperature": 2287,
        "outdoorTemperature": 381,
        "reheatLevel": 0,
        "coolingLevel": 0,
        "supplyAirFilterPressure": 7,
        "extractAirFilterPressure": 19,
        "operationMode": 12,
        "heatExchangerRegulator": 10000,
        "RhxEfficiency": 8300
    },
    {
        "timestamp": "2025-02-21T15:10:02.234219",
        "co2": 506,
        "supplyAirflow": 401,
        "extractAirflow": 387,
        "supplyAirDuctPressure": 38,
        "extractAirDuctPressure": 36,
        "supplyAirFanSpeedLevel": 3273,
        "extractAirFanSpeedLevel": 2581,
        "SFP": 5,
        "supplyAirTemperature": 2318,
        "extractAirTemperature": 2298,
        "outdoorTemperature": 350,
        "reheatLevel": 3756,
        "coolingLevel": 0,
        "supplyAirFilterPressure": 7,
        "extractAirFilterPressure": 19,
        "operationMode": 12,
        "heatExchangerRegulator": 10000,
        "RhxEfficiency": 8300
    },
    {
        "timestamp": "2025-02-21T15:20:03.086253",
        "co2": 502,
        "supplyAirflow": 409,
        "extractAirflow": 390,
        "supplyAirDuctPressure": 39,
        "extractAirDuctPressure": 37,
        "supplyAirFanSpeedLevel": 3257,
        "extractAirFanSpeedLevel": 2587,
        "SFP": 5,
        "supplyAirTemperature": 3039,
        "extractAirTemperature": 2320,
        "outdoorTemperature": 348,
        "reheatLevel": 0,
        "coolingLevel": 0,
        "supplyAirFilterPressure": 7,
        "extractAirFilterPressure": 19,
        "operationMode": 12,
        "heatExchangerRegulator": 10000,
        "RhxEfficiency": 8300
    },
    {
        "timestamp": "2025-02-21T15:30:02.856492",
        "co2": 507,
        "supplyAirflow": 401,
        "extractAirflow": 387,
        "supplyAirDuctPressure": 35,
        "extractAirDuctPressure": 36,
        "supplyAirFanSpeedLevel": 3256,
        "extractAirFanSpeedLevel": 2577,
        "SFP": 5,
        "supplyAirTemperature": 2723,
        "extractAirTemperature": 2306,
        "outdoorTemperature": 350,
        "reheatLevel": 3756,
        "coolingLevel": 0,
        "supplyAirFilterPressure": 7,
        "extractAirFilterPressure": 19,
        "operationMode": 12,
        "heatExchangerRegulator": 10000,
        "RhxEfficiency": 8302
    },
    {
        "timestamp": "2025-02-21T15:40:02.824997",
        "co2": 497,
        "supplyAirflow": 202,
        "extractAirflow": 202,
        "supplyAirDuctPressure": 14,
        "extractAirDuctPressure": 14,
        "supplyAirFanSpeedLevel": 1453,
        "extractAirFanSpeedLevel": 1150,
        "SFP": 4,
        "supplyAirTemperature": 3049,
        "extractAirTemperature": 2312,
        "outdoorTemperature": 375,
        "reheatLevel": 0,
        "coolingLevel": 0,
        "supplyAirFilterPressure": 0,
        "extractAirFilterPressure": 11,
        "operationMode": 15,
        "heatExchangerRegulator": 10000,
        "RhxEfficiency": 8420
    },
    {
        "timestamp": "2025-02-21T15:50:02.897089",
        "co2": 498,
        "supplyAirflow": 202,
        "extractAirflow": 202,
        "supplyAirDuctPressure": 13,
        "extractAirDuctPressure": 14,
        "supplyAirFanSpeedLevel": 1444,
        "extractAirFanSpeedLevel": 1135,
        "SFP": 4,
        "supplyAirTemperature": 1714,
        "extractAirTemperature": 2287,
        "outdoorTemperature": 395,
        "reheatLevel": 2512,
        "coolingLevel": 0,
        "supplyAirFilterPressure": 0,
        "extractAirFilterPressure": 11,
        "operationMode": 15,
        "heatExchangerRegulator": 10000,
        "RhxEfficiency": 8400
    },
    {
        "timestamp": "2025-02-21T16:00:02.989980",
        "co2": 500,
        "supplyAirflow": 202,
        "extractAirflow": 202,
        "supplyAirDuctPressure": 15,
        "extractAirDuctPressure": 15,
        "supplyAirFanSpeedLevel": 1498,
        "extractAirFanSpeedLevel": 1158,
        "SFP": 4,
        "supplyAirTemperature": 3256,
        "extractAirTemperature": 2243,
        "outdoorTemperature": 373,
        "reheatLevel": 2512,
        "coolingLevel": 0,
        "supplyAirFilterPressure": 0,
        "extractAirFilterPressure": 10,
        "operationMode": 15,
        "heatExchangerRegulator": 10000,
        "RhxEfficiency": 8400
    },
    {
        "timestamp": "2025-02-21T16:10:02.729746",
        "co2": 499,
        "supplyAirflow": 202,
        "extractAirflow": 197,
        "supplyAirDuctPressure": 12,
        "extractAirDuctPressure": 14,
        "supplyAirFanSpeedLevel": 1404,
        "extractAirFanSpeedLevel": 1149,
        "SFP": 4,
        "supplyAirTemperature": 1664,
        "extractAirTemperature": 2244,
        "outdoorTemperature": 368,
        "reheatLevel": 0,
        "coolingLevel": 0,
        "supplyAirFilterPressure": 0,
        "extractAirFilterPressure": 11,
        "operationMode": 15,
        "heatExchangerRegulator": 10000,
        "RhxEfficiency": 8398
    },
    {
        "timestamp": "2025-02-21T16:20:02.612416",
        "co2": 492,
        "supplyAirflow": 202,
        "extractAirflow": 202,
        "supplyAirDuctPressure": 16,
        "extractAirDuctPressure": 14,
        "supplyAirFanSpeedLevel": 1488,
        "extractAirFanSpeedLevel": 1150,
        "SFP": 4,
        "supplyAirTemperature": 2816,
        "extractAirTemperature": 2218,
        "outdoorTemperature": 381,
        "reheatLevel": 2512,
        "coolingLevel": 0,
        "supplyAirFilterPressure": 0,
        "extractAirFilterPressure": 11,
        "operationMode": 15,
        "heatExchangerRegulator": 10000,
        "RhxEfficiency": 8400
    },
    {
        "timestamp": "2025-02-21T16:30:02.312242",
        "co2": 492,
        "supplyAirflow": 202,
        "extractAirflow": 196,
        "supplyAirDuctPressure": 14,
        "extractAirDuctPressure": 15,
        "supplyAirFanSpeedLevel": 1438,
        "extractAirFanSpeedLevel": 1149,
        "SFP": 4,
        "supplyAirTemperature": 2279,
        "extractAirTemperature": 2212,
        "outdoorTemperature": 373,
        "reheatLevel": 0,
        "coolingLevel": 0,
        "supplyAirFilterPressure": 0,
        "extractAirFilterPressure": 11,
        "operationMode": 15,
        "heatExchangerRegulator": 10000,
        "RhxEfficiency": 8401
    },
    {
        "timestamp": "2025-02-21T16:40:02.133252",
        "co2": 485,
        "supplyAirflow": 202,
        "extractAirflow": 202,
        "supplyAirDuctPressure": 13,
        "extractAirDuctPressure": 14,
        "supplyAirFanSpeedLevel": 1455,
        "extractAirFanSpeedLevel": 1148,
        "SFP": 4,
        "supplyAirTemperature": 2195,
        "extractAirTemperature": 2206,
        "outdoorTemperature": 362,
        "reheatLevel": 2512,
        "coolingLevel": 0,
        "supplyAirFilterPressure": 0,
        "extractAirFilterPressure": 11,
        "operationMode": 15,
        "heatExchangerRegulator": 10000,
        "RhxEfficiency": 8400
    },
    {
        "timestamp": "2025-02-21T16:50:02.985295",
        "co2": 478,
        "supplyAirflow": 202,
        "extractAirflow": 201,
        "supplyAirDuctPressure": 12,
        "extractAirDuctPressure": 15,
        "supplyAirFanSpeedLevel": 1434,
        "extractAirFanSpeedLevel": 1168,
        "SFP": 4,
        "supplyAirTemperature": 2487,
        "extractAirTemperature": 2194,
        "outdoorTemperature": 375,
        "reheatLevel": 0,
        "coolingLevel": 0,
        "supplyAirFilterPressure": 0,
        "extractAirFilterPressure": 10,
        "operationMode": 15,
        "heatExchangerRegulator": 10000,
        "RhxEfficiency": 8400
    },
    {
        "timestamp": "2025-02-21T17:00:02.830995",
        "co2": 478,
        "supplyAirflow": 197,
        "extractAirflow": 201,
        "supplyAirDuctPressure": 13,
        "extractAirDuctPressure": 15,
        "supplyAirFanSpeedLevel": 1444,
        "extractAirFanSpeedLevel": 1172,
        "SFP": 4,
        "supplyAirTemperature": 2157,
        "extractAirTemperature": 2193,
        "outdoorTemperature": 368,
        "reheatLevel": 2500,
        "coolingLevel": 0,
        "supplyAirFilterPressure": 0,
        "extractAirFilterPressure": 10,
        "operationMode": 15,
        "heatExchangerRegulator": 10000,
        "RhxEfficiency": 8401
    },
    {
        "timestamp": "2025-02-21T17:10:02.582629",
        "co2": 471,
        "supplyAirflow": 202,
        "extractAirflow": 201,
        "supplyAirDuctPressure": 14,
        "extractAirDuctPressure": 15,
        "supplyAirFanSpeedLevel": 1433,
        "extractAirFanSpeedLevel": 1172,
        "SFP": 4,
        "supplyAirTemperature": 2500,
        "extractAirTemperature": 2187,
        "outdoorTemperature": 343,
        "reheatLevel": 0,
        "coolingLevel": 0,
        "supplyAirFilterPressure": 0,
        "extractAirFilterPressure": 11,
        "operationMode": 15,
        "heatExchangerRegulator": 10000,
        "RhxEfficiency": 8400
    },
    {
        "timestamp": "2025-02-21T17:20:02.385530",
        "co2": 465,
        "supplyAirflow": 202,
        "extractAirflow": 201,
        "supplyAirDuctPressure": 16,
        "extractAirDuctPressure": 14,
        "supplyAirFanSpeedLevel": 1489,
        "extractAirFanSpeedLevel": 1148,
        "SFP": 4,
        "supplyAirTemperature": 2442,
        "extractAirTemperature": 2181,
        "outdoorTemperature": 343,
        "reheatLevel": 2512,
        "coolingLevel": 0,
        "supplyAirFilterPressure": 0,
        "extractAirFilterPressure": 11,
        "operationMode": 15,
        "heatExchangerRegulator": 10000,
        "RhxEfficiency": 8400
    },
    {
        "timestamp": "2025-02-21T17:30:02.197326",
        "co2": 465,
        "supplyAirflow": 202,
        "extractAirflow": 201,
        "supplyAirDuctPressure": 13,
        "extractAirDuctPressure": 15,
        "supplyAirFanSpeedLevel": 1402,
        "extractAirFanSpeedLevel": 1167,
        "SFP": 4,
        "supplyAirTemperature": 2329,
        "extractAirTemperature": 2173,
        "outdoorTemperature": 331,
        "reheatLevel": 0,
        "coolingLevel": 0,
        "supplyAirFilterPressure": 0,
        "extractAirFilterPressure": 11,
        "operationMode": 15,
        "heatExchangerRegulator": 10000,
        "RhxEfficiency": 8400
    },
    {
        "timestamp": "2025-02-21T17:40:02.900047",
        "co2": 463,
        "supplyAirflow": 202,
        "extractAirflow": 201,
        "supplyAirDuctPressure": 14,
        "extractAirDuctPressure": 14,
        "supplyAirFanSpeedLevel": 1471,
        "extractAirFanSpeedLevel": 1164,
        "SFP": 4,
        "supplyAirTemperature": 2724,
        "extractAirTemperature": 2162,
        "outdoorTemperature": 331,
        "reheatLevel": 2512,
        "coolingLevel": 0,
        "supplyAirFilterPressure": 0,
        "extractAirFilterPressure": 10,
        "operationMode": 15,
        "heatExchangerRegulator": 10000,
        "RhxEfficiency": 8400
    },
    {
        "timestamp": "2025-02-21T17:50:02.852842",
        "co2": 458,
        "supplyAirflow": 202,
        "extractAirflow": 201,
        "supplyAirDuctPressure": 12,
        "extractAirDuctPressure": 15,
        "supplyAirFanSpeedLevel": 1396,
        "extractAirFanSpeedLevel": 1171,
        "SFP": 4,
        "supplyAirTemperature": 1893,
        "extractAirTemperature": 2162,
        "outdoorTemperature": 337,
        "reheatLevel": 0,
        "coolingLevel": 0,
        "supplyAirFilterPressure": 0,
        "extractAirFilterPressure": 10,
        "operationMode": 15,
        "heatExchangerRegulator": 10000,
        "RhxEfficiency": 8403
    },
    {
        "timestamp": "2025-02-21T18:00:02.725786",
        "co2": 450,
        "supplyAirflow": 202,
        "extractAirflow": 201,
        "supplyAirDuctPressure": 15,
        "extractAirDuctPressure": 14,
        "supplyAirFanSpeedLevel": 1492,
        "extractAirFanSpeedLevel": 1161,
        "SFP": 4,
        "supplyAirTemperature": 2995,
        "extractAirTemperature": 2156,
        "outdoorTemperature": 331,
        "reheatLevel": 2512,
        "coolingLevel": 0,
        "supplyAirFilterPressure": 0,
        "extractAirFilterPressure": 11,
        "operationMode": 15,
        "heatExchangerRegulator": 10000,
        "RhxEfficiency": 8402
    },
    {
        "timestamp": "2025-02-21T18:10:02.592990",
        "co2": 450,
        "supplyAirflow": 202,
        "extractAirflow": 201,
        "supplyAirDuctPressure": 12,
        "extractAirDuctPressure": 15,
        "supplyAirFanSpeedLevel": 1400,
        "extractAirFanSpeedLevel": 1172,
        "SFP": 4,
        "supplyAirTemperature": 1262,
        "extractAirTemperature": 2156,
        "outdoorTemperature": 325,
        "reheatLevel": 2512,
        "coolingLevel": 0,
        "supplyAirFilterPressure": 0,
        "extractAirFilterPressure": 11,
        "operationMode": 15,
        "heatExchangerRegulator": 10000,
        "RhxEfficiency": 8400
    },
    {
        "timestamp": "2025-02-21T18:20:02.429895",
        "co2": 457,
        "supplyAirflow": 202,
        "extractAirflow": 201,
        "supplyAirDuctPressure": 14,
        "extractAirDuctPressure": 15,
        "supplyAirFanSpeedLevel": 1495,
        "extractAirFanSpeedLevel": 1167,
        "SFP": 4,
        "supplyAirTemperature": 3395,
        "extractAirTemperature": 2156,
        "outdoorTemperature": 331,
        "reheatLevel": 2512,
        "coolingLevel": 0,
        "supplyAirFilterPressure": 0,
        "extractAirFilterPressure": 11,
        "operationMode": 15,
        "heatExchangerRegulator": 10000,
        "RhxEfficiency": 8402
    },
    {
        "timestamp": "2025-02-21T18:30:02.195742",
        "co2": 451,
        "supplyAirflow": 202,
        "extractAirflow": 201,
        "supplyAirDuctPressure": 13,
        "extractAirDuctPressure": 15,
        "supplyAirFanSpeedLevel": 1429,
        "extractAirFanSpeedLevel": 1167,
        "SFP": 4,
        "supplyAirTemperature": 1542,
        "extractAirTemperature": 2162,
        "outdoorTemperature": 331,
        "reheatLevel": 2512,
        "coolingLevel": 0,
        "supplyAirFilterPressure": 0,
        "extractAirFilterPressure": 11,
        "operationMode": 15,
        "heatExchangerRegulator": 10000,
        "RhxEfficiency": 8400
    },
    {
        "timestamp": "2025-02-21T18:40:03.034349",
        "co2": 450,
        "supplyAirflow": 197,
        "extractAirflow": 201,
        "supplyAirDuctPressure": 16,
        "extractAirDuctPressure": 14,
        "supplyAirFanSpeedLevel": 1494,
        "extractAirFanSpeedLevel": 1173,
        "SFP": 4,
        "supplyAirTemperature": 3770,
        "extractAirTemperature": 2156,
        "outdoorTemperature": 323,
        "reheatLevel": 0,
        "coolingLevel": 0,
        "supplyAirFilterPressure": 0,
        "extractAirFilterPressure": 11,
        "operationMode": 15,
        "heatExchangerRegulator": 10000,
        "RhxEfficiency": 8401
    },
    {
        "timestamp": "2025-02-21T18:50:02.848468",
        "co2": 449,
        "supplyAirflow": 202,
        "extractAirflow": 201,
        "supplyAirDuctPressure": 14,
        "extractAirDuctPressure": 15,
        "supplyAirFanSpeedLevel": 1440,
        "extractAirFanSpeedLevel": 1160,
        "SFP": 4,
        "supplyAirTemperature": 1803,
        "extractAirTemperature": 2156,
        "outdoorTemperature": 337,
        "reheatLevel": 2512,
        "coolingLevel": 0,
        "supplyAirFilterPressure": 0,
        "extractAirFilterPressure": 11,
        "operationMode": 15,
        "heatExchangerRegulator": 10000,
        "RhxEfficiency": 8400
    },
    {
        "timestamp": "2025-02-21T19:00:02.687024",
        "co2": 454,
        "supplyAirflow": 202,
        "extractAirflow": 201,
        "supplyAirDuctPressure": 12,
        "extractAirDuctPressure": 15,
        "supplyAirFanSpeedLevel": 1432,
        "extractAirFanSpeedLevel": 1170,
        "SFP": 4,
        "supplyAirTemperature": 2865,
        "extractAirTemperature": 2148,
        "outdoorTemperature": 325,
        "reheatLevel": 0,
        "coolingLevel": 0,
        "supplyAirFilterPressure": 0,
        "extractAirFilterPressure": 11,
        "operationMode": 15,
        "heatExchangerRegulator": 10000,
        "RhxEfficiency": 8400
    },
    {
        "timestamp": "2025-02-21T19:10:02.576223",
        "co2": 452,
        "supplyAirflow": 202,
        "extractAirflow": 201,
        "supplyAirDuctPressure": 14,
        "extractAirDuctPressure": 15,
        "supplyAirFanSpeedLevel": 1456,
        "extractAirFanSpeedLevel": 1182,
        "SFP": 4,
        "supplyAirTemperature": 2549,
        "extractAirTemperature": 2150,
        "outdoorTemperature": 331,
        "reheatLevel": 2512,
        "coolingLevel": 0,
        "supplyAirFilterPressure": 0,
        "extractAirFilterPressure": 11,
        "operationMode": 15,
        "heatExchangerRegulator": 10000,
        "RhxEfficiency": 8400
    },
    {
        "timestamp": "2025-02-21T19:20:02.434609",
        "co2": 449,
        "supplyAirflow": 202,
        "extractAirflow": 201,
        "supplyAirDuctPressure": 12,
        "extractAirDuctPressure": 15,
        "supplyAirFanSpeedLevel": 1395,
        "extractAirFanSpeedLevel": 1182,
        "SFP": 4,
        "supplyAirTemperature": 2245,
        "extractAirTemperature": 2150,
        "outdoorTemperature": 331,
        "reheatLevel": 0,
        "coolingLevel": 0,
        "supplyAirFilterPressure": 0,
        "extractAirFilterPressure": 11,
        "operationMode": 15,
        "heatExchangerRegulator": 10000,
        "RhxEfficiency": 8400
    },
    {
        "timestamp": "2025-02-21T19:30:02.250898",
        "co2": 449,
        "supplyAirflow": 197,
        "extractAirflow": 201,
        "supplyAirDuctPressure": 15,
        "extractAirDuctPressure": 15,
        "supplyAirFanSpeedLevel": 1467,
        "extractAirFanSpeedLevel": 1178,
        "SFP": 4,
        "supplyAirTemperature": 2888,
        "extractAirTemperature": 2156,
        "outdoorTemperature": 331,
        "reheatLevel": 2500,
        "coolingLevel": 0,
        "supplyAirFilterPressure": 0,
        "extractAirFilterPressure": 10,
        "operationMode": 15,
        "heatExchangerRegulator": 10000,
        "RhxEfficiency": 8402
    },
    {
        "timestamp": "2025-02-21T19:40:02.168890",
        "co2": 444,
        "supplyAirflow": 202,
        "extractAirflow": 201,
        "supplyAirDuctPressure": 11,
        "extractAirDuctPressure": 15,
        "supplyAirFanSpeedLevel": 1363,
        "extractAirFanSpeedLevel": 1173,
        "SFP": 4,
        "supplyAirTemperature": 1382,
        "extractAirTemperature": 2156,
        "outdoorTemperature": 345,
        "reheatLevel": 1394,
        "coolingLevel": 0,
        "supplyAirFilterPressure": 0,
        "extractAirFilterPressure": 10,
        "operationMode": 15,
        "heatExchangerRegulator": 10000,
        "RhxEfficiency": 8400
    },
    {
        "timestamp": "2025-02-21T19:50:03.056438",
        "co2": 450,
        "supplyAirflow": 202,
        "extractAirflow": 201,
        "supplyAirDuctPressure": 15,
        "extractAirDuctPressure": 15,
        "supplyAirFanSpeedLevel": 1474,
        "extractAirFanSpeedLevel": 1177,
        "SFP": 4,
        "supplyAirTemperature": 3245,
        "extractAirTemperature": 2156,
        "outdoorTemperature": 345,
        "reheatLevel": 2512,
        "coolingLevel": 0,
        "supplyAirFilterPressure": 0,
        "extractAirFilterPressure": 11,
        "operationMode": 15,
        "heatExchangerRegulator": 10000,
        "RhxEfficiency": 8400
    },
    {
        "timestamp": "2025-02-21T20:00:02.918888",
        "co2": 450,
        "supplyAirflow": 202,
        "extractAirflow": 201,
        "supplyAirDuctPressure": 12,
        "extractAirDuctPressure": 15,
        "supplyAirFanSpeedLevel": 1402,
        "extractAirFanSpeedLevel": 1180,
        "SFP": 4,
        "supplyAirTemperature": 1421,
        "extractAirTemperature": 2162,
        "outdoorTemperature": 325,
        "reheatLevel": 2512,
        "coolingLevel": 0,
        "supplyAirFilterPressure": 0,
        "extractAirFilterPressure": 10,
        "operationMode": 15,
        "heatExchangerRegulator": 10000,
        "RhxEfficiency": 8400
    },
    {
        "timestamp": "2025-02-21T20:10:02.754301",
        "co2": 449,
        "supplyAirflow": 202,
        "extractAirflow": 201,
        "supplyAirDuctPressure": 16,
        "extractAirDuctPressure": 15,
        "supplyAirFanSpeedLevel": 1503,
        "extractAirFanSpeedLevel": 1180,
        "SFP": 4,
        "supplyAirTemperature": 3666,
        "extractAirTemperature": 2156,
        "outdoorTemperature": 318,
        "reheatLevel": 1639,
        "coolingLevel": 0,
        "supplyAirFilterPressure": 0,
        "extractAirFilterPressure": 11,
        "operationMode": 15,
        "heatExchangerRegulator": 10000,
        "RhxEfficiency": 8402
    },
    {
        "timestamp": "2025-02-21T20:20:02.744337",
        "co2": 447,
        "supplyAirflow": 202,
        "extractAirflow": 201,
        "supplyAirDuctPressure": 13,
        "extractAirDuctPressure": 15,
        "supplyAirFanSpeedLevel": 1406,
        "extractAirFanSpeedLevel": 1184,
        "SFP": 4,
        "supplyAirTemperature": 1756,
        "extractAirTemperature": 2162,
        "outdoorTemperature": 318,
        "reheatLevel": 2512,
        "coolingLevel": 0,
        "supplyAirFilterPressure": 0,
        "extractAirFilterPressure": 11,
        "operationMode": 15,
        "heatExchangerRegulator": 10000,
        "RhxEfficiency": 8400
    },
    {
        "timestamp": "2025-02-21T20:30:02.698131",
        "co2": 447,
        "supplyAirflow": 202,
        "extractAirflow": 201,
        "supplyAirDuctPressure": 12,
        "extractAirDuctPressure": 15,
        "supplyAirFanSpeedLevel": 1404,
        "extractAirFanSpeedLevel": 1188,
        "SFP": 4,
        "supplyAirTemperature": 3188,
        "extractAirTemperature": 2156,
        "outdoorTemperature": 331,
        "reheatLevel": 0,
        "coolingLevel": 0,
        "supplyAirFilterPressure": 0,
        "extractAirFilterPressure": 11,
        "operationMode": 15,
        "heatExchangerRegulator": 10000,
        "RhxEfficiency": 8400
    },
    {
        "timestamp": "2025-02-21T20:40:02.572834",
        "co2": 449,
        "supplyAirflow": 197,
        "extractAirflow": 201,
        "supplyAirDuctPressure": 16,
        "extractAirDuctPressure": 14,
        "supplyAirFanSpeedLevel": 1462,
        "extractAirFanSpeedLevel": 1151,
        "SFP": 4,
        "supplyAirTemperature": 2092,
        "extractAirTemperature": 2162,
        "outdoorTemperature": 325,
        "reheatLevel": 2500,
        "coolingLevel": 0,
        "supplyAirFilterPressure": 0,
        "extractAirFilterPressure": 11,
        "operationMode": 15,
        "heatExchangerRegulator": 10000,
        "RhxEfficiency": 8369
    },
    {
        "timestamp": "2025-02-21T20:50:02.526677",
        "co2": 449,
        "supplyAirflow": 202,
        "extractAirflow": 201,
        "supplyAirDuctPressure": 13,
        "extractAirDuctPressure": 15,
        "supplyAirFanSpeedLevel": 1447,
        "extractAirFanSpeedLevel": 1175,
        "SFP": 4,
        "supplyAirTemperature": 2548,
        "extractAirTemperature": 2144,
        "outdoorTemperature": 331,
        "reheatLevel": 0,
        "coolingLevel": 0,
        "supplyAirFilterPressure": 0,
        "extractAirFilterPressure": 11,
        "operationMode": 15,
        "heatExchangerRegulator": 10000,
        "RhxEfficiency": 8418
    },
    {
        "timestamp": "2025-02-21T21:00:02.299440",
        "co2": 453,
        "supplyAirflow": 202,
        "extractAirflow": 201,
        "supplyAirDuctPressure": 13,
        "extractAirDuctPressure": 15,
        "supplyAirFanSpeedLevel": 1469,
        "extractAirFanSpeedLevel": 1177,
        "SFP": 4,
        "supplyAirTemperature": 2821,
        "extractAirTemperature": 2137,
        "outdoorTemperature": 343,
        "reheatLevel": 2512,
        "coolingLevel": 0,
        "supplyAirFilterPressure": 0,
        "extractAirFilterPressure": 11,
        "operationMode": 15,
        "heatExchangerRegulator": 10000,
        "RhxEfficiency": 8402
    },
    {
        "timestamp": "2025-02-21T21:10:02.111101",
        "co2": 445,
        "supplyAirflow": 202,
        "extractAirflow": 201,
        "supplyAirDuctPressure": 11,
        "extractAirDuctPressure": 15,
        "supplyAirFanSpeedLevel": 1362,
        "extractAirFanSpeedLevel": 1177,
        "SFP": 4,
        "supplyAirTemperature": 1639,
        "extractAirTemperature": 2145,
        "outdoorTemperature": 337,
        "reheatLevel": 719,
        "coolingLevel": 0,
        "supplyAirFilterPressure": 0,
        "extractAirFilterPressure": 11,
        "operationMode": 15,
        "heatExchangerRegulator": 10000,
        "RhxEfficiency": 8400
    },
    {
        "timestamp": "2025-02-21T21:20:02.920994",
        "co2": 442,
        "supplyAirflow": 197,
        "extractAirflow": 201,
        "supplyAirDuctPressure": 15,
        "extractAirDuctPressure": 14,
        "supplyAirFanSpeedLevel": 1481,
        "extractAirFanSpeedLevel": 1173,
        "SFP": 4,
        "supplyAirTemperature": 3227,
        "extractAirTemperature": 2143,
        "outdoorTemperature": 362,
        "reheatLevel": 2500,
        "coolingLevel": 0,
        "supplyAirFilterPressure": 0,
        "extractAirFilterPressure": 11,
        "operationMode": 15,
        "heatExchangerRegulator": 10000,
        "RhxEfficiency": 8401
    },
    {
        "timestamp": "2025-02-21T21:30:02.866659",
        "co2": 444,
        "supplyAirflow": 202,
        "extractAirflow": 201,
        "supplyAirDuctPressure": 12,
        "extractAirDuctPressure": 15,
        "supplyAirFanSpeedLevel": 1404,
        "extractAirFanSpeedLevel": 1175,
        "SFP": 4,
        "supplyAirTemperature": 1432,
        "extractAirTemperature": 2150,
        "outdoorTemperature": 356,
        "reheatLevel": 2512,
        "coolingLevel": 0,
        "supplyAirFilterPressure": 0,
        "extractAirFilterPressure": 11,
        "operationMode": 15,
        "heatExchangerRegulator": 10000,
        "RhxEfficiency": 8400
    },
    {
        "timestamp": "2025-02-21T21:40:02.720010",
        "co2": 441,
        "supplyAirflow": 197,
        "extractAirflow": 201,
        "supplyAirDuctPressure": 15,
        "extractAirDuctPressure": 15,
        "supplyAirFanSpeedLevel": 1497,
        "extractAirFanSpeedLevel": 1175,
        "SFP": 4,
        "supplyAirTemperature": 3665,
        "extractAirTemperature": 2143,
        "outdoorTemperature": 362,
        "reheatLevel": 1655,
        "coolingLevel": 0,
        "supplyAirFilterPressure": 0,
        "extractAirFilterPressure": 11,
        "operationMode": 15,
        "heatExchangerRegulator": 10000,
        "RhxEfficiency": 8402
    },
    {
        "timestamp": "2025-02-21T21:50:02.598926",
        "co2": 443,
        "supplyAirflow": 197,
        "extractAirflow": 201,
        "supplyAirDuctPressure": 13,
        "extractAirDuctPressure": 14,
        "supplyAirFanSpeedLevel": 1432,
        "extractAirFanSpeedLevel": 1180,
        "SFP": 4,
        "supplyAirTemperature": 1787,
        "extractAirTemperature": 2150,
        "outdoorTemperature": 370,
        "reheatLevel": 2500,
        "coolingLevel": 0,
        "supplyAirFilterPressure": 0,
        "extractAirFilterPressure": 10,
        "operationMode": 15,
        "heatExchangerRegulator": 10000,
        "RhxEfficiency": 8401
    },
    {
        "timestamp": "2025-02-21T22:00:02.386680",
        "co2": 442,
        "supplyAirflow": 202,
        "extractAirflow": 201,
        "supplyAirDuctPressure": 13,
        "extractAirDuctPressure": 15,
        "supplyAirFanSpeedLevel": 1435,
        "extractAirFanSpeedLevel": 1180,
        "SFP": 4,
        "supplyAirTemperature": 3120,
        "extractAirTemperature": 2149,
        "outdoorTemperature": 374,
        "reheatLevel": 0,
        "coolingLevel": 0,
        "supplyAirFilterPressure": 0,
        "extractAirFilterPressure": 11,
        "operationMode": 15,
        "heatExchangerRegulator": 10000,
        "RhxEfficiency": 8401
    },
    {
        "timestamp": "2025-02-21T22:10:02.229196",
        "co2": 448,
        "supplyAirflow": 202,
        "extractAirflow": 201,
        "supplyAirDuctPressure": 12,
        "extractAirDuctPressure": 15,
        "supplyAirFanSpeedLevel": 1448,
        "extractAirFanSpeedLevel": 1178,
        "SFP": 4,
        "supplyAirTemperature": 2163,
        "extractAirTemperature": 2156,
        "outdoorTemperature": 375,
        "reheatLevel": 2512,
        "coolingLevel": 0,
        "supplyAirFilterPressure": 0,
        "extractAirFilterPressure": 10,
        "operationMode": 15,
        "heatExchangerRegulator": 10000,
        "RhxEfficiency": 8400
    },
    {
        "timestamp": "2025-02-21T22:20:03.152303",
        "co2": 444,
        "supplyAirflow": 202,
        "extractAirflow": 201,
        "supplyAirDuctPressure": 13,
        "extractAirDuctPressure": 15,
        "supplyAirFanSpeedLevel": 1437,
        "extractAirFanSpeedLevel": 1178,
        "SFP": 4,
        "supplyAirTemperature": 2536,
        "extractAirTemperature": 2150,
        "outdoorTemperature": 356,
        "reheatLevel": 0,
        "coolingLevel": 0,
        "supplyAirFilterPressure": 0,
        "extractAirFilterPressure": 11,
        "operationMode": 15,
        "heatExchangerRegulator": 10000,
        "RhxEfficiency": 8400
    },
    {
        "timestamp": "2025-02-21T22:30:02.855635",
        "co2": 447,
        "supplyAirflow": 202,
        "extractAirflow": 201,
        "supplyAirDuctPressure": 15,
        "extractAirDuctPressure": 15,
        "supplyAirFanSpeedLevel": 1456,
        "extractAirFanSpeedLevel": 1178,
        "SFP": 4,
        "supplyAirTemperature": 2593,
        "extractAirTemperature": 2150,
        "outdoorTemperature": 362,
        "reheatLevel": 2512,
        "coolingLevel": 0,
        "supplyAirFilterPressure": 0,
        "extractAirFilterPressure": 11,
        "operationMode": 15,
        "heatExchangerRegulator": 10000,
        "RhxEfficiency": 8400
    },
    {
        "timestamp": "2025-02-21T22:40:02.714753",
        "co2": 446,
        "supplyAirflow": 202,
        "extractAirflow": 201,
        "supplyAirDuctPressure": 11,
        "extractAirDuctPressure": 15,
        "supplyAirFanSpeedLevel": 1392,
        "extractAirFanSpeedLevel": 1182,
        "SFP": 4,
        "supplyAirTemperature": 1984,
        "extractAirTemperature": 2150,
        "outdoorTemperature": 370,
        "reheatLevel": 0,
        "coolingLevel": 0,
        "supplyAirFilterPressure": 0,
        "extractAirFilterPressure": 10,
        "operationMode": 15,
        "heatExchangerRegulator": 10000,
        "RhxEfficiency": 8400
    },
    {
        "timestamp": "2025-02-21T22:50:02.680951",
        "co2": 448,
        "supplyAirflow": 202,
        "extractAirflow": 201,
        "supplyAirDuctPressure": 15,
        "extractAirDuctPressure": 15,
        "supplyAirFanSpeedLevel": 1484,
        "extractAirFanSpeedLevel": 1172,
        "SFP": 4,
        "supplyAirTemperature": 2965,
        "extractAirTemperature": 2149,
        "outdoorTemperature": 369,
        "reheatLevel": 2512,
        "coolingLevel": 0,
        "supplyAirFilterPressure": 0,
        "extractAirFilterPressure": 11,
        "operationMode": 15,
        "heatExchangerRegulator": 10000,
        "RhxEfficiency": 8400
    },
    {
        "timestamp": "2025-02-21T23:00:02.577455",
        "co2": 447,
        "supplyAirflow": 197,
        "extractAirflow": 201,
        "supplyAirDuctPressure": 12,
        "extractAirDuctPressure": 15,
        "supplyAirFanSpeedLevel": 1379,
        "extractAirFanSpeedLevel": 1181,
        "SFP": 4,
        "supplyAirTemperature": 1277,
        "extractAirTemperature": 2150,
        "outdoorTemperature": 387,
        "reheatLevel": 2500,
        "coolingLevel": 0,
        "supplyAirFilterPressure": 0,
        "extractAirFilterPressure": 11,
        "operationMode": 15,
        "heatExchangerRegulator": 10000,
        "RhxEfficiency": 8404
    },
    {
        "timestamp": "2025-02-21T23:10:02.391218",
        "co2": 445,
        "supplyAirflow": 197,
        "extractAirflow": 201,
        "supplyAirDuctPressure": 15,
        "extractAirDuctPressure": 15,
        "supplyAirFanSpeedLevel": 1496,
        "extractAirFanSpeedLevel": 1175,
        "SFP": 4,
        "supplyAirTemperature": 3299,
        "extractAirTemperature": 2149,
        "outdoorTemperature": 387,
        "reheatLevel": 2500,
        "coolingLevel": 0,
        "supplyAirFilterPressure": 0,
        "extractAirFilterPressure": 11,
        "operationMode": 15,
        "heatExchangerRegulator": 10000,
        "RhxEfficiency": 8400
    },
    {
        "timestamp": "2025-02-21T23:20:02.242262",
        "co2": 449,
        "supplyAirflow": 202,
        "extractAirflow": 201,
        "supplyAirDuctPressure": 12,
        "extractAirDuctPressure": 15,
        "supplyAirFanSpeedLevel": 1398,
        "extractAirFanSpeedLevel": 1181,
        "SFP": 4,
        "supplyAirTemperature": 1413,
        "extractAirTemperature": 2156,
        "outdoorTemperature": 387,
        "reheatLevel": 2512,
        "coolingLevel": 0,
        "supplyAirFilterPressure": 0,
        "extractAirFilterPressure": 10,
        "operationMode": 15,
        "heatExchangerRegulator": 10000,
        "RhxEfficiency": 8400
    },
    {
        "timestamp": "2025-02-21T23:30:03.145962",
        "co2": 446,
        "supplyAirflow": 202,
        "extractAirflow": 201,
        "supplyAirDuctPressure": 15,
        "extractAirDuctPressure": 15,
        "supplyAirFanSpeedLevel": 1507,
        "extractAirFanSpeedLevel": 1181,
        "SFP": 4,
        "supplyAirTemperature": 3690,
        "extractAirTemperature": 2148,
        "outdoorTemperature": 362,
        "reheatLevel": 235,
        "coolingLevel": 0,
        "supplyAirFilterPressure": 0,
        "extractAirFilterPressure": 11,
        "operationMode": 15,
        "heatExchangerRegulator": 10000,
        "RhxEfficiency": 8401
    },
    {
        "timestamp": "2025-02-21T23:40:03.186316",
        "co2": 446,
        "supplyAirflow": 202,
        "extractAirflow": 201,
        "supplyAirDuctPressure": 12,
        "extractAirDuctPressure": 15,
        "supplyAirFanSpeedLevel": 1420,
        "extractAirFanSpeedLevel": 1180,
        "SFP": 4,
        "supplyAirTemperature": 1719,
        "extractAirTemperature": 2156,
        "outdoorTemperature": 376,
        "reheatLevel": 2512,
        "coolingLevel": 0,
        "supplyAirFilterPressure": 0,
        "extractAirFilterPressure": 10,
        "operationMode": 15,
        "heatExchangerRegulator": 10000,
        "RhxEfficiency": 8403
    },
    {
        "timestamp": "2025-02-21T23:50:03.056961",
        "co2": 448,
        "supplyAirflow": 202,
        "extractAirflow": 201,
        "supplyAirDuctPressure": 14,
        "extractAirDuctPressure": 15,
        "supplyAirFanSpeedLevel": 1454,
        "extractAirFanSpeedLevel": 1179,
        "SFP": 4,
        "supplyAirTemperature": 3263,
        "extractAirTemperature": 2148,
        "outdoorTemperature": 370,
        "reheatLevel": 0,
        "coolingLevel": 0,
        "supplyAirFilterPressure": 0,
        "extractAirFilterPressure": 11,
        "operationMode": 15,
        "heatExchangerRegulator": 10000,
        "RhxEfficiency": 8401
    }
]