[
    {
        "timestamp": "2025-02-22T00:00:02.423174",
        "co2": 448,
        "supplyAirflow": 197,
        "extractAirflow": 201,
        "supplyAirDuctPressure": 15,
        "extractAirDuctPressure": 15,
        "supplyAirFanSpeedLevel": 1456,
        "extractAirFanSpeedLevel": 1173,
        "SFP": 4,
        "supplyAirTemperature": 2130,
        "extractAirTemperature": 2156,
        "outdoorTemperature": 381,
        "reheatLevel": 2500,
        "coolingLevel": 0,
        "supplyAirFilterPressure": 0,
        "extractAirFilterPressure": 11,
        "operationMode": 15,
        "heatExchangerRegulator": 10000,
        "RhxEfficiency": 8405
    },
    {
        "timestamp": "2025-02-22T00:10:02.418771",
        "co2": 449,
        "supplyAirflow": 202,
        "extractAirflow": 201,
        "supplyAirDuctPressure": 13,
        "extractAirDuctPressure": 15,
        "supplyAirFanSpeedLevel": 1431,
        "extractAirFanSpeedLevel": 1178,
        "SFP": 4,
        "supplyAirTemperature": 2570,
        "extractAirTemperature": 2150,
        "outdoorTemperature": 387,
        "reheatLevel": 0,
        "coolingLevel": 0,
        "supplyAirFilterPressure": 0,
        "extractAirFilterPressure": 10,
        "operationMode": 15,
        "heatExchangerRegulator": 10000,
        "RhxEfficiency": 8401
    },
    {
        "timestamp": "2025-02-22T00:20:02.383324",
        "co2": 446,
        "supplyAirflow": 202,
        "extractAirflow": 201,
        "supplyAirDuctPressure": 14,
        "extractAirDuctPressure": 15,
        "supplyAirFanSpeedLevel": 1464,
        "extractAirFanSpeedLevel": 1183,
        "SFP": 4,
        "supplyAirTemperature": 2595,
        "extractAirTemperature": 2156,
        "outdoorTemperature": 381,
        "reheatLevel": 2512,
        "coolingLevel": 0,
        "supplyAirFilterPressure": 0,
        "extractAirFilterPressure": 11,
        "operationMode": 15,
        "heatExchangerRegulator": 10000,
        "RhxEfficiency": 8400
    },
    {
        "timestamp": "2025-02-22T00:30:02.329043",
        "co2": 446,
        "supplyAirflow": 202,
        "extractAirflow": 201,
        "supplyAirDuctPressure": 12,
        "extractAirDuctPressure": 15,
        "supplyAirFanSpeedLevel": 1397,
        "extractAirFanSpeedLevel": 1174,
        "SFP": 4,
        "supplyAirTemperature": 2086,
        "extractAirTemperature": 2150,
        "outdoorTemperature": 345,
        "reheatLevel": 0,
        "coolingLevel": 0,
        "supplyAirFilterPressure": 0,
        "extractAirFilterPressure": 10,
        "operationMode": 15,
        "heatExchangerRegulator": 10000,
        "RhxEfficiency": 8402
    },
    {
        "timestamp": "2025-02-22T00:40:03.116276",
        "co2": 449,
        "supplyAirflow": 197,
        "extractAirflow": 201,
        "supplyAirDuctPressure": 15,
        "extractAirDuctPressure": 15,
        "supplyAirFanSpeedLevel": 1473,
        "extractAirFanSpeedLevel": 1179,
        "SFP": 4,
        "supplyAirTemperature": 2965,
        "extractAirTemperature": 2148,
        "outdoorTemperature": 381,
        "reheatLevel": 2500,
        "coolingLevel": 0,
        "supplyAirFilterPressure": 0,
        "extractAirFilterPressure": 11,
        "operationMode": 15,
        "heatExchangerRegulator": 10000,
        "RhxEfficiency": 8401
    },
    {
        "timestamp": "2025-02-22T00:50:04.877931",
        "co2": 451,
        "supplyAirflow": 202,
        "extractAirflow": 201,
        "supplyAirDuctPressure": 11,
        "extractAirDuctPressure": 15,
        "supplyAirFanSpeedLevel": 1369,
        "extractAirFanSpeedLevel": 1181,
        "SFP": 4,
        "supplyAirTemperature": 1271,
        "extractAirTemperature": 2156,
        "outdoorTemperature": 387,
        "reheatLevel": 2512,
        "coolingLevel": 0,
        "supplyAirFilterPressure": 0,
        "extractAirFilterPressure": 10,
        "operationMode": 15,
        "heatExchangerRegulator": 10000,
        "RhxEfficiency": 8400
    },
    {
        "timestamp": "2025-02-22T01:00:02.726220",
        "co2": 447,
        "supplyAirflow": 202,
        "extractAirflow": 201,
        "supplyAirDuctPressure": 15,
        "extractAirDuctPressure": 15,
        "supplyAirFanSpeedLevel": 1494,
        "extractAirFanSpeedLevel": 1183,
        "SFP": 4,
        "supplyAirTemperature": 3284,
        "extractAirTemperature": 2148,
        "outdoorTemperature": 395,
        "reheatLevel": 2512,
        "coolingLevel": 0,
        "supplyAirFilterPressure": 0,
        "extractAirFilterPressure": 11,
        "operationMode": 15,
        "heatExchangerRegulator": 10000,
        "RhxEfficiency": 8400
    },
    {
        "timestamp": "2025-02-22T01:10:02.877844",
        "co2": 447,
        "supplyAirflow": 197,
        "extractAirflow": 201,
        "supplyAirDuctPressure": 11,
        "extractAirDuctPressure": 15,
        "supplyAirFanSpeedLevel": 1398,
        "extractAirFanSpeedLevel": 1193,
        "SFP": 4,
        "supplyAirTemperature": 1319,
        "extractAirTemperature": 2156,
        "outdoorTemperature": 406,
        "reheatLevel": 2500,
        "coolingLevel": 0,
        "supplyAirFilterPressure": 0,
        "extractAirFilterPressure": 11,
        "operationMode": 15,
        "heatExchangerRegulator": 10000,
        "RhxEfficiency": 8400
    },
    {
        "timestamp": "2025-02-22T01:20:02.734621",
        "co2": 447,
        "supplyAirflow": 197,
        "extractAirflow": 201,
        "supplyAirDuctPressure": 15,
        "extractAirDuctPressure": 15,
        "supplyAirFanSpeedLevel": 1506,
        "extractAirFanSpeedLevel": 1170,
        "SFP": 4,
        "supplyAirTemperature": 3627,
        "extractAirTemperature": 2148,
        "outdoorTemperature": 418,
        "reheatLevel": 2500,
        "coolingLevel": 0,
        "supplyAirFilterPressure": 0,
        "extractAirFilterPressure": 11,
        "operationMode": 15,
        "heatExchangerRegulator": 10000,
        "RhxEfficiency": 8405
    },
    {
        "timestamp": "2025-02-22T01:30:02.810790",
        "co2": 444,
        "supplyAirflow": 202,
        "extractAirflow": 201,
        "supplyAirDuctPressure": 12,
        "extractAirDuctPressure": 15,
        "supplyAirFanSpeedLevel": 1424,
        "extractAirFanSpeedLevel": 1176,
        "SFP": 4,
        "supplyAirTemperature": 1666,
        "extractAirTemperature": 2156,
        "outdoorTemperature": 412,
        "reheatLevel": 2512,
        "coolingLevel": 0,
        "supplyAirFilterPressure": 0,
        "extractAirFilterPressure": 10,
        "operationMode": 15,
        "heatExchangerRegulator": 10000,
        "RhxEfficiency": 8400
    },
    {
        "timestamp": "2025-02-22T01:40:02.753151",
        "co2": 444,
        "supplyAirflow": 202,
        "extractAirflow": 201,
        "supplyAirDuctPressure": 14,
        "extractAirDuctPressure": 14,
        "supplyAirFanSpeedLevel": 1442,
        "extractAirFanSpeedLevel": 1175,
        "SFP": 4,
        "supplyAirTemperature": 3554,
        "extractAirTemperature": 2148,
        "outdoorTemperature": 393,
        "reheatLevel": 0,
        "coolingLevel": 0,
        "supplyAirFilterPressure": 0,
        "extractAirFilterPressure": 10,
        "operationMode": 15,
        "heatExchangerRegulator": 10000,
        "RhxEfficiency": 8400
    },
    {
        "timestamp": "2025-02-22T01:50:02.707295",
        "co2": 445,
        "supplyAirflow": 197,
        "extractAirflow": 201,
        "supplyAirDuctPressure": 12,
        "extractAirDuctPressure": 14,
        "supplyAirFanSpeedLevel": 1452,
        "extractAirFanSpeedLevel": 1180,
        "SFP": 4,
        "supplyAirTemperature": 1931,
        "extractAirTemperature": 2149,
        "outdoorTemperature": 394,
        "reheatLevel": 2500,
        "coolingLevel": 0,
        "supplyAirFilterPressure": 0,
        "extractAirFilterPressure": 11,
        "operationMode": 15,
        "heatExchangerRegulator": 10000,
        "RhxEfficiency": 8405
    },
    {
        "timestamp": "2025-02-22T02:00:02.535211",
        "co2": 445,
        "supplyAirflow": 202,
        "extractAirflow": 201,
        "supplyAirDuctPressure": 14,
        "extractAirDuctPressure": 14,
        "supplyAirFanSpeedLevel": 1456,
        "extractAirFanSpeedLevel": 1164,
        "SFP": 4,
        "supplyAirTemperature": 2691,
        "extractAirTemperature": 2143,
        "outdoorTemperature": 381,
        "reheatLevel": 0,
        "coolingLevel": 0,
        "supplyAirFilterPressure": 0,
        "extractAirFilterPressure": 11,
        "operationMode": 15,
        "heatExchangerRegulator": 10000,
        "RhxEfficiency": 8403
    },
    {
        "timestamp": "2025-02-22T02:10:02.338173",
        "co2": 445,
        "supplyAirflow": 197,
        "extractAirflow": 201,
        "supplyAirDuctPressure": 15,
        "extractAirDuctPressure": 14,
        "supplyAirFanSpeedLevel": 1470,
        "extractAirFanSpeedLevel": 1174,
        "SFP": 4,
        "supplyAirTemperature": 2599,
        "extractAirTemperature": 2143,
        "outdoorTemperature": 399,
        "reheatLevel": 2500,
        "coolingLevel": 0,
        "supplyAirFilterPressure": 0,
        "extractAirFilterPressure": 11,
        "operationMode": 15,
        "heatExchangerRegulator": 10000,
        "RhxEfficiency": 8405
    },
    {
        "timestamp": "2025-02-22T02:20:02.130096",
        "co2": 445,
        "supplyAirflow": 202,
        "extractAirflow": 201,
        "supplyAirDuctPressure": 12,
        "extractAirDuctPressure": 15,
        "supplyAirFanSpeedLevel": 1397,
        "extractAirFanSpeedLevel": 1182,
        "SFP": 4,
        "supplyAirTemperature": 2160,
        "extractAirTemperature": 2137,
        "outdoorTemperature": 394,
        "reheatLevel": 0,
        "coolingLevel": 0,
        "supplyAirFilterPressure": 0,
        "extractAirFilterPressure": 11,
        "operationMode": 15,
        "heatExchangerRegulator": 10000,
        "RhxEfficiency": 8400
    },
    {
        "timestamp": "2025-02-22T02:30:03.026692",
        "co2": 446,
        "supplyAirflow": 197,
        "extractAirflow": 201,
        "supplyAirDuctPressure": 15,
        "extractAirDuctPressure": 14,
        "supplyAirFanSpeedLevel": 1491,
        "extractAirFanSpeedLevel": 1173,
        "SFP": 4,
        "supplyAirTemperature": 3147,
        "extractAirTemperature": 2142,
        "outdoorTemperature": 412,
        "reheatLevel": 2500,
        "coolingLevel": 0,
        "supplyAirFilterPressure": 0,
        "extractAirFilterPressure": 11,
        "operationMode": 15,
        "heatExchangerRegulator": 10000,
        "RhxEfficiency": 8401
    },
    {
        "timestamp": "2025-02-22T02:40:02.689420",
        "co2": 445,
        "supplyAirflow": 202,
        "extractAirflow": 201,
        "supplyAirDuctPressure": 11,
        "extractAirDuctPressure": 14,
        "supplyAirFanSpeedLevel": 1402,
        "extractAirFanSpeedLevel": 1182,
        "SFP": 4,
        "supplyAirTemperature": 1281,
        "extractAirTemperature": 2150,
        "outdoorTemperature": 412,
        "reheatLevel": 2512,
        "coolingLevel": 0,
        "supplyAirFilterPressure": 0,
        "extractAirFilterPressure": 10,
        "operationMode": 15,
        "heatExchangerRegulator": 10000,
        "RhxEfficiency": 8400
    },
    {
        "timestamp": "2025-02-22T02:50:02.410085",
        "co2": 447,
        "supplyAirflow": 202,
        "extractAirflow": 201,
        "supplyAirDuctPressure": 16,
        "extractAirDuctPressure": 14,
        "supplyAirFanSpeedLevel": 1505,
        "extractAirFanSpeedLevel": 1174,
        "SFP": 4,
        "supplyAirTemperature": 3450,
        "extractAirTemperature": 2143,
        "outdoorTemperature": 406,
        "reheatLevel": 2512,
        "coolingLevel": 0,
        "supplyAirFilterPressure": 0,
        "extractAirFilterPressure": 10,
        "operationMode": 15,
        "heatExchangerRegulator": 10000,
        "RhxEfficiency": 8402
    },
    {
        "timestamp": "2025-02-22T03:00:02.077814",
        "co2": 447,
        "supplyAirflow": 202,
        "extractAirflow": 201,
        "supplyAirDuctPressure": 12,
        "extractAirDuctPressure": 14,
        "supplyAirFanSpeedLevel": 1439,
        "extractAirFanSpeedLevel": 1183,
        "SFP": 4,
        "supplyAirTemperature": 1606,
        "extractAirTemperature": 2144,
        "outdoorTemperature": 406,
        "reheatLevel": 2512,
        "coolingLevel": 0,
        "supplyAirFilterPressure": 0,
        "extractAirFilterPressure": 11,
        "operationMode": 15,
        "heatExchangerRegulator": 10000,
        "RhxEfficiency": 8402
    },
    {
        "timestamp": "2025-02-22T03:10:02.870212",
        "co2": 443,
        "supplyAirflow": 202,
        "extractAirflow": 201,
        "supplyAirDuctPressure": 15,
        "extractAirDuctPressure": 15,
        "supplyAirFanSpeedLevel": 1480,
        "extractAirFanSpeedLevel": 1188,
        "SFP": 4,
        "supplyAirTemperature": 3868,
        "extractAirTemperature": 2143,
        "outdoorTemperature": 412,
        "reheatLevel": 0,
        "coolingLevel": 0,
        "supplyAirFilterPressure": 0,
        "extractAirFilterPressure": 11,
        "operationMode": 15,
        "heatExchangerRegulator": 10000,
        "RhxEfficiency": 8400
    },
    {
        "timestamp": "2025-02-22T03:20:02.724441",
        "co2": 444,
        "supplyAirflow": 197,
        "extractAirflow": 201,
        "supplyAirDuctPressure": 13,
        "extractAirDuctPressure": 15,
        "supplyAirFanSpeedLevel": 1439,
        "extractAirFanSpeedLevel": 1177,
        "SFP": 4,
        "supplyAirTemperature": 1889,
        "extractAirTemperature": 2144,
        "outdoorTemperature": 424,
        "reheatLevel": 2500,
        "coolingLevel": 0,
        "supplyAirFilterPressure": 0,
        "extractAirFilterPressure": 10,
        "operationMode": 15,
        "heatExchangerRegulator": 10000,
        "RhxEfficiency": 8401
    },
    {
        "timestamp": "2025-02-22T03:30:02.284906",
        "co2": 440,
        "supplyAirflow": 202,
        "extractAirflow": 201,
        "supplyAirDuctPressure": 12,
        "extractAirDuctPressure": 15,
        "supplyAirFanSpeedLevel": 1441,
        "extractAirFanSpeedLevel": 1188,
        "SFP": 4,
        "supplyAirTemperature": 2801,
        "extractAirTemperature": 2143,
        "outdoorTemperature": 385,
        "reheatLevel": 0,
        "coolingLevel": 0,
        "supplyAirFilterPressure": 0,
        "extractAirFilterPressure": 11,
        "operationMode": 15,
        "heatExchangerRegulator": 10000,
        "RhxEfficiency": 8402
    },
    {
        "timestamp": "2025-02-22T03:40:02.133139",
        "co2": 442,
        "supplyAirflow": 197,
        "extractAirflow": 201,
        "supplyAirDuctPressure": 14,
        "extractAirDuctPressure": 15,
        "supplyAirFanSpeedLevel": 1469,
        "extractAirFanSpeedLevel": 1182,
        "SFP": 4,
        "supplyAirTemperature": 2485,
        "extractAirTemperature": 2150,
        "outdoorTemperature": 387,
        "reheatLevel": 2500,
        "coolingLevel": 0,
        "supplyAirFilterPressure": 0,
        "extractAirFilterPressure": 11,
        "operationMode": 15,
        "heatExchangerRegulator": 10000,
        "RhxEfficiency": 8405
    },
    {
        "timestamp": "2025-02-22T03:50:02.001094",
        "co2": 439,
        "supplyAirflow": 202,
        "extractAirflow": 206,
        "supplyAirDuctPressure": 12,
        "extractAirDuctPressure": 16,
        "supplyAirFanSpeedLevel": 1401,
        "extractAirFanSpeedLevel": 1184,
        "SFP": 4,
        "supplyAirTemperature": 2386,
        "extractAirTemperature": 2150,
        "outdoorTemperature": 387,
        "reheatLevel": 0,
        "coolingLevel": 0,
        "supplyAirFilterPressure": 0,
        "extractAirFilterPressure": 11,
        "operationMode": 15,
        "heatExchangerRegulator": 10000,
        "RhxEfficiency": 8400
    },
    {
        "timestamp": "2025-02-22T04:00:02.730600",
        "co2": 445,
        "supplyAirflow": 197,
        "extractAirflow": 201,
        "supplyAirDuctPressure": 14,
        "extractAirDuctPressure": 15,
        "supplyAirFanSpeedLevel": 1480,
        "extractAirFanSpeedLevel": 1177,
        "SFP": 4,
        "supplyAirTemperature": 2949,
        "extractAirTemperature": 2149,
        "outdoorTemperature": 381,
        "reheatLevel": 2500,
        "coolingLevel": 0,
        "supplyAirFilterPressure": 0,
        "extractAirFilterPressure": 11,
        "operationMode": 15,
        "heatExchangerRegulator": 10000,
        "RhxEfficiency": 8401
    },
    {
        "timestamp": "2025-02-22T04:10:02.450184",
        "co2": 444,
        "supplyAirflow": 202,
        "extractAirflow": 201,
        "supplyAirDuctPressure": 11,
        "extractAirDuctPressure": 15,
        "supplyAirFanSpeedLevel": 1364,
        "extractAirFanSpeedLevel": 1186,
        "SFP": 4,
        "supplyAirTemperature": 1388,
        "extractAirTemperature": 2156,
        "outdoorTemperature": 381,
        "reheatLevel": 965,
        "coolingLevel": 0,
        "supplyAirFilterPressure": 0,
        "extractAirFilterPressure": 11,
        "operationMode": 15,
        "heatExchangerRegulator": 10000,
        "RhxEfficiency": 8400
    },
    {
        "timestamp": "2025-02-22T04:20:02.141737",
        "co2": 446,
        "supplyAirflow": 197,
        "extractAirflow": 201,
        "supplyAirDuctPressure": 15,
        "extractAirDuctPressure": 16,
        "supplyAirFanSpeedLevel": 1478,
        "extractAirFanSpeedLevel": 1184,
        "SFP": 4,
        "supplyAirTemperature": 3195,
        "extractAirTemperature": 2148,
        "outdoorTemperature": 362,
        "reheatLevel": 2500,
        "coolingLevel": 0,
        "supplyAirFilterPressure": 0,
        "extractAirFilterPressure": 11,
        "operationMode": 15,
        "heatExchangerRegulator": 10000,
        "RhxEfficiency": 8402
    },
    {
        "timestamp": "2025-02-22T04:30:02.865376",
        "co2": 441,
        "supplyAirflow": 202,
        "extractAirflow": 201,
        "supplyAirDuctPressure": 12,
        "extractAirDuctPressure": 16,
        "supplyAirFanSpeedLevel": 1403,
        "extractAirFanSpeedLevel": 1194,
        "SFP": 4,
        "supplyAirTemperature": 1428,
        "extractAirTemperature": 2150,
        "outdoorTemperature": 347,
        "reheatLevel": 2512,
        "coolingLevel": 0,
        "supplyAirFilterPressure": 0,
        "extractAirFilterPressure": 11,
        "operationMode": 15,
        "heatExchangerRegulator": 10000,
        "RhxEfficiency": 8400
    },
    {
        "timestamp": "2025-02-22T04:40:02.544561",
        "co2": 445,
        "supplyAirflow": 197,
        "extractAirflow": 201,
        "supplyAirDuctPressure": 15,
        "extractAirDuctPressure": 15,
        "supplyAirFanSpeedLevel": 1505,
        "extractAirFanSpeedLevel": 1194,
        "SFP": 4,
        "supplyAirTemperature": 3688,
        "extractAirTemperature": 2143,
        "outdoorTemperature": 412,
        "reheatLevel": 203,
        "coolingLevel": 0,
        "supplyAirFilterPressure": 0,
        "extractAirFilterPressure": 11,
        "operationMode": 15,
        "heatExchangerRegulator": 10000,
        "RhxEfficiency": 8402
    },
    {
        "timestamp": "2025-02-22T04:50:02.278208",
        "co2": 451,
        "supplyAirflow": 202,
        "extractAirflow": 201,
        "supplyAirDuctPressure": 13,
        "extractAirDuctPressure": 15,
        "supplyAirFanSpeedLevel": 1435,
        "extractAirFanSpeedLevel": 1187,
        "SFP": 4,
        "supplyAirTemperature": 1743,
        "extractAirTemperature": 2150,
        "outdoorTemperature": 420,
        "reheatLevel": 2512,
        "coolingLevel": 0,
        "supplyAirFilterPressure": 0,
        "extractAirFilterPressure": 11,
        "operationMode": 15,
        "heatExchangerRegulator": 10000,
        "RhxEfficiency": 8402
    },
    {
        "timestamp": "2025-02-22T05:00:02.877458",
        "co2": 440,
        "supplyAirflow": 202,
        "extractAirflow": 201,
        "supplyAirDuctPressure": 12,
        "extractAirDuctPressure": 15,
        "supplyAirFanSpeedLevel": 1440,
        "extractAirFanSpeedLevel": 1179,
        "SFP": 4,
        "supplyAirTemperature": 3344,
        "extractAirTemperature": 2149,
        "outdoorTemperature": 406,
        "reheatLevel": 0,
        "coolingLevel": 0,
        "supplyAirFilterPressure": 0,
        "extractAirFilterPressure": 11,
        "operationMode": 15,
        "heatExchangerRegulator": 10000,
        "RhxEfficiency": 8400
    },
    {
        "timestamp": "2025-02-22T05:10:02.629422",
        "co2": 442,
        "supplyAirflow": 197,
        "extractAirflow": 201,
        "supplyAirDuctPressure": 12,
        "extractAirDuctPressure": 15,
        "supplyAirFanSpeedLevel": 1447,
        "extractAirFanSpeedLevel": 1172,
        "SFP": 4,
        "supplyAirTemperature": 1962,
        "extractAirTemperature": 2156,
        "outdoorTemperature": 431,
        "reheatLevel": 2500,
        "coolingLevel": 0,
        "supplyAirFilterPressure": 0,
        "extractAirFilterPressure": 11,
        "operationMode": 15,
        "heatExchangerRegulator": 10000,
        "RhxEfficiency": 8401
    },
    {
        "timestamp": "2025-02-22T05:20:02.246735",
        "co2": 450,
        "supplyAirflow": 197,
        "extractAirflow": 201,
        "supplyAirDuctPressure": 13,
        "extractAirDuctPressure": 15,
        "supplyAirFanSpeedLevel": 1438,
        "extractAirFanSpeedLevel": 1180,
        "SFP": 4,
        "supplyAirTemperature": 2708,
        "extractAirTemperature": 2148,
        "outdoorTemperature": 412,
        "reheatLevel": 0,
        "coolingLevel": 0,
        "supplyAirFilterPressure": 0,
        "extractAirFilterPressure": 10,
        "operationMode": 15,
        "heatExchangerRegulator": 10000,
        "RhxEfficiency": 8400
    },
    {
        "timestamp": "2025-02-22T05:30:02.934456",
        "co2": 444,
        "supplyAirflow": 202,
        "extractAirflow": 201,
        "supplyAirDuctPressure": 13,
        "extractAirDuctPressure": 15,
        "supplyAirFanSpeedLevel": 1463,
        "extractAirFanSpeedLevel": 1175,
        "SFP": 4,
        "supplyAirTemperature": 2523,
        "extractAirTemperature": 2149,
        "outdoorTemperature": 412,
        "reheatLevel": 2512,
        "coolingLevel": 0,
        "supplyAirFilterPressure": 0,
        "extractAirFilterPressure": 10,
        "operationMode": 15,
        "heatExchangerRegulator": 10000,
        "RhxEfficiency": 8404
    },
    {
        "timestamp": "2025-02-22T05:40:02.703233",
        "co2": 443,
        "supplyAirflow": 197,
        "extractAirflow": 201,
        "supplyAirDuctPressure": 11,
        "extractAirDuctPressure": 14,
        "supplyAirFanSpeedLevel": 1398,
        "extractAirFanSpeedLevel": 1174,
        "SFP": 4,
        "supplyAirTemperature": 2326,
        "extractAirTemperature": 2150,
        "outdoorTemperature": 425,
        "reheatLevel": 0,
        "coolingLevel": 0,
        "supplyAirFilterPressure": 0,
        "extractAirFilterPressure": 11,
        "operationMode": 15,
        "heatExchangerRegulator": 10000,
        "RhxEfficiency": 8399
    },
    {
        "timestamp": "2025-02-22T05:50:02.495193",
        "co2": 443,
        "supplyAirflow": 202,
        "extractAirflow": 201,
        "supplyAirDuctPressure": 15,
        "extractAirDuctPressure": 14,
        "supplyAirFanSpeedLevel": 1489,
        "extractAirFanSpeedLevel": 1167,
        "SFP": 4,
        "supplyAirTemperature": 2954,
        "extractAirTemperature": 2149,
        "outdoorTemperature": 423,
        "reheatLevel": 2512,
        "coolingLevel": 0,
        "supplyAirFilterPressure": 0,
        "extractAirFilterPressure": 11,
        "operationMode": 15,
        "heatExchangerRegulator": 10000,
        "RhxEfficiency": 8400
    },
    {
        "timestamp": "2025-02-22T06:00:02.141269",
        "co2": 444,
        "supplyAirflow": 197,
        "extractAirflow": 201,
        "supplyAirDuctPressure": 11,
        "extractAirDuctPressure": 15,
        "supplyAirFanSpeedLevel": 1383,
        "extractAirFanSpeedLevel": 1175,
        "SFP": 4,
        "supplyAirTemperature": 1414,
        "extractAirTemperature": 2150,
        "outdoorTemperature": 425,
        "reheatLevel": 572,
        "coolingLevel": 0,
        "supplyAirFilterPressure": 0,
        "extractAirFilterPressure": 10,
        "operationMode": 15,
        "heatExchangerRegulator": 10000,
        "RhxEfficiency": 8402
    },
    {
        "timestamp": "2025-02-22T06:10:02.897968",
        "co2": 447,
        "supplyAirflow": 202,
        "extractAirflow": 201,
        "supplyAirDuctPressure": 16,
        "extractAirDuctPressure": 14,
        "supplyAirFanSpeedLevel": 1508,
        "extractAirFanSpeedLevel": 1170,
        "SFP": 4,
        "supplyAirTemperature": 3276,
        "extractAirTemperature": 2143,
        "outdoorTemperature": 431,
        "reheatLevel": 2512,
        "coolingLevel": 0,
        "supplyAirFilterPressure": 0,
        "extractAirFilterPressure": 10,
        "operationMode": 15,
        "heatExchangerRegulator": 10000,
        "RhxEfficiency": 8405
    },
    {
        "timestamp": "2025-02-22T06:20:02.590302",
        "co2": 446,
        "supplyAirflow": 202,
        "extractAirflow": 201,
        "supplyAirDuctPressure": 11,
        "extractAirDuctPressure": 15,
        "supplyAirFanSpeedLevel": 1407,
        "extractAirFanSpeedLevel": 1185,
        "SFP": 4,
        "supplyAirTemperature": 1315,
        "extractAirTemperature": 2144,
        "outdoorTemperature": 425,
        "reheatLevel": 2512,
        "coolingLevel": 0,
        "supplyAirFilterPressure": 1,
        "extractAirFilterPressure": 11,
        "operationMode": 15,
        "heatExchangerRegulator": 10000,
        "RhxEfficiency": 8402
    },
    {
        "timestamp": "2025-02-22T06:30:02.516591",
        "co2": 445,
        "supplyAirflow": 202,
        "extractAirflow": 201,
        "supplyAirDuctPressure": 15,
        "extractAirDuctPressure": 14,
        "supplyAirFanSpeedLevel": 1515,
        "extractAirFanSpeedLevel": 1178,
        "SFP": 4,
        "supplyAirTemperature": 3642,
        "extractAirTemperature": 2137,
        "outdoorTemperature": 425,
        "reheatLevel": 2263,
        "coolingLevel": 0,
        "supplyAirFilterPressure": 0,
        "extractAirFilterPressure": 10,
        "operationMode": 15,
        "heatExchangerRegulator": 10000,
        "RhxEfficiency": 8400
    },
    {
        "timestamp": "2025-02-22T06:40:02.262104",
        "co2": 442,
        "supplyAirflow": 202,
        "extractAirflow": 201,
        "supplyAirDuctPressure": 12,
        "extractAirDuctPressure": 15,
        "supplyAirFanSpeedLevel": 1434,
        "extractAirFanSpeedLevel": 1186,
        "SFP": 4,
        "supplyAirTemperature": 1698,
        "extractAirTemperature": 2145,
        "outdoorTemperature": 437,
        "reheatLevel": 2512,
        "coolingLevel": 0,
        "supplyAirFilterPressure": 0,
        "extractAirFilterPressure": 11,
        "operationMode": 15,
        "heatExchangerRegulator": 10000,
        "RhxEfficiency": 8401
    },
    {
        "timestamp": "2025-02-22T06:50:02.879510",
        "co2": 447,
        "supplyAirflow": 202,
        "extractAirflow": 201,
        "supplyAirDuctPressure": 13,
        "extractAirDuctPressure": 15,
        "supplyAirFanSpeedLevel": 1445,
        "extractAirFanSpeedLevel": 1184,
        "SFP": 4,
        "supplyAirTemperature": 3506,
        "extractAirTemperature": 2143,
        "outdoorTemperature": 406,
        "reheatLevel": 0,
        "coolingLevel": 0,
        "supplyAirFilterPressure": 0,
        "extractAirFilterPressure": 11,
        "operationMode": 15,
        "heatExchangerRegulator": 10000,
        "RhxEfficiency": 8400
    },
    {
        "timestamp": "2025-02-22T07:00:02.446748",
        "co2": 448,
        "supplyAirflow": 202,
        "extractAirflow": 201,
        "supplyAirDuctPressure": 13,
        "extractAirDuctPressure": 15,
        "supplyAirFanSpeedLevel": 1456,
        "extractAirFanSpeedLevel": 1178,
        "SFP": 4,
        "supplyAirTemperature": 2156,
        "extractAirTemperature": 2144,
        "outdoorTemperature": 368,
        "reheatLevel": 2512,
        "coolingLevel": 0,
        "supplyAirFilterPressure": 0,
        "extractAirFilterPressure": 10,
        "operationMode": 15,
        "heatExchangerRegulator": 10000,
        "RhxEfficiency": 8400
    },
    {
        "timestamp": "2025-02-22T07:10:02.157455",
        "co2": 447,
        "supplyAirflow": 202,
        "extractAirflow": 201,
        "supplyAirDuctPressure": 13,
        "extractAirDuctPressure": 15,
        "supplyAirFanSpeedLevel": 1441,
        "extractAirFanSpeedLevel": 1181,
        "SFP": 4,
        "supplyAirTemperature": 2573,
        "extractAirTemperature": 2144,
        "outdoorTemperature": 400,
        "reheatLevel": 0,
        "coolingLevel": 0,
        "supplyAirFilterPressure": 0,
        "extractAirFilterPressure": 10,
        "operationMode": 15,
        "heatExchangerRegulator": 10000,
        "RhxEfficiency": 8400
    },
    {
        "timestamp": "2025-02-22T07:20:02.788691",
        "co2": 446,
        "supplyAirflow": 197,
        "extractAirflow": 201,
        "supplyAirDuctPressure": 14,
        "extractAirDuctPressure": 15,
        "supplyAirFanSpeedLevel": 1476,
        "extractAirFanSpeedLevel": 1181,
        "SFP": 4,
        "supplyAirTemperature": 2586,
        "extractAirTemperature": 2149,
        "outdoorTemperature": 449,
        "reheatLevel": 2500,
        "coolingLevel": 0,
        "supplyAirFilterPressure": 0,
        "extractAirFilterPressure": 10,
        "operationMode": 15,
        "heatExchangerRegulator": 10000,
        "RhxEfficiency": 8405
    },
    {
        "timestamp": "2025-02-22T07:30:02.505891",
        "co2": 440,
        "supplyAirflow": 202,
        "extractAirflow": 201,
        "supplyAirDuctPressure": 12,
        "extractAirDuctPressure": 15,
        "supplyAirFanSpeedLevel": 1394,
        "extractAirFanSpeedLevel": 1175,
        "SFP": 4,
        "supplyAirTemperature": 2182,
        "extractAirTemperature": 2144,
        "outdoorTemperature": 398,
        "reheatLevel": 0,
        "coolingLevel": 0,
        "supplyAirFilterPressure": 0,
        "extractAirFilterPressure": 11,
        "operationMode": 15,
        "heatExchangerRegulator": 10000,
        "RhxEfficiency": 8404
    },
    {
        "timestamp": "2025-02-22T07:40:02.080692",
        "co2": 444,
        "supplyAirflow": 202,
        "extractAirflow": 201,
        "supplyAirDuctPressure": 13,
        "extractAirDuctPressure": 15,
        "supplyAirFanSpeedLevel": 1481,
        "extractAirFanSpeedLevel": 1176,
        "SFP": 4,
        "supplyAirTemperature": 3004,
        "extractAirTemperature": 2149,
        "outdoorTemperature": 387,
        "reheatLevel": 2512,
        "coolingLevel": 0,
        "supplyAirFilterPressure": 0,
        "extractAirFilterPressure": 10,
        "operationMode": 15,
        "heatExchangerRegulator": 10000,
        "RhxEfficiency": 8400
    },
    {
        "timestamp": "2025-02-22T07:50:02.653693",
        "co2": 445,
        "supplyAirflow": 202,
        "extractAirflow": 201,
        "supplyAirDuctPressure": 11,
        "extractAirDuctPressure": 15,
        "supplyAirFanSpeedLevel": 1385,
        "extractAirFanSpeedLevel": 1180,
        "SFP": 4,
        "supplyAirTemperature": 1311,
        "extractAirTemperature": 2150,
        "outdoorTemperature": 412,
        "reheatLevel": 2492,
        "coolingLevel": 0,
        "supplyAirFilterPressure": 0,
        "extractAirFilterPressure": 10,
        "operationMode": 15,
        "heatExchangerRegulator": 10000,
        "RhxEfficiency": 8405
    },
    {
        "timestamp": "2025-02-22T08:00:02.413672",
        "co2": 442,
        "supplyAirflow": 206,
        "extractAirflow": 201,
        "supplyAirDuctPressure": 15,
        "extractAirDuctPressure": 15,
        "supplyAirFanSpeedLevel": 1501,
        "extractAirFanSpeedLevel": 1181,
        "SFP": 4,
        "supplyAirTemperature": 3362,
        "extractAirTemperature": 2143,
        "outdoorTemperature": 424,
        "reheatLevel": 2537,
        "coolingLevel": 0,
        "supplyAirFilterPressure": 0,
        "extractAirFilterPressure": 11,
        "operationMode": 15,
        "heatExchangerRegulator": 10000,
        "RhxEfficiency": 8400
    },
    {
        "timestamp": "2025-02-22T08:10:02.130112",
        "co2": 439,
        "supplyAirflow": 202,
        "extractAirflow": 201,
        "supplyAirDuctPressure": 11,
        "extractAirDuctPressure": 15,
        "supplyAirFanSpeedLevel": 1422,
        "extractAirFanSpeedLevel": 1189,
        "SFP": 4,
        "supplyAirTemperature": 1604,
        "extractAirTemperature": 2144,
        "outdoorTemperature": 431,
        "reheatLevel": 2512,
        "coolingLevel": 0,
        "supplyAirFilterPressure": 0,
        "extractAirFilterPressure": 11,
        "operationMode": 15,
        "heatExchangerRegulator": 10000,
        "RhxEfficiency": 8400
    },
    {
        "timestamp": "2025-02-22T08:20:02.982613",
        "co2": 445,
        "supplyAirflow": 202,
        "extractAirflow": 201,
        "supplyAirDuctPressure": 12,
        "extractAirDuctPressure": 16,
        "supplyAirFanSpeedLevel": 1433,
        "extractAirFanSpeedLevel": 1186,
        "SFP": 4,
        "supplyAirTemperature": 3563,
        "extractAirTemperature": 2143,
        "outdoorTemperature": 423,
        "reheatLevel": 0,
        "coolingLevel": 0,
        "supplyAirFilterPressure": 0,
        "extractAirFilterPressure": 11,
        "operationMode": 15,
        "heatExchangerRegulator": 10000,
        "RhxEfficiency": 8399
    },
    {
        "timestamp": "2025-02-22T08:30:02.600455",
        "co2": 439,
        "supplyAirflow": 202,
        "extractAirflow": 201,
        "supplyAirDuctPressure": 13,
        "extractAirDuctPressure": 15,
        "supplyAirFanSpeedLevel": 1450,
        "extractAirFanSpeedLevel": 1178,
        "SFP": 4,
        "supplyAirTemperature": 1918,
        "extractAirTemperature": 2149,
        "outdoorTemperature": 437,
        "reheatLevel": 2512,
        "coolingLevel": 0,
        "supplyAirFilterPressure": 0,
        "extractAirFilterPressure": 10,
        "operationMode": 15,
        "heatExchangerRegulator": 10000,
        "RhxEfficiency": 8400
    },
    {
        "timestamp": "2025-02-22T08:40:02.291119",
        "co2": 438,
        "supplyAirflow": 202,
        "extractAirflow": 201,
        "supplyAirDuctPressure": 13,
        "extractAirDuctPressure": 15,
        "supplyAirFanSpeedLevel": 1444,
        "extractAirFanSpeedLevel": 1178,
        "SFP": 4,
        "supplyAirTemperature": 2755,
        "extractAirTemperature": 2143,
        "outdoorTemperature": 445,
        "reheatLevel": 0,
        "coolingLevel": 0,
        "supplyAirFilterPressure": 0,
        "extractAirFilterPressure": 10,
        "operationMode": 15,
        "heatExchangerRegulator": 10000,
        "RhxEfficiency": 8400
    },
    {
        "timestamp": "2025-02-22T08:50:02.959037",
        "co2": 446,
        "supplyAirflow": 202,
        "extractAirflow": 196,
        "supplyAirDuctPressure": 12,
        "extractAirDuctPressure": 15,
        "supplyAirFanSpeedLevel": 1490,
        "extractAirFanSpeedLevel": 1169,
        "SFP": 4,
        "supplyAirTemperature": 2473,
        "extractAirTemperature": 2143,
        "outdoorTemperature": 456,
        "reheatLevel": 2512,
        "coolingLevel": 0,
        "supplyAirFilterPressure": 0,
        "extractAirFilterPressure": 10,
        "operationMode": 15,
        "heatExchangerRegulator": 10000,
        "RhxEfficiency": 8400
    },
    {
        "timestamp": "2025-02-22T09:00:02.524832",
        "co2": 439,
        "supplyAirflow": 202,
        "extractAirflow": 201,
        "supplyAirDuctPressure": 11,
        "extractAirDuctPressure": 15,
        "supplyAirFanSpeedLevel": 1392,
        "extractAirFanSpeedLevel": 1198,
        "SFP": 4,
        "supplyAirTemperature": 2398,
        "extractAirTemperature": 2137,
        "outdoorTemperature": 443,
        "reheatLevel": 0,
        "coolingLevel": 0,
        "supplyAirFilterPressure": 0,
        "extractAirFilterPressure": 11,
        "operationMode": 15,
        "heatExchangerRegulator": 10000,
        "RhxEfficiency": 8390
    },
    {
        "timestamp": "2025-02-22T09:10:02.187397",
        "co2": 439,
        "supplyAirflow": 197,
        "extractAirflow": 201,
        "supplyAirDuctPressure": 15,
        "extractAirDuctPressure": 15,
        "supplyAirFanSpeedLevel": 1481,
        "extractAirFanSpeedLevel": 1175,
        "SFP": 4,
        "supplyAirTemperature": 2924,
        "extractAirTemperature": 2137,
        "outdoorTemperature": 446,
        "reheatLevel": 2500,
        "coolingLevel": 0,
        "supplyAirFilterPressure": 0,
        "extractAirFilterPressure": 10,
        "operationMode": 15,
        "heatExchangerRegulator": 10000,
        "RhxEfficiency": 8402
    },
    {
        "timestamp": "2025-02-22T09:20:02.750770",
        "co2": 447,
        "supplyAirflow": 202,
        "extractAirflow": 201,
        "supplyAirDuctPressure": 11,
        "extractAirDuctPressure": 15,
        "supplyAirFanSpeedLevel": 1377,
        "extractAirFanSpeedLevel": 1177,
        "SFP": 4,
        "supplyAirTemperature": 1329,
        "extractAirTemperature": 2145,
        "outdoorTemperature": 462,
        "reheatLevel": 2251,
        "coolingLevel": 0,
        "supplyAirFilterPressure": 0,
        "extractAirFilterPressure": 10,
        "operationMode": 15,
        "heatExchangerRegulator": 10000,
        "RhxEfficiency": 8400
    },
    {
        "timestamp": "2025-02-22T09:30:02.490723",
        "co2": 439,
        "supplyAirflow": 202,
        "extractAirflow": 206,
        "supplyAirDuctPressure": 15,
        "extractAirDuctPressure": 16,
        "supplyAirFanSpeedLevel": 1501,
        "extractAirFanSpeedLevel": 1183,
        "SFP": 4,
        "supplyAirTemperature": 3403,
        "extractAirTemperature": 2143,
        "outdoorTemperature": 456,
        "reheatLevel": 2512,
        "coolingLevel": 0,
        "supplyAirFilterPressure": 0,
        "extractAirFilterPressure": 11,
        "operationMode": 15,
        "heatExchangerRegulator": 10000,
        "RhxEfficiency": 8405
    },
    {
        "timestamp": "2025-02-22T09:40:02.137889",
        "co2": 442,
        "supplyAirflow": 202,
        "extractAirflow": 206,
        "supplyAirDuctPressure": 11,
        "extractAirDuctPressure": 15,
        "supplyAirFanSpeedLevel": 1419,
        "extractAirFanSpeedLevel": 1186,
        "SFP": 4,
        "supplyAirTemperature": 1528,
        "extractAirTemperature": 2150,
        "outdoorTemperature": 456,
        "reheatLevel": 2512,
        "coolingLevel": 0,
        "supplyAirFilterPressure": 0,
        "extractAirFilterPressure": 11,
        "operationMode": 15,
        "heatExchangerRegulator": 10000,
        "RhxEfficiency": 8402
    },
    {
        "timestamp": "2025-02-22T09:50:02.721503",
        "co2": 444,
        "supplyAirflow": 202,
        "extractAirflow": 201,
        "supplyAirDuctPressure": 15,
        "extractAirDuctPressure": 15,
        "supplyAirFanSpeedLevel": 1507,
        "extractAirFanSpeedLevel": 1176,
        "SFP": 4,
        "supplyAirTemperature": 3884,
        "extractAirTemperature": 2149,
        "outdoorTemperature": 481,
        "reheatLevel": 0,
        "coolingLevel": 0,
        "supplyAirFilterPressure": 0,
        "extractAirFilterPressure": 10,
        "operationMode": 15,
        "heatExchangerRegulator": 10000,
        "RhxEfficiency": 8402
    },
    {
        "timestamp": "2025-02-22T10:00:02.399536",
        "co2": 443,
        "supplyAirflow": 202,
        "extractAirflow": 201,
        "supplyAirDuctPressure": 12,
        "extractAirDuctPressure": 15,
        "supplyAirFanSpeedLevel": 1423,
        "extractAirFanSpeedLevel": 1183,
        "SFP": 4,
        "supplyAirTemperature": 1761,
        "extractAirTemperature": 2156,
        "outdoorTemperature": 475,
        "reheatLevel": 2512,
        "coolingLevel": 0,
        "supplyAirFilterPressure": 0,
        "extractAirFilterPressure": 10,
        "operationMode": 15,
        "heatExchangerRegulator": 10000,
        "RhxEfficiency": 8400
    },
    {
        "timestamp": "2025-02-22T10:10:04.224680",
        "co2": 442,
        "supplyAirflow": 197,
        "extractAirflow": 206,
        "supplyAirDuctPressure": 14,
        "extractAirDuctPressure": 15,
        "supplyAirFanSpeedLevel": 1434,
        "extractAirFanSpeedLevel": 1186,
        "SFP": 4,
        "supplyAirTemperature": 2774,
        "extractAirTemperature": 2148,
        "outdoorTemperature": 456,
        "reheatLevel": 0,
        "coolingLevel": 0,
        "supplyAirFilterPressure": 0,
        "extractAirFilterPressure": 11,
        "operationMode": 15,
        "heatExchangerRegulator": 10000,
        "RhxEfficiency": 8402
    },
    {
        "timestamp": "2025-02-22T10:20:02.931296",
        "co2": 447,
        "supplyAirflow": 202,
        "extractAirflow": 201,
        "supplyAirDuctPressure": 13,
        "extractAirDuctPressure": 15,
        "supplyAirFanSpeedLevel": 1455,
        "extractAirFanSpeedLevel": 1182,
        "SFP": 4,
        "supplyAirTemperature": 2355,
        "extractAirTemperature": 2149,
        "outdoorTemperature": 443,
        "reheatLevel": 2512,
        "coolingLevel": 0,
        "supplyAirFilterPressure": 0,
        "extractAirFilterPressure": 10,
        "operationMode": 15,
        "heatExchangerRegulator": 10000,
        "RhxEfficiency": 8400
    },
    {
        "timestamp": "2025-02-22T10:30:02.447122",
        "co2": 444,
        "supplyAirflow": 197,
        "extractAirflow": 201,
        "supplyAirDuctPressure": 13,
        "extractAirDuctPressure": 15,
        "supplyAirFanSpeedLevel": 1424,
        "extractAirFanSpeedLevel": 1173,
        "SFP": 4,
        "supplyAirTemperature": 2462,
        "extractAirTemperature": 2144,
        "outdoorTemperature": 425,
        "reheatLevel": 0,
        "coolingLevel": 0,
        "supplyAirFilterPressure": 0,
        "extractAirFilterPressure": 10,
        "operationMode": 15,
        "heatExchangerRegulator": 10000,
        "RhxEfficiency": 8401
    },
    {
        "timestamp": "2025-02-22T10:40:02.229615",
        "co2": 443,
        "supplyAirflow": 202,
        "extractAirflow": 201,
        "supplyAirDuctPressure": 15,
        "extractAirDuctPressure": 15,
        "supplyAirFanSpeedLevel": 1477,
        "extractAirFanSpeedLevel": 1183,
        "SFP": 4,
        "supplyAirTemperature": 2838,
        "extractAirTemperature": 2143,
        "outdoorTemperature": 431,
        "reheatLevel": 2512,
        "coolingLevel": 0,
        "supplyAirFilterPressure": 0,
        "extractAirFilterPressure": 10,
        "operationMode": 15,
        "heatExchangerRegulator": 10000,
        "RhxEfficiency": 8401
    },
    {
        "timestamp": "2025-02-22T10:50:03.056015",
        "co2": 443,
        "supplyAirflow": 202,
        "extractAirflow": 206,
        "supplyAirDuctPressure": 12,
        "extractAirDuctPressure": 14,
        "supplyAirFanSpeedLevel": 1405,
        "extractAirFanSpeedLevel": 1158,
        "SFP": 4,
        "supplyAirTemperature": 1692,
        "extractAirTemperature": 2144,
        "outdoorTemperature": 431,
        "reheatLevel": 151,
        "coolingLevel": 0,
        "supplyAirFilterPressure": 0,
        "extractAirFilterPressure": 11,
        "operationMode": 15,
        "heatExchangerRegulator": 10000,
        "RhxEfficiency": 8402
    },
    {
        "timestamp": "2025-02-22T11:00:02.811745",
        "co2": 443,
        "supplyAirflow": 202,
        "extractAirflow": 201,
        "supplyAirDuctPressure": 15,
        "extractAirDuctPressure": 14,
        "supplyAirFanSpeedLevel": 1502,
        "extractAirFanSpeedLevel": 1172,
        "SFP": 4,
        "supplyAirTemperature": 3188,
        "extractAirTemperature": 2137,
        "outdoorTemperature": 423,
        "reheatLevel": 2500,
        "coolingLevel": 0,
        "supplyAirFilterPressure": 0,
        "extractAirFilterPressure": 11,
        "operationMode": 15,
        "heatExchangerRegulator": 10000,
        "RhxEfficiency": 8400
    },
    {
        "timestamp": "2025-02-22T11:10:02.582586",
        "co2": 443,
        "supplyAirflow": 202,
        "extractAirflow": 196,
        "supplyAirDuctPressure": 14,
        "extractAirDuctPressure": 13,
        "supplyAirFanSpeedLevel": 1447,
        "extractAirFanSpeedLevel": 1134,
        "SFP": 4,
        "supplyAirTemperature": 1331,
        "extractAirTemperature": 2137,
        "outdoorTemperature": 418,
        "reheatLevel": 2512,
        "coolingLevel": 0,
        "supplyAirFilterPressure": 0,
        "extractAirFilterPressure": 10,
        "operationMode": 15,
        "heatExchangerRegulator": 10000,
        "RhxEfficiency": 8407
    },
    {
        "timestamp": "2025-02-22T11:20:02.299065",
        "co2": 443,
        "supplyAirflow": 197,
        "extractAirflow": 201,
        "supplyAirDuctPressure": 16,
        "extractAirDuctPressure": 14,
        "supplyAirFanSpeedLevel": 1515,
        "extractAirFanSpeedLevel": 1167,
        "SFP": 4,
        "supplyAirTemperature": 3582,
        "extractAirTemperature": 2128,
        "outdoorTemperature": 412,
        "reheatLevel": 2500,
        "coolingLevel": 0,
        "supplyAirFilterPressure": 0,
        "extractAirFilterPressure": 11,
        "operationMode": 15,
        "heatExchangerRegulator": 10000,
        "RhxEfficiency": 8405
    },
    {
        "timestamp": "2025-02-22T11:30:02.967214",
        "co2": 438,
        "supplyAirflow": 197,
        "extractAirflow": 206,
        "supplyAirDuctPressure": 16,
        "extractAirDuctPressure": 13,
        "supplyAirFanSpeedLevel": 1448,
        "extractAirFanSpeedLevel": 1160,
        "SFP": 4,
        "supplyAirTemperature": 1803,
        "extractAirTemperature": 2128,
        "outdoorTemperature": 406,
        "reheatLevel": 2500,
        "coolingLevel": 0,
        "supplyAirFilterPressure": 0,
        "extractAirFilterPressure": 11,
        "operationMode": 15,
        "heatExchangerRegulator": 10000,
        "RhxEfficiency": 8404
    },
    {
        "timestamp": "2025-02-22T11:40:02.694066",
        "co2": 441,
        "supplyAirflow": 202,
        "extractAirflow": 201,
        "supplyAirDuctPressure": 13,
        "extractAirDuctPressure": 15,
        "supplyAirFanSpeedLevel": 1438,
        "extractAirFanSpeedLevel": 1175,
        "SFP": 4,
        "supplyAirTemperature": 3040,
        "extractAirTemperature": 2123,
        "outdoorTemperature": 398,
        "reheatLevel": 0,
        "coolingLevel": 0,
        "supplyAirFilterPressure": 0,
        "extractAirFilterPressure": 11,
        "operationMode": 15,
        "heatExchangerRegulator": 10000,
        "RhxEfficiency": 8400
    },
    {
        "timestamp": "2025-02-22T11:50:02.443657",
        "co2": 444,
        "supplyAirflow": 202,
        "extractAirflow": 201,
        "supplyAirDuctPressure": 14,
        "extractAirDuctPressure": 14,
        "supplyAirFanSpeedLevel": 1476,
        "extractAirFanSpeedLevel": 1179,
        "SFP": 4,
        "supplyAirTemperature": 2714,
        "extractAirTemperature": 2125,
        "outdoorTemperature": 399,
        "reheatLevel": 2512,
        "coolingLevel": 0,
        "supplyAirFilterPressure": 0,
        "extractAirFilterPressure": 10,
        "operationMode": 15,
        "heatExchangerRegulator": 10000,
        "RhxEfficiency": 8400
    },
    {
        "timestamp": "2025-02-22T12:00:02.268893",
        "co2": 442,
        "supplyAirflow": 202,
        "extractAirflow": 201,
        "supplyAirDuctPressure": 12,
        "extractAirDuctPressure": 15,
        "supplyAirFanSpeedLevel": 1389,
        "extractAirFanSpeedLevel": 1175,
        "SFP": 4,
        "supplyAirTemperature": 2108,
        "extractAirTemperature": 2131,
        "outdoorTemperature": 400,
        "reheatLevel": 0,
        "coolingLevel": 0,
        "supplyAirFilterPressure": 0,
        "extractAirFilterPressure": 10,
        "operationMode": 15,
        "heatExchangerRegulator": 10000,
        "RhxEfficiency": 8400
    },
    {
        "timestamp": "2025-02-22T12:10:02.969046",
        "co2": 436,
        "supplyAirflow": 202,
        "extractAirflow": 201,
        "supplyAirDuctPressure": 15,
        "extractAirDuctPressure": 14,
        "supplyAirFanSpeedLevel": 1485,
        "extractAirFanSpeedLevel": 1178,
        "SFP": 4,
        "supplyAirTemperature": 3126,
        "extractAirTemperature": 2131,
        "outdoorTemperature": 406,
        "reheatLevel": 2512,
        "coolingLevel": 0,
        "supplyAirFilterPressure": 0,
        "extractAirFilterPressure": 11,
        "operationMode": 15,
        "heatExchangerRegulator": 10000,
        "RhxEfficiency": 8400
    },
    {
        "timestamp": "2025-02-22T12:20:02.722644",
        "co2": 443,
        "supplyAirflow": 202,
        "extractAirflow": 201,
        "supplyAirDuctPressure": 12,
        "extractAirDuctPressure": 14,
        "supplyAirFanSpeedLevel": 1424,
        "extractAirFanSpeedLevel": 1168,
        "SFP": 4,
        "supplyAirTemperature": 1428,
        "extractAirTemperature": 2131,
        "outdoorTemperature": 412,
        "reheatLevel": 2512,
        "coolingLevel": 0,
        "supplyAirFilterPressure": 0,
        "extractAirFilterPressure": 10,
        "operationMode": 15,
        "heatExchangerRegulator": 10000,
        "RhxEfficiency": 8402
    },
    {
        "timestamp": "2025-02-22T12:30:02.359767",
        "co2": 443,
        "supplyAirflow": 202,
        "extractAirflow": 201,
        "supplyAirDuctPressure": 16,
        "extractAirDuctPressure": 13,
        "supplyAirFanSpeedLevel": 1516,
        "extractAirFanSpeedLevel": 1181,
        "SFP": 4,
        "supplyAirTemperature": 3569,
        "extractAirTemperature": 2131,
        "outdoorTemperature": 401,
        "reheatLevel": 2512,
        "coolingLevel": 0,
        "supplyAirFilterPressure": 0,
        "extractAirFilterPressure": 11,
        "operationMode": 15,
        "heatExchangerRegulator": 10000,
        "RhxEfficiency": 8400
    },
    {
        "timestamp": "2025-02-22T12:40:03.052873",
        "co2": 442,
        "supplyAirflow": 202,
        "extractAirflow": 201,
        "supplyAirDuctPressure": 14,
        "extractAirDuctPressure": 14,
        "supplyAirFanSpeedLevel": 1442,
        "extractAirFanSpeedLevel": 1167,
        "SFP": 4,
        "supplyAirTemperature": 1804,
        "extractAirTemperature": 2131,
        "outdoorTemperature": 394,
        "reheatLevel": 2512,
        "coolingLevel": 0,
        "supplyAirFilterPressure": 0,
        "extractAirFilterPressure": 11,
        "operationMode": 15,
        "heatExchangerRegulator": 10000,
        "RhxEfficiency": 8400
    },
    {
        "timestamp": "2025-02-22T12:50:02.692121",
        "co2": 441,
        "supplyAirflow": 197,
        "extractAirflow": 206,
        "supplyAirDuctPressure": 14,
        "extractAirDuctPressure": 14,
        "supplyAirFanSpeedLevel": 1451,
        "extractAirFanSpeedLevel": 1161,
        "SFP": 4,
        "supplyAirTemperature": 3142,
        "extractAirTemperature": 2131,
        "outdoorTemperature": 393,
        "reheatLevel": 0,
        "coolingLevel": 0,
        "supplyAirFilterPressure": 0,
        "extractAirFilterPressure": 11,
        "operationMode": 15,
        "heatExchangerRegulator": 10000,
        "RhxEfficiency": 8402
    },
    {
        "timestamp": "2025-02-22T13:00:02.363493",
        "co2": 445,
        "supplyAirflow": 202,
        "extractAirflow": 201,
        "supplyAirDuctPressure": 14,
        "extractAirDuctPressure": 14,
        "supplyAirFanSpeedLevel": 1469,
        "extractAirFanSpeedLevel": 1168,
        "SFP": 4,
        "supplyAirTemperature": 2482,
        "extractAirTemperature": 2131,
        "outdoorTemperature": 406,
        "reheatLevel": 2512,
        "coolingLevel": 0,
        "supplyAirFilterPressure": 0,
        "extractAirFilterPressure": 11,
        "operationMode": 15,
        "heatExchangerRegulator": 10000,
        "RhxEfficiency": 8402
    },
    {
        "timestamp": "2025-02-22T13:10:02.133179",
        "co2": 442,
        "supplyAirflow": 197,
        "extractAirflow": 201,
        "supplyAirDuctPressure": 13,
        "extractAirDuctPressure": 14,
        "supplyAirFanSpeedLevel": 1432,
        "extractAirFanSpeedLevel": 1173,
        "SFP": 4,
        "supplyAirTemperature": 2412,
        "extractAirTemperature": 2131,
        "outdoorTemperature": 400,
        "reheatLevel": 0,
        "coolingLevel": 0,
        "supplyAirFilterPressure": 0,
        "extractAirFilterPressure": 11,
        "operationMode": 15,
        "heatExchangerRegulator": 10000,
        "RhxEfficiency": 8401
    },
    {
        "timestamp": "2025-02-22T13:20:02.724566",
        "co2": 447,
        "supplyAirflow": 197,
        "extractAirflow": 201,
        "supplyAirDuctPressure": 16,
        "extractAirDuctPressure": 14,
        "supplyAirFanSpeedLevel": 1489,
        "extractAirFanSpeedLevel": 1180,
        "SFP": 4,
        "supplyAirTemperature": 3033,
        "extractAirTemperature": 2131,
        "outdoorTemperature": 394,
        "reheatLevel": 2500,
        "coolingLevel": 0,
        "supplyAirFilterPressure": 0,
        "extractAirFilterPressure": 10,
        "operationMode": 15,
        "heatExchangerRegulator": 10000,
        "RhxEfficiency": 8402
    },
    {
        "timestamp": "2025-02-22T13:30:02.371388",
        "co2": 445,
        "supplyAirflow": 197,
        "extractAirflow": 201,
        "supplyAirDuctPressure": 12,
        "extractAirDuctPressure": 14,
        "supplyAirFanSpeedLevel": 1397,
        "extractAirFanSpeedLevel": 1176,
        "SFP": 4,
        "supplyAirTemperature": 1411,
        "extractAirTemperature": 2133,
        "outdoorTemperature": 387,
        "reheatLevel": 2205,
        "coolingLevel": 0,
        "supplyAirFilterPressure": 0,
        "extractAirFilterPressure": 11,
        "operationMode": 15,
        "heatExchangerRegulator": 10000,
        "RhxEfficiency": 8400
    },
    {
        "timestamp": "2025-02-22T13:40:02.112458",
        "co2": 441,
        "supplyAirflow": 202,
        "extractAirflow": 201,
        "supplyAirDuctPressure": 15,
        "extractAirDuctPressure": 14,
        "supplyAirFanSpeedLevel": 1510,
        "extractAirFanSpeedLevel": 1174,
        "SFP": 4,
        "supplyAirTemperature": 3467,
        "extractAirTemperature": 2130,
        "outdoorTemperature": 387,
        "reheatLevel": 2512,
        "coolingLevel": 0,
        "supplyAirFilterPressure": 0,
        "extractAirFilterPressure": 11,
        "operationMode": 15,
        "heatExchangerRegulator": 10000,
        "RhxEfficiency": 8402
    },
    {
        "timestamp": "2025-02-22T13:50:02.902772",
        "co2": 441,
        "supplyAirflow": 202,
        "extractAirflow": 201,
        "supplyAirDuctPressure": 12,
        "extractAirDuctPressure": 15,
        "supplyAirFanSpeedLevel": 1425,
        "extractAirFanSpeedLevel": 1184,
        "SFP": 4,
        "supplyAirTemperature": 1795,
        "extractAirTemperature": 2132,
        "outdoorTemperature": 400,
        "reheatLevel": 2512,
        "coolingLevel": 0,
        "supplyAirFilterPressure": 0,
        "extractAirFilterPressure": 11,
        "operationMode": 15,
        "heatExchangerRegulator": 10000,
        "RhxEfficiency": 8400
    },
    {
        "timestamp": "2025-02-22T14:00:02.662176",
        "co2": 444,
        "supplyAirflow": 197,
        "extractAirflow": 201,
        "supplyAirDuctPressure": 13,
        "extractAirDuctPressure": 15,
        "supplyAirFanSpeedLevel": 1437,
        "extractAirFanSpeedLevel": 1184,
        "SFP": 4,
        "supplyAirTemperature": 3365,
        "extractAirTemperature": 2130,
        "outdoorTemperature": 406,
        "reheatLevel": 0,
        "coolingLevel": 0,
        "supplyAirFilterPressure": 0,
        "extractAirFilterPressure": 11,
        "operationMode": 15,
        "heatExchangerRegulator": 10000,
        "RhxEfficiency": 8401
    },
    {
        "timestamp": "2025-02-22T14:10:02.643989",
        "co2": 444,
        "supplyAirflow": 197,
        "extractAirflow": 201,
        "supplyAirDuctPressure": 14,
        "extractAirDuctPressure": 15,
        "supplyAirFanSpeedLevel": 1453,
        "extractAirFanSpeedLevel": 1171,
        "SFP": 4,
        "supplyAirTemperature": 2363,
        "extractAirTemperature": 2137,
        "outdoorTemperature": 418,
        "reheatLevel": 2500,
        "coolingLevel": 0,
        "supplyAirFilterPressure": 0,
        "extractAirFilterPressure": 11,
        "operationMode": 15,
        "heatExchangerRegulator": 10000,
        "RhxEfficiency": 8401
    },
    {
        "timestamp": "2025-02-22T14:20:03.096378",
        "co2": 441,
        "supplyAirflow": 197,
        "extractAirflow": 201,
        "supplyAirDuctPressure": 13,
        "extractAirDuctPressure": 16,
        "supplyAirFanSpeedLevel": 1446,
        "extractAirFanSpeedLevel": 1179,
        "SFP": 4,
        "supplyAirTemperature": 2474,
        "extractAirTemperature": 2137,
        "outdoorTemperature": 406,
        "reheatLevel": 0,
        "coolingLevel": 0,
        "supplyAirFilterPressure": 0,
        "extractAirFilterPressure": 11,
        "operationMode": 15,
        "heatExchangerRegulator": 10000,
        "RhxEfficiency": 8321
    },
    {
        "timestamp": "2025-02-22T14:30:02.959136",
        "co2": 438,
        "supplyAirflow": 202,
        "extractAirflow": 196,
        "supplyAirDuctPressure": 16,
        "extractAirDuctPressure": 13,
        "supplyAirFanSpeedLevel": 1549,
        "extractAirFanSpeedLevel": 1139,
        "SFP": 4,
        "supplyAirTemperature": 2942,
        "extractAirTemperature": 2131,
        "outdoorTemperature": 406,
        "reheatLevel": 2512,
        "coolingLevel": 0,
        "supplyAirFilterPressure": 0,
        "extractAirFilterPressure": 11,
        "operationMode": 15,
        "heatExchangerRegulator": 10000,
        "RhxEfficiency": 8372
    },
    {
        "timestamp": "2025-02-22T14:40:03.135651",
        "co2": 444,
        "supplyAirflow": 202,
        "extractAirflow": 201,
        "supplyAirDuctPressure": 12,
        "extractAirDuctPressure": 14,
        "supplyAirFanSpeedLevel": 1440,
        "extractAirFanSpeedLevel": 1143,
        "SFP": 4,
        "supplyAirTemperature": 1470,
        "extractAirTemperature": 2131,
        "outdoorTemperature": 406,
        "reheatLevel": 1344,
        "coolingLevel": 0,
        "supplyAirFilterPressure": 0,
        "extractAirFilterPressure": 11,
        "operationMode": 15,
        "heatExchangerRegulator": 10000,
        "RhxEfficiency": 8411
    },
    {
        "timestamp": "2025-02-22T14:50:02.892919",
        "co2": 444,
        "supplyAirflow": 202,
        "extractAirflow": 196,
        "supplyAirDuctPressure": 16,
        "extractAirDuctPressure": 14,
        "supplyAirFanSpeedLevel": 1526,
        "extractAirFanSpeedLevel": 1162,
        "SFP": 4,
        "supplyAirTemperature": 3360,
        "extractAirTemperature": 2118,
        "outdoorTemperature": 403,
        "reheatLevel": 2512,
        "coolingLevel": 0,
        "supplyAirFilterPressure": 0,
        "extractAirFilterPressure": 10,
        "operationMode": 15,
        "heatExchangerRegulator": 10000,
        "RhxEfficiency": 8399
    },
    {
        "timestamp": "2025-02-22T15:00:02.853319",
        "co2": 442,
        "supplyAirflow": 197,
        "extractAirflow": 201,
        "supplyAirDuctPressure": 12,
        "extractAirDuctPressure": 15,
        "supplyAirFanSpeedLevel": 1426,
        "extractAirFanSpeedLevel": 1179,
        "SFP": 4,
        "supplyAirTemperature": 1862,
        "extractAirTemperature": 2119,
        "outdoorTemperature": 406,
        "reheatLevel": 2500,
        "coolingLevel": 0,
        "supplyAirFilterPressure": 0,
        "extractAirFilterPressure": 11,
        "operationMode": 15,
        "heatExchangerRegulator": 10000,
        "RhxEfficiency": 8400
    },
    {
        "timestamp": "2025-02-22T15:10:02.489211",
        "co2": 443,
        "supplyAirflow": 206,
        "extractAirflow": 201,
        "supplyAirDuctPressure": 16,
        "extractAirDuctPressure": 13,
        "supplyAirFanSpeedLevel": 1489,
        "extractAirFanSpeedLevel": 1136,
        "SFP": 4,
        "supplyAirTemperature": 3461,
        "extractAirTemperature": 2118,
        "outdoorTemperature": 393,
        "reheatLevel": 0,
        "coolingLevel": 0,
        "supplyAirFilterPressure": 0,
        "extractAirFilterPressure": 10,
        "operationMode": 15,
        "heatExchangerRegulator": 10000,
        "RhxEfficiency": 8354
    },
    {
        "timestamp": "2025-02-22T15:20:02.476983",
        "co2": 439,
        "supplyAirflow": 197,
        "extractAirflow": 196,
        "supplyAirDuctPressure": 13,
        "extractAirDuctPressure": 15,
        "supplyAirFanSpeedLevel": 1502,
        "extractAirFanSpeedLevel": 1145,
        "SFP": 4,
        "supplyAirTemperature": 2575,
        "extractAirTemperature": 2118,
        "outdoorTemperature": 394,
        "reheatLevel": 2500,
        "coolingLevel": 0,
        "supplyAirFilterPressure": 0,
        "extractAirFilterPressure": 11,
        "operationMode": 15,
        "heatExchangerRegulator": 10000,
        "RhxEfficiency": 8382
    },
    {
        "timestamp": "2025-02-22T15:30:02.530469",
        "co2": 440,
        "supplyAirflow": 211,
        "extractAirflow": 196,
        "supplyAirDuctPressure": 13,
        "extractAirDuctPressure": 14,
        "supplyAirFanSpeedLevel": 1441,
        "extractAirFanSpeedLevel": 1165,
        "SFP": 4,
        "supplyAirTemperature": 2389,
        "extractAirTemperature": 2112,
        "outdoorTemperature": 381,
        "reheatLevel": 85,
        "coolingLevel": 0,
        "supplyAirFilterPressure": 0,
        "extractAirFilterPressure": 10,
        "operationMode": 15,
        "heatExchangerRegulator": 10000,
        "RhxEfficiency": 8387
    },
    {
        "timestamp": "2025-02-22T15:40:02.490997",
        "co2": 437,
        "supplyAirflow": 202,
        "extractAirflow": 201,
        "supplyAirDuctPressure": 14,
        "extractAirDuctPressure": 15,
        "supplyAirFanSpeedLevel": 1497,
        "extractAirFanSpeedLevel": 1171,
        "SFP": 4,
        "supplyAirTemperature": 3308,
        "extractAirTemperature": 2120,
        "outdoorTemperature": 381,
        "reheatLevel": 2512,
        "coolingLevel": 0,
        "supplyAirFilterPressure": 0,
        "extractAirFilterPressure": 11,
        "operationMode": 15,
        "heatExchangerRegulator": 10000,
        "RhxEfficiency": 8400
    },
    {
        "timestamp": "2025-02-22T15:50:02.460197",
        "co2": 437,
        "supplyAirflow": 206,
        "extractAirflow": 201,
        "supplyAirDuctPressure": 12,
        "extractAirDuctPressure": 15,
        "supplyAirFanSpeedLevel": 1414,
        "extractAirFanSpeedLevel": 1195,
        "SFP": 4,
        "supplyAirTemperature": 1723,
        "extractAirTemperature": 2131,
        "outdoorTemperature": 381,
        "reheatLevel": 2537,
        "coolingLevel": 0,
        "supplyAirFilterPressure": 0,
        "extractAirFilterPressure": 10,
        "operationMode": 15,
        "heatExchangerRegulator": 10000,
        "RhxEfficiency": 8399
    },
    {
        "timestamp": "2025-02-22T16:00:02.436195",
        "co2": 437,
        "supplyAirflow": 206,
        "extractAirflow": 201,
        "supplyAirDuctPressure": 15,
        "extractAirDuctPressure": 14,
        "supplyAirFanSpeedLevel": 1500,
        "extractAirFanSpeedLevel": 1179,
        "SFP": 4,
        "supplyAirTemperature": 3863,
        "extractAirTemperature": 2131,
        "outdoorTemperature": 381,
        "reheatLevel": 0,
        "coolingLevel": 0,
        "supplyAirFilterPressure": 0,
        "extractAirFilterPressure": 11,
        "operationMode": 15,
        "heatExchangerRegulator": 10000,
        "RhxEfficiency": 8395
    },
    {
        "timestamp": "2025-02-22T16:10:02.406310",
        "co2": 443,
        "supplyAirflow": 202,
        "extractAirflow": 201,
        "supplyAirDuctPressure": 13,
        "extractAirDuctPressure": 15,
        "supplyAirFanSpeedLevel": 1459,
        "extractAirFanSpeedLevel": 1194,
        "SFP": 4,
        "supplyAirTemperature": 2095,
        "extractAirTemperature": 2137,
        "outdoorTemperature": 422,
        "reheatLevel": 2512,
        "coolingLevel": 0,
        "supplyAirFilterPressure": 0,
        "extractAirFilterPressure": 10,
        "operationMode": 15,
        "heatExchangerRegulator": 10000,
        "RhxEfficiency": 8400
    },
    {
        "timestamp": "2025-02-22T16:20:02.367569",
        "co2": 441,
        "supplyAirflow": 197,
        "extractAirflow": 201,
        "supplyAirDuctPressure": 12,
        "extractAirDuctPressure": 14,
        "supplyAirFanSpeedLevel": 1446,
        "extractAirFanSpeedLevel": 1173,
        "SFP": 4,
        "supplyAirTemperature": 2663,
        "extractAirTemperature": 2137,
        "outdoorTemperature": 412,
        "reheatLevel": 0,
        "coolingLevel": 0,
        "supplyAirFilterPressure": 0,
        "extractAirFilterPressure": 10,
        "operationMode": 15,
        "heatExchangerRegulator": 10000,
        "RhxEfficiency": 8400
    },
    {
        "timestamp": "2025-02-22T16:30:02.431049",
        "co2": 439,
        "supplyAirflow": 197,
        "extractAirflow": 201,
        "supplyAirDuctPressure": 14,
        "extractAirDuctPressure": 15,
        "supplyAirFanSpeedLevel": 1472,
        "extractAirFanSpeedLevel": 1182,
        "SFP": 4,
        "supplyAirTemperature": 2615,
        "extractAirTemperature": 2137,
        "outdoorTemperature": 387,
        "reheatLevel": 2500,
        "coolingLevel": 0,
        "supplyAirFilterPressure": 0,
        "extractAirFilterPressure": 10,
        "operationMode": 15,
        "heatExchangerRegulator": 10000,
        "RhxEfficiency": 8403
    },
    {
        "timestamp": "2025-02-22T16:40:02.385841",
        "co2": 441,
        "supplyAirflow": 202,
        "extractAirflow": 201,
        "supplyAirDuctPressure": 12,
        "extractAirDuctPressure": 15,
        "supplyAirFanSpeedLevel": 1395,
        "extractAirFanSpeedLevel": 1173,
        "SFP": 4,
        "supplyAirTemperature": 2074,
        "extractAirTemperature": 2131,
        "outdoorTemperature": 381,
        "reheatLevel": 48,
        "coolingLevel": 0,
        "supplyAirFilterPressure": 0,
        "extractAirFilterPressure": 11,
        "operationMode": 15,
        "heatExchangerRegulator": 10000,
        "RhxEfficiency": 8400
    },
    {
        "timestamp": "2025-02-22T16:50:02.368594",
        "co2": 442,
        "supplyAirflow": 202,
        "extractAirflow": 201,
        "supplyAirDuctPressure": 15,
        "extractAirDuctPressure": 15,
        "supplyAirFanSpeedLevel": 1485,
        "extractAirFanSpeedLevel": 1184,
        "SFP": 4,
        "supplyAirTemperature": 3167,
        "extractAirTemperature": 2131,
        "outdoorTemperature": 381,
        "reheatLevel": 2512,
        "coolingLevel": 0,
        "supplyAirFilterPressure": 0,
        "extractAirFilterPressure": 11,
        "operationMode": 15,
        "heatExchangerRegulator": 10000,
        "RhxEfficiency": 8400
    },
    {
        "timestamp": "2025-02-22T17:00:02.320606",
        "co2": 441,
        "supplyAirflow": 206,
        "extractAirflow": 201,
        "supplyAirDuctPressure": 12,
        "extractAirDuctPressure": 15,
        "supplyAirFanSpeedLevel": 1452,
        "extractAirFanSpeedLevel": 1184,
        "SFP": 4,
        "supplyAirTemperature": 1509,
        "extractAirTemperature": 2131,
        "outdoorTemperature": 395,
        "reheatLevel": 2537,
        "coolingLevel": 0,
        "supplyAirFilterPressure": 0,
        "extractAirFilterPressure": 11,
        "operationMode": 15,
        "heatExchangerRegulator": 10000,
        "RhxEfficiency": 8405
    },
    {
        "timestamp": "2025-02-22T17:10:02.333576",
        "co2": 446,
        "supplyAirflow": 206,
        "extractAirflow": 201,
        "supplyAirDuctPressure": 14,
        "extractAirDuctPressure": 15,
        "supplyAirFanSpeedLevel": 1501,
        "extractAirFanSpeedLevel": 1181,
        "SFP": 4,
        "supplyAirTemperature": 3692,
        "extractAirTemperature": 2131,
        "outdoorTemperature": 387,
        "reheatLevel": 190,
        "coolingLevel": 0,
        "supplyAirFilterPressure": 0,
        "extractAirFilterPressure": 11,
        "operationMode": 15,
        "heatExchangerRegulator": 10000,
        "RhxEfficiency": 8401
    },
    {
        "timestamp": "2025-02-22T17:20:02.411206",
        "co2": 438,
        "supplyAirflow": 202,
        "extractAirflow": 206,
        "supplyAirDuctPressure": 12,
        "extractAirDuctPressure": 15,
        "supplyAirFanSpeedLevel": 1436,
        "extractAirFanSpeedLevel": 1183,
        "SFP": 4,
        "supplyAirTemperature": 1731,
        "extractAirTemperature": 2145,
        "outdoorTemperature": 393,
        "reheatLevel": 2512,
        "coolingLevel": 0,
        "supplyAirFilterPressure": 0,
        "extractAirFilterPressure": 11,
        "operationMode": 15,
        "heatExchangerRegulator": 10000,
        "RhxEfficiency": 8404
    },
    {
        "timestamp": "2025-02-22T17:30:02.369839",
        "co2": 438,
        "supplyAirflow": 197,
        "extractAirflow": 201,
        "supplyAirDuctPressure": 14,
        "extractAirDuctPressure": 15,
        "supplyAirFanSpeedLevel": 1442,
        "extractAirFanSpeedLevel": 1178,
        "SFP": 4,
        "supplyAirTemperature": 3306,
        "extractAirTemperature": 2135,
        "outdoorTemperature": 381,
        "reheatLevel": 0,
        "coolingLevel": 0,
        "supplyAirFilterPressure": 0,
        "extractAirFilterPressure": 11,
        "operationMode": 15,
        "heatExchangerRegulator": 10000,
        "RhxEfficiency": 8402
    },
    {
        "timestamp": "2025-02-22T17:40:02.041608",
        "co2": 435,
        "supplyAirflow": 202,
        "extractAirflow": 201,
        "supplyAirDuctPressure": 14,
        "extractAirDuctPressure": 15,
        "supplyAirFanSpeedLevel": 1469,
        "extractAirFanSpeedLevel": 1184,
        "SFP": 4,
        "supplyAirTemperature": 2407,
        "extractAirTemperature": 2136,
        "outdoorTemperature": 369,
        "reheatLevel": 2512,
        "coolingLevel": 0,
        "supplyAirFilterPressure": 0,
        "extractAirFilterPressure": 11,
        "operationMode": 15,
        "heatExchangerRegulator": 10000,
        "RhxEfficiency": 8400
    },
    {
        "timestamp": "2025-02-22T17:50:02.725339",
        "co2": 439,
        "supplyAirflow": 197,
        "extractAirflow": 206,
        "supplyAirDuctPressure": 12,
        "extractAirDuctPressure": 16,
        "supplyAirFanSpeedLevel": 1443,
        "extractAirFanSpeedLevel": 1183,
        "SFP": 4,
        "supplyAirTemperature": 2459,
        "extractAirTemperature": 2131,
        "outdoorTemperature": 368,
        "reheatLevel": 0,
        "coolingLevel": 0,
        "supplyAirFilterPressure": 0,
        "extractAirFilterPressure": 11,
        "operationMode": 15,
        "heatExchangerRegulator": 10000,
        "RhxEfficiency": 8402
    },
    {
        "timestamp": "2025-02-22T18:00:02.380133",
        "co2": 437,
        "supplyAirflow": 197,
        "extractAirflow": 196,
        "supplyAirDuctPressure": 13,
        "extractAirDuctPressure": 15,
        "supplyAirFanSpeedLevel": 1477,
        "extractAirFanSpeedLevel": 1186,
        "SFP": 4,
        "supplyAirTemperature": 3010,
        "extractAirTemperature": 2131,
        "outdoorTemperature": 374,
        "reheatLevel": 2500,
        "coolingLevel": 0,
        "supplyAirFilterPressure": 0,
        "extractAirFilterPressure": 11,
        "operationMode": 15,
        "heatExchangerRegulator": 10000,
        "RhxEfficiency": 8398
    },
    {
        "timestamp": "2025-02-22T18:10:02.118279",
        "co2": 436,
        "supplyAirflow": 197,
        "extractAirflow": 201,
        "supplyAirDuctPressure": 11,
        "extractAirDuctPressure": 15,
        "supplyAirFanSpeedLevel": 1415,
        "extractAirFanSpeedLevel": 1188,
        "SFP": 4,
        "supplyAirTemperature": 1492,
        "extractAirTemperature": 2131,
        "outdoorTemperature": 381,
        "reheatLevel": 1820,
        "coolingLevel": 0,
        "supplyAirFilterPressure": 0,
        "extractAirFilterPressure": 11,
        "operationMode": 15,
        "heatExchangerRegulator": 10000,
        "RhxEfficiency": 8402
    },
    {
        "timestamp": "2025-02-22T18:20:02.933955",
        "co2": 441,
        "supplyAirflow": 202,
        "extractAirflow": 201,
        "supplyAirDuctPressure": 14,
        "extractAirDuctPressure": 15,
        "supplyAirFanSpeedLevel": 1497,
        "extractAirFanSpeedLevel": 1184,
        "SFP": 4,
        "supplyAirTemperature": 3456,
        "extractAirTemperature": 2131,
        "outdoorTemperature": 381,
        "reheatLevel": 2512,
        "coolingLevel": 0,
        "supplyAirFilterPressure": 0,
        "extractAirFilterPressure": 10,
        "operationMode": 15,
        "heatExchangerRegulator": 10000,
        "RhxEfficiency": 8400
    },
    {
        "timestamp": "2025-02-22T18:30:02.821850",
        "co2": 443,
        "supplyAirflow": 197,
        "extractAirflow": 201,
        "supplyAirDuctPressure": 13,
        "extractAirDuctPressure": 15,
        "supplyAirFanSpeedLevel": 1424,
        "extractAirFanSpeedLevel": 1173,
        "SFP": 4,
        "supplyAirTemperature": 1743,
        "extractAirTemperature": 2137,
        "outdoorTemperature": 395,
        "reheatLevel": 2500,
        "coolingLevel": 0,
        "supplyAirFilterPressure": 0,
        "extractAirFilterPressure": 10,
        "operationMode": 15,
        "heatExchangerRegulator": 10000,
        "RhxEfficiency": 8402
    },
    {
        "timestamp": "2025-02-22T18:40:02.679081",
        "co2": 441,
        "supplyAirflow": 197,
        "extractAirflow": 206,
        "supplyAirDuctPressure": 14,
        "extractAirDuctPressure": 15,
        "supplyAirFanSpeedLevel": 1445,
        "extractAirFanSpeedLevel": 1191,
        "SFP": 4,
        "supplyAirTemperature": 3703,
        "extractAirTemperature": 2137,
        "outdoorTemperature": 404,
        "reheatLevel": 0,
        "coolingLevel": 0,
        "supplyAirFilterPressure": 0,
        "extractAirFilterPressure": 11,
        "operationMode": 15,
        "heatExchangerRegulator": 10000,
        "RhxEfficiency": 8401
    },
    {
        "timestamp": "2025-02-22T18:50:02.428868",
        "co2": 444,
        "supplyAirflow": 202,
        "extractAirflow": 201,
        "supplyAirDuctPressure": 11,
        "extractAirDuctPressure": 15,
        "supplyAirFanSpeedLevel": 1450,
        "extractAirFanSpeedLevel": 1174,
        "SFP": 4,
        "supplyAirTemperature": 2013,
        "extractAirTemperature": 2145,
        "outdoorTemperature": 385,
        "reheatLevel": 2512,
        "coolingLevel": 0,
        "supplyAirFilterPressure": 0,
        "extractAirFilterPressure": 11,
        "operationMode": 15,
        "heatExchangerRegulator": 10000,
        "RhxEfficiency": 8403
    },
    {
        "timestamp": "2025-02-22T19:00:02.116965",
        "co2": 445,
        "supplyAirflow": 202,
        "extractAirflow": 201,
        "supplyAirDuctPressure": 13,
        "extractAirDuctPressure": 16,
        "supplyAirFanSpeedLevel": 1436,
        "extractAirFanSpeedLevel": 1187,
        "SFP": 4,
        "supplyAirTemperature": 2682,
        "extractAirTemperature": 2137,
        "outdoorTemperature": 356,
        "reheatLevel": 0,
        "coolingLevel": 0,
        "supplyAirFilterPressure": 0,
        "extractAirFilterPressure": 10,
        "operationMode": 15,
        "heatExchangerRegulator": 10000,
        "RhxEfficiency": 8400
    },
    {
        "timestamp": "2025-02-22T19:10:02.645545",
        "co2": 449,
        "supplyAirflow": 206,
        "extractAirflow": 201,
        "supplyAirDuctPressure": 14,
        "extractAirDuctPressure": 15,
        "supplyAirFanSpeedLevel": 1458,
        "extractAirFanSpeedLevel": 1186,
        "SFP": 4,
        "supplyAirTemperature": 2604,
        "extractAirTemperature": 2145,
        "outdoorTemperature": 370,
        "reheatLevel": 2537,
        "coolingLevel": 0,
        "supplyAirFilterPressure": 0,
        "extractAirFilterPressure": 10,
        "operationMode": 15,
        "heatExchangerRegulator": 10000,
        "RhxEfficiency": 8400
    },
    {
        "timestamp": "2025-02-22T19:20:02.519284",
        "co2": 452,
        "supplyAirflow": 202,
        "extractAirflow": 201,
        "supplyAirDuctPressure": 11,
        "extractAirDuctPressure": 15,
        "supplyAirFanSpeedLevel": 1396,
        "extractAirFanSpeedLevel": 1185,
        "SFP": 4,
        "supplyAirTemperature": 2173,
        "extractAirTemperature": 2144,
        "outdoorTemperature": 362,
        "reheatLevel": 0,
        "coolingLevel": 0,
        "supplyAirFilterPressure": 0,
        "extractAirFilterPressure": 11,
        "operationMode": 15,
        "heatExchangerRegulator": 10000,
        "RhxEfficiency": 8400
    },
    {
        "timestamp": "2025-02-22T19:30:02.175237",
        "co2": 445,
        "supplyAirflow": 197,
        "extractAirflow": 201,
        "supplyAirDuctPressure": 14,
        "extractAirDuctPressure": 15,
        "supplyAirFanSpeedLevel": 1491,
        "extractAirFanSpeedLevel": 1186,
        "SFP": 4,
        "supplyAirTemperature": 3027,
        "extractAirTemperature": 2143,
        "outdoorTemperature": 393,
        "reheatLevel": 2500,
        "coolingLevel": 0,
        "supplyAirFilterPressure": 0,
        "extractAirFilterPressure": 11,
        "operationMode": 15,
        "heatExchangerRegulator": 10000,
        "RhxEfficiency": 8401
    },
    {
        "timestamp": "2025-02-22T19:40:03.094698",
        "co2": 443,
        "supplyAirflow": 202,
        "extractAirflow": 201,
        "supplyAirDuctPressure": 11,
        "extractAirDuctPressure": 15,
        "supplyAirFanSpeedLevel": 1396,
        "extractAirFanSpeedLevel": 1183,
        "SFP": 4,
        "supplyAirTemperature": 1281,
        "extractAirTemperature": 2150,
        "outdoorTemperature": 406,
        "reheatLevel": 2512,
        "coolingLevel": 0,
        "supplyAirFilterPressure": 0,
        "extractAirFilterPressure": 10,
        "operationMode": 15,
        "heatExchangerRegulator": 10000,
        "RhxEfficiency": 8403
    },
    {
        "timestamp": "2025-02-22T19:50:02.917180",
        "co2": 443,
        "supplyAirflow": 202,
        "extractAirflow": 201,
        "supplyAirDuctPressure": 13,
        "extractAirDuctPressure": 15,
        "supplyAirFanSpeedLevel": 1487,
        "extractAirFanSpeedLevel": 1176,
        "SFP": 4,
        "supplyAirTemperature": 3373,
        "extractAirTemperature": 2143,
        "outdoorTemperature": 356,
        "reheatLevel": 2512,
        "coolingLevel": 0,
        "supplyAirFilterPressure": 0,
        "extractAirFilterPressure": 10,
        "operationMode": 15,
        "heatExchangerRegulator": 10000,
        "RhxEfficiency": 8400
    },
    {
        "timestamp": "2025-02-22T20:00:02.694508",
        "co2": 443,
        "supplyAirflow": 202,
        "extractAirflow": 201,
        "supplyAirDuctPressure": 11,
        "extractAirDuctPressure": 15,
        "supplyAirFanSpeedLevel": 1422,
        "extractAirFanSpeedLevel": 1191,
        "SFP": 4,
        "supplyAirTemperature": 1638,
        "extractAirTemperature": 2144,
        "outdoorTemperature": 349,
        "reheatLevel": 2512,
        "coolingLevel": 0,
        "supplyAirFilterPressure": 0,
        "extractAirFilterPressure": 10,
        "operationMode": 15,
        "heatExchangerRegulator": 10000,
        "RhxEfficiency": 8400
    },
    {
        "timestamp": "2025-02-22T20:10:02.796573",
        "co2": 448,
        "supplyAirflow": 202,
        "extractAirflow": 201,
        "supplyAirDuctPressure": 14,
        "extractAirDuctPressure": 15,
        "supplyAirFanSpeedLevel": 1479,
        "extractAirFanSpeedLevel": 1180,
        "SFP": 4,
        "supplyAirTemperature": 3844,
        "extractAirTemperature": 2143,
        "outdoorTemperature": 343,
        "reheatLevel": 0,
        "coolingLevel": 0,
        "supplyAirFilterPressure": 0,
        "extractAirFilterPressure": 10,
        "operationMode": 15,
        "heatExchangerRegulator": 10000,
        "RhxEfficiency": 8399
    },
    {
        "timestamp": "2025-02-22T20:20:02.677430",
        "co2": 451,
        "supplyAirflow": 197,
        "extractAirflow": 201,
        "supplyAirDuctPressure": 13,
        "extractAirDuctPressure": 15,
        "supplyAirFanSpeedLevel": 1450,
        "extractAirFanSpeedLevel": 1185,
        "SFP": 4,
        "supplyAirTemperature": 1940,
        "extractAirTemperature": 2150,
        "outdoorTemperature": 350,
        "reheatLevel": 2500,
        "coolingLevel": 0,
        "supplyAirFilterPressure": 0,
        "extractAirFilterPressure": 10,
        "operationMode": 15,
        "heatExchangerRegulator": 10000,
        "RhxEfficiency": 8404
    },
    {
        "timestamp": "2025-02-22T20:30:02.579341",
        "co2": 453,
        "supplyAirflow": 202,
        "extractAirflow": 201,
        "supplyAirDuctPressure": 13,
        "extractAirDuctPressure": 15,
        "supplyAirFanSpeedLevel": 1434,
        "extractAirFanSpeedLevel": 1198,
        "SFP": 4,
        "supplyAirTemperature": 2771,
        "extractAirTemperature": 2144,
        "outdoorTemperature": 381,
        "reheatLevel": 0,
        "coolingLevel": 0,
        "supplyAirFilterPressure": 0,
        "extractAirFilterPressure": 11,
        "operationMode": 15,
        "heatExchangerRegulator": 10000,
        "RhxEfficiency": 8400
    },
    {
        "timestamp": "2025-02-22T20:40:02.564509",
        "co2": 446,
        "supplyAirflow": 202,
        "extractAirflow": 201,
        "supplyAirDuctPressure": 14,
        "extractAirDuctPressure": 15,
        "supplyAirFanSpeedLevel": 1473,
        "extractAirFanSpeedLevel": 1187,
        "SFP": 4,
        "supplyAirTemperature": 2539,
        "extractAirTemperature": 2149,
        "outdoorTemperature": 368,
        "reheatLevel": 2512,
        "coolingLevel": 0,
        "supplyAirFilterPressure": 0,
        "extractAirFilterPressure": 10,
        "operationMode": 15,
        "heatExchangerRegulator": 10000,
        "RhxEfficiency": 8404
    },
    {
        "timestamp": "2025-02-22T20:50:02.390658",
        "co2": 448,
        "supplyAirflow": 202,
        "extractAirflow": 201,
        "supplyAirDuctPressure": 11,
        "extractAirDuctPressure": 15,
        "supplyAirFanSpeedLevel": 1395,
        "extractAirFanSpeedLevel": 1181,
        "SFP": 4,
        "supplyAirTemperature": 2302,
        "extractAirTemperature": 2144,
        "outdoorTemperature": 356,
        "reheatLevel": 0,
        "coolingLevel": 0,
        "supplyAirFilterPressure": 0,
        "extractAirFilterPressure": 10,
        "operationMode": 15,
        "heatExchangerRegulator": 10000,
        "RhxEfficiency": 8400
    },
    {
        "timestamp": "2025-02-22T21:00:02.234314",
        "co2": 452,
        "supplyAirflow": 202,
        "extractAirflow": 201,
        "supplyAirDuctPressure": 14,
        "extractAirDuctPressure": 15,
        "supplyAirFanSpeedLevel": 1478,
        "extractAirFanSpeedLevel": 1181,
        "SFP": 4,
        "supplyAirTemperature": 2994,
        "extractAirTemperature": 2143,
        "outdoorTemperature": 343,
        "reheatLevel": 2512,
        "coolingLevel": 0,
        "supplyAirFilterPressure": 0,
        "extractAirFilterPressure": 10,
        "operationMode": 15,
        "heatExchangerRegulator": 10000,
        "RhxEfficiency": 8400
    },
    {
        "timestamp": "2025-02-22T21:10:03.074289",
        "co2": 448,
        "supplyAirflow": 202,
        "extractAirflow": 201,
        "supplyAirDuctPressure": 12,
        "extractAirDuctPressure": 15,
        "supplyAirFanSpeedLevel": 1403,
        "extractAirFanSpeedLevel": 1186,
        "SFP": 4,
        "supplyAirTemperature": 1318,
        "extractAirTemperature": 2150,
        "outdoorTemperature": 348,
        "reheatLevel": 2512,
        "coolingLevel": 0,
        "supplyAirFilterPressure": 0,
        "extractAirFilterPressure": 11,
        "operationMode": 15,
        "heatExchangerRegulator": 10000,
        "RhxEfficiency": 8406
    },
    {
        "timestamp": "2025-02-22T21:20:02.898897",
        "co2": 446,
        "supplyAirflow": 202,
        "extractAirflow": 201,
        "supplyAirDuctPressure": 14,
        "extractAirDuctPressure": 15,
        "supplyAirFanSpeedLevel": 1501,
        "extractAirFanSpeedLevel": 1187,
        "SFP": 4,
        "supplyAirTemperature": 3381,
        "extractAirTemperature": 2143,
        "outdoorTemperature": 381,
        "reheatLevel": 2512,
        "coolingLevel": 0,
        "supplyAirFilterPressure": 0,
        "extractAirFilterPressure": 11,
        "operationMode": 15,
        "heatExchangerRegulator": 10000,
        "RhxEfficiency": 8400
    },
    {
        "timestamp": "2025-02-22T21:30:02.863621",
        "co2": 445,
        "supplyAirflow": 197,
        "extractAirflow": 201,
        "supplyAirDuctPressure": 12,
        "extractAirDuctPressure": 15,
        "supplyAirFanSpeedLevel": 1410,
        "extractAirFanSpeedLevel": 1181,
        "SFP": 4,
        "supplyAirTemperature": 1547,
        "extractAirTemperature": 2150,
        "outdoorTemperature": 368,
        "reheatLevel": 2500,
        "coolingLevel": 0,
        "supplyAirFilterPressure": 0,
        "extractAirFilterPressure": 10,
        "operationMode": 15,
        "heatExchangerRegulator": 10000,
        "RhxEfficiency": 8401
    },
    {
        "timestamp": "2025-02-22T21:40:02.712825",
        "co2": 446,
        "supplyAirflow": 202,
        "extractAirflow": 201,
        "supplyAirDuctPressure": 16,
        "extractAirDuctPressure": 15,
        "supplyAirFanSpeedLevel": 1507,
        "extractAirFanSpeedLevel": 1181,
        "SFP": 4,
        "supplyAirTemperature": 3805,
        "extractAirTemperature": 2143,
        "outdoorTemperature": 374,
        "reheatLevel": 0,
        "coolingLevel": 0,
        "supplyAirFilterPressure": 0,
        "extractAirFilterPressure": 10,
        "operationMode": 15,
        "heatExchangerRegulator": 10000,
        "RhxEfficiency": 8400
    },
    {
        "timestamp": "2025-02-22T21:50:02.617892",
        "co2": 442,
        "supplyAirflow": 202,
        "extractAirflow": 201,
        "supplyAirDuctPressure": 12,
        "extractAirDuctPressure": 15,
        "supplyAirFanSpeedLevel": 1430,
        "extractAirFanSpeedLevel": 1179,
        "SFP": 4,
        "supplyAirTemperature": 1858,
        "extractAirTemperature": 2150,
        "outdoorTemperature": 381,
        "reheatLevel": 2512,
        "coolingLevel": 0,
        "supplyAirFilterPressure": 0,
        "extractAirFilterPressure": 11,
        "operationMode": 15,
        "heatExchangerRegulator": 10000,
        "RhxEfficiency": 8400
    },
    {
        "timestamp": "2025-02-22T22:00:02.434743",
        "co2": 441,
        "supplyAirflow": 202,
        "extractAirflow": 201,
        "supplyAirDuctPressure": 13,
        "extractAirDuctPressure": 15,
        "supplyAirFanSpeedLevel": 1435,
        "extractAirFanSpeedLevel": 1173,
        "SFP": 4,
        "supplyAirTemperature": 2880,
        "extractAirTemperature": 2149,
        "outdoorTemperature": 337,
        "reheatLevel": 0,
        "coolingLevel": 0,
        "supplyAirFilterPressure": 0,
        "extractAirFilterPressure": 11,
        "operationMode": 15,
        "heatExchangerRegulator": 10000,
        "RhxEfficiency": 8400
    },
    {
        "timestamp": "2025-02-22T22:10:02.273965",
        "co2": 444,
        "supplyAirflow": 202,
        "extractAirflow": 201,
        "supplyAirDuctPressure": 13,
        "extractAirDuctPressure": 15,
        "supplyAirFanSpeedLevel": 1464,
        "extractAirFanSpeedLevel": 1179,
        "SFP": 4,
        "supplyAirTemperature": 2466,
        "extractAirTemperature": 2150,
        "outdoorTemperature": 356,
        "reheatLevel": 2512,
        "coolingLevel": 0,
        "supplyAirFilterPressure": 0,
        "extractAirFilterPressure": 10,
        "operationMode": 15,
        "heatExchangerRegulator": 10000,
        "RhxEfficiency": 8400
    },
    {
        "timestamp": "2025-02-22T22:20:03.070275",
        "co2": 450,
        "supplyAirflow": 206,
        "extractAirflow": 201,
        "supplyAirDuctPressure": 12,
        "extractAirDuctPressure": 15,
        "supplyAirFanSpeedLevel": 1405,
        "extractAirFanSpeedLevel": 1180,
        "SFP": 4,
        "supplyAirTemperature": 2400,
        "extractAirTemperature": 2146,
        "outdoorTemperature": 331,
        "reheatLevel": 0,
        "coolingLevel": 0,
        "supplyAirFilterPressure": 0,
        "extractAirFilterPressure": 11,
        "operationMode": 15,
        "heatExchangerRegulator": 10000,
        "RhxEfficiency": 8400
    },
    {
        "timestamp": "2025-02-22T22:30:02.939957",
        "co2": 444,
        "supplyAirflow": 202,
        "extractAirflow": 201,
        "supplyAirDuctPressure": 16,
        "extractAirDuctPressure": 15,
        "supplyAirFanSpeedLevel": 1485,
        "extractAirFanSpeedLevel": 1180,
        "SFP": 4,
        "supplyAirTemperature": 2924,
        "extractAirTemperature": 2143,
        "outdoorTemperature": 356,
        "reheatLevel": 2512,
        "coolingLevel": 0,
        "supplyAirFilterPressure": 0,
        "extractAirFilterPressure": 10,
        "operationMode": 15,
        "heatExchangerRegulator": 10000,
        "RhxEfficiency": 8401
    },
    {
        "timestamp": "2025-02-22T22:40:02.721399",
        "co2": 449,
        "supplyAirflow": 197,
        "extractAirflow": 201,
        "supplyAirDuctPressure": 11,
        "extractAirDuctPressure": 15,
        "supplyAirFanSpeedLevel": 1378,
        "extractAirFanSpeedLevel": 1184,
        "SFP": 4,
        "supplyAirTemperature": 1397,
        "extractAirTemperature": 2144,
        "outdoorTemperature": 318,
        "reheatLevel": 1666,
        "coolingLevel": 0,
        "supplyAirFilterPressure": 0,
        "extractAirFilterPressure": 11,
        "operationMode": 15,
        "heatExchangerRegulator": 10000,
        "RhxEfficiency": 8402
    },
    {
        "timestamp": "2025-02-22T22:50:02.583299",
        "co2": 445,
        "supplyAirflow": 202,
        "extractAirflow": 201,
        "supplyAirDuctPressure": 14,
        "extractAirDuctPressure": 15,
        "supplyAirFanSpeedLevel": 1475,
        "extractAirFanSpeedLevel": 1171,
        "SFP": 4,
        "supplyAirTemperature": 3287,
        "extractAirTemperature": 2143,
        "outdoorTemperature": 306,
        "reheatLevel": 2512,
        "coolingLevel": 0,
        "supplyAirFilterPressure": 0,
        "extractAirFilterPressure": 11,
        "operationMode": 15,
        "heatExchangerRegulator": 10000,
        "RhxEfficiency": 8399
    },
    {
        "timestamp": "2025-02-22T23:00:02.330442",
        "co2": 443,
        "supplyAirflow": 202,
        "extractAirflow": 201,
        "supplyAirDuctPressure": 11,
        "extractAirDuctPressure": 15,
        "supplyAirFanSpeedLevel": 1417,
        "extractAirFanSpeedLevel": 1180,
        "SFP": 4,
        "supplyAirTemperature": 1581,
        "extractAirTemperature": 2144,
        "outdoorTemperature": 328,
        "reheatLevel": 2512,
        "coolingLevel": 0,
        "supplyAirFilterPressure": 0,
        "extractAirFilterPressure": 10,
        "operationMode": 15,
        "heatExchangerRegulator": 10000,
        "RhxEfficiency": 8400
    },
    {
        "timestamp": "2025-02-22T23:10:02.833499",
        "co2": 451,
        "supplyAirflow": 202,
        "extractAirflow": 201,
        "supplyAirDuctPressure": 15,
        "extractAirDuctPressure": 15,
        "supplyAirFanSpeedLevel": 1496,
        "extractAirFanSpeedLevel": 1178,
        "SFP": 4,
        "supplyAirTemperature": 3750,
        "extractAirTemperature": 2143,
        "outdoorTemperature": 306,
        "reheatLevel": 0,
        "coolingLevel": 0,
        "supplyAirFilterPressure": 0,
        "extractAirFilterPressure": 10,
        "operationMode": 15,
        "heatExchangerRegulator": 10000,
        "RhxEfficiency": 8399
    },
    {
        "timestamp": "2025-02-22T23:20:02.821476",
        "co2": 452,
        "supplyAirflow": 202,
        "extractAirflow": 201,
        "supplyAirDuctPressure": 12,
        "extractAirDuctPressure": 15,
        "supplyAirFanSpeedLevel": 1438,
        "extractAirFanSpeedLevel": 1178,
        "SFP": 4,
        "supplyAirTemperature": 2038,
        "extractAirTemperature": 2144,
        "outdoorTemperature": 312,
        "reheatLevel": 2512,
        "coolingLevel": 0,
        "supplyAirFilterPressure": 0,
        "extractAirFilterPressure": 10,
        "operationMode": 15,
        "heatExchangerRegulator": 10000,
        "RhxEfficiency": 8400
    },
    {
        "timestamp": "2025-02-22T23:30:02.776810",
        "co2": 453,
        "supplyAirflow": 206,
        "extractAirflow": 201,
        "supplyAirDuctPressure": 13,
        "extractAirDuctPressure": 16,
        "supplyAirFanSpeedLevel": 1440,
        "extractAirFanSpeedLevel": 1187,
        "SFP": 4,
        "supplyAirTemperature": 2701,
        "extractAirTemperature": 2144,
        "outdoorTemperature": 300,
        "reheatLevel": 0,
        "coolingLevel": 0,
        "supplyAirFilterPressure": 0,
        "extractAirFilterPressure": 10,
        "operationMode": 15,
        "heatExchangerRegulator": 10000,
        "RhxEfficiency": 8400
    },
    {
        "timestamp": "2025-02-22T23:40:02.647735",
        "co2": 456,
        "supplyAirflow": 202,
        "extractAirflow": 201,
        "supplyAirDuctPressure": 14,
        "extractAirDuctPressure": 15,
        "supplyAirFanSpeedLevel": 1476,
        "extractAirFanSpeedLevel": 1180,
        "SFP": 4,
        "supplyAirTemperature": 2611,
        "extractAirTemperature": 2149,
        "outdoorTemperature": 293,
        "reheatLevel": 2512,
        "coolingLevel": 0,
        "supplyAirFilterPressure": 0,
        "extractAirFilterPressure": 11,
        "operationMode": 15,
        "heatExchangerRegulator": 10000,
        "RhxEfficiency": 8401
    },
    {
        "timestamp": "2025-02-22T23:50:02.374220",
        "co2": 457,
        "supplyAirflow": 202,
        "extractAirflow": 201,
        "supplyAirDuctPressure": 11,
        "extractAirDuctPressure": 15,
        "supplyAirFanSpeedLevel": 1382,
        "extractAirFanSpeedLevel": 1189,
        "SFP": 4,
        "supplyAirTemperature": 2104,
        "extractAirTemperature": 2144,
        "outdoorTemperature": 294,
        "reheatLevel": 0,
        "coolingLevel": 0,
        "supplyAirFilterPressure": 0,
        "extractAirFilterPressure": 11,
        "operationMode": 15,
        "heatExchangerRegulator": 10000,
        "RhxEfficiency": 8402
    }
]