[
    {
        "timestamp": "2025-02-12T00:00:01.914493",
        "co2": 447,
        "co2_sensor_data": 0,
        "outdoor_temperature": 5980,
        "supply_air_flow_pressure": 0,
        "supply_air_flow": 14,
        "ahu_filter_pressure_level": 2553,
        "fan_levels": 10000,
        "reheat_regulation_level": 0,
        "cooling_regulation_level": 0,
        "duct_pressure": 0,
        "voc_level": 0,
        "rhx_operation_level": 8398,
        "rhx_efficiency": 0,
        "rhx_defrost_pressure_level": 0,
        "heat_exchanger_regulator_lvl": 0,
        "room_temp_set_point": 16,
        "min_temperature_set_point": 0,
        "max_temperature_set_point": 0
    },
    {
        "timestamp": "2025-02-12T00:10:01.956357",
        "co2": 445,
        "co2_sensor_data": 0,
        "outdoor_temperature": 5980,
        "supply_air_flow_pressure": 0,
        "supply_air_flow": 14,
        "ahu_filter_pressure_level": 2366,
        "fan_levels": 10000,
        "reheat_regulation_level": 0,
        "cooling_regulation_level": 0,
        "duct_pressure": 0,
        "voc_level": 0,
        "rhx_operation_level": 8400,
        "rhx_efficiency": 0,
        "rhx_defrost_pressure_level": 0,
        "heat_exchanger_regulator_lvl": 0,
        "room_temp_set_point": 16,
        "min_temperature_set_point": 0,
        "max_temperature_set_point": 0
    },
    {
        "timestamp": "2025-02-12T00:20:02.075590",
        "co2": 443,
        "co2_sensor_data": 0,
        "outdoor_temperature": 5980,
        "supply_air_flow_pressure": 0,
        "supply_air_flow": 14,
        "ahu_filter_pressure_level": 3681,
        "fan_levels": 6450,
        "reheat_regulation_level": 0,
        "cooling_regulation_level": 0,
        "duct_pressure": 0,
        "voc_level": 0,
        "rhx_operation_level": 8394,
        "rhx_efficiency": 0,
        "rhx_defrost_pressure_level": 0,
        "heat_exchanger_regulator_lvl": 0,
        "room_temp_set_point": 16,
        "min_temperature_set_point": 0,
        "max_temperature_set_point": 0
    },
    {
        "timestamp": "2025-02-12T00:30:02.131526",
        "co2": 445,
        "co2_sensor_data": 0,
        "outdoor_temperature": 5980,
        "supply_air_flow_pressure": 0,
        "supply_air_flow": 14,
        "ahu_filter_pressure_level": 3216,
        "fan_levels": 10000,
        "reheat_regulation_level": 0,
        "cooling_regulation_level": 0,
        "duct_pressure": 0,
        "voc_level": 0,
        "rhx_operation_level": 8399,
        "rhx_efficiency": 0,
        "rhx_defrost_pressure_level": 0,
        "heat_exchanger_regulator_lvl": 0,
        "room_temp_set_point": 16,
        "min_temperature_set_point": 0,
        "max_temperature_set_point": 0
    },
    {
        "timestamp": "2025-02-12T00:40:01.175481",
        "co2": 442,
        "co2_sensor_data": 0,
        "outdoor_temperature": 5980,
        "supply_air_flow_pressure": 0,
        "supply_air_flow": 14,
        "ahu_filter_pressure_level": 2782,
        "fan_levels": 10000,
        "reheat_regulation_level": 0,
        "cooling_regulation_level": 0,
        "duct_pressure": 0,
        "voc_level": 0,
        "rhx_operation_level": 8400,
        "rhx_efficiency": 0,
        "rhx_defrost_pressure_level": 0,
        "heat_exchanger_regulator_lvl": 0,
        "room_temp_set_point": 16,
        "min_temperature_set_point": 0,
        "max_temperature_set_point": 0
    },
    {
        "timestamp": "2025-02-12T00:50:01.374470",
        "co2": 443,
        "co2_sensor_data": 0,
        "outdoor_temperature": 5980,
        "supply_air_flow_pressure": 0,
        "supply_air_flow": 14,
        "ahu_filter_pressure_level": 2201,
        "fan_levels": 10000,
        "reheat_regulation_level": 0,
        "cooling_regulation_level": 0,
        "duct_pressure": 0,
        "voc_level": 0,
        "rhx_operation_level": 8401,
        "rhx_efficiency": 0,
        "rhx_defrost_pressure_level": 0,
        "heat_exchanger_regulator_lvl": 0,
        "room_temp_set_point": 16,
        "min_temperature_set_point": 0,
        "max_temperature_set_point": 0
    },
    {
        "timestamp": "2025-02-12T01:00:01.603061",
        "co2": 442,
        "co2_sensor_data": 0,
        "outdoor_temperature": 5980,
        "supply_air_flow_pressure": 0,
        "supply_air_flow": 14,
        "ahu_filter_pressure_level": 3411,
        "fan_levels": 10000,
        "reheat_regulation_level": 0,
        "cooling_regulation_level": 0,
        "duct_pressure": 0,
        "voc_level": 0,
        "rhx_operation_level": 8397,
        "rhx_efficiency": 0,
        "rhx_defrost_pressure_level": 0,
        "heat_exchanger_regulator_lvl": 0,
        "room_temp_set_point": 16,
        "min_temperature_set_point": 0,
        "max_temperature_set_point": 0
    },
    {
        "timestamp": "2025-02-12T01:10:02.063156",
        "co2": 444,
        "co2_sensor_data": 0,
        "outdoor_temperature": 5980,
        "supply_air_flow_pressure": 0,
        "supply_air_flow": 14,
        "ahu_filter_pressure_level": 2223,
        "fan_levels": 10000,
        "reheat_regulation_level": 0,
        "cooling_regulation_level": 0,
        "duct_pressure": 0,
        "voc_level": 0,
        "rhx_operation_level": 8400,
        "rhx_efficiency": 0,
        "rhx_defrost_pressure_level": 0,
        "heat_exchanger_regulator_lvl": 0,
        "room_temp_set_point": 16,
        "min_temperature_set_point": 0,
        "max_temperature_set_point": 0
    },
    {
        "timestamp": "2025-02-12T01:20:01.200021",
        "co2": 446,
        "co2_sensor_data": 0,
        "outdoor_temperature": 5980,
        "supply_air_flow_pressure": 0,
        "supply_air_flow": 14,
        "ahu_filter_pressure_level": 2599,
        "fan_levels": 10000,
        "reheat_regulation_level": 0,
        "cooling_regulation_level": 0,
        "duct_pressure": 0,
        "voc_level": 0,
        "rhx_operation_level": 8398,
        "rhx_efficiency": 0,
        "rhx_defrost_pressure_level": 0,
        "heat_exchanger_regulator_lvl": 0,
        "room_temp_set_point": 16,
        "min_temperature_set_point": 0,
        "max_temperature_set_point": 0
    },
    {
        "timestamp": "2025-02-12T01:30:02.060069",
        "co2": 444,
        "co2_sensor_data": 0,
        "outdoor_temperature": 5980,
        "supply_air_flow_pressure": 0,
        "supply_air_flow": 14,
        "ahu_filter_pressure_level": 3661,
        "fan_levels": 10000,
        "reheat_regulation_level": 0,
        "cooling_regulation_level": 0,
        "duct_pressure": 0,
        "voc_level": 0,
        "rhx_operation_level": 8396,
        "rhx_efficiency": 0,
        "rhx_defrost_pressure_level": 0,
        "heat_exchanger_regulator_lvl": 0,
        "room_temp_set_point": 16,
        "min_temperature_set_point": 0,
        "max_temperature_set_point": 0
    },
    {
        "timestamp": "2025-02-12T01:40:02.063870",
        "co2": 444,
        "co2_sensor_data": 0,
        "outdoor_temperature": 5980,
        "supply_air_flow_pressure": 0,
        "supply_air_flow": 14,
        "ahu_filter_pressure_level": 3011,
        "fan_levels": 10000,
        "reheat_regulation_level": 0,
        "cooling_regulation_level": 0,
        "duct_pressure": 0,
        "voc_level": 0,
        "rhx_operation_level": 8400,
        "rhx_efficiency": 0,
        "rhx_defrost_pressure_level": 0,
        "heat_exchanger_regulator_lvl": 0,
        "room_temp_set_point": 16,
        "min_temperature_set_point": 0,
        "max_temperature_set_point": 0
    },
    {
        "timestamp": "2025-02-12T01:50:01.910535",
        "co2": 441,
        "co2_sensor_data": 0,
        "outdoor_temperature": 5980,
        "supply_air_flow_pressure": 0,
        "supply_air_flow": 14,
        "ahu_filter_pressure_level": 2644,
        "fan_levels": 10000,
        "reheat_regulation_level": 0,
        "cooling_regulation_level": 0,
        "duct_pressure": 0,
        "voc_level": 0,
        "rhx_operation_level": 8400,
        "rhx_efficiency": 0,
        "rhx_defrost_pressure_level": 0,
        "heat_exchanger_regulator_lvl": 0,
        "room_temp_set_point": 16,
        "min_temperature_set_point": 0,
        "max_temperature_set_point": 0
    },
    {
        "timestamp": "2025-02-12T02:00:01.880617",
        "co2": 437,
        "co2_sensor_data": 0,
        "outdoor_temperature": 5980,
        "supply_air_flow_pressure": 0,
        "supply_air_flow": 14,
        "ahu_filter_pressure_level": 2310,
        "fan_levels": 10000,
        "reheat_regulation_level": 0,
        "cooling_regulation_level": 0,
        "duct_pressure": 0,
        "voc_level": 0,
        "rhx_operation_level": 8402,
        "rhx_efficiency": 0,
        "rhx_defrost_pressure_level": 0,
        "heat_exchanger_regulator_lvl": 0,
        "room_temp_set_point": 16,
        "min_temperature_set_point": 0,
        "max_temperature_set_point": 0
    },
    {
        "timestamp": "2025-02-12T02:10:01.917343",
        "co2": 441,
        "co2_sensor_data": 0,
        "outdoor_temperature": 5980,
        "supply_air_flow_pressure": 0,
        "supply_air_flow": 14,
        "ahu_filter_pressure_level": 3260,
        "fan_levels": 8540,
        "reheat_regulation_level": 0,
        "cooling_regulation_level": 0,
        "duct_pressure": 0,
        "voc_level": 0,
        "rhx_operation_level": 8398,
        "rhx_efficiency": 0,
        "rhx_defrost_pressure_level": 0,
        "heat_exchanger_regulator_lvl": 0,
        "room_temp_set_point": 16,
        "min_temperature_set_point": 0,
        "max_temperature_set_point": 0
    },
    {
        "timestamp": "2025-02-12T02:20:01.867705",
        "co2": 443,
        "co2_sensor_data": 0,
        "outdoor_temperature": 5980,
        "supply_air_flow_pressure": 0,
        "supply_air_flow": 14,
        "ahu_filter_pressure_level": 3365,
        "fan_levels": 10000,
        "reheat_regulation_level": 0,
        "cooling_regulation_level": 0,
        "duct_pressure": 0,
        "voc_level": 0,
        "rhx_operation_level": 8401,
        "rhx_efficiency": 0,
        "rhx_defrost_pressure_level": 0,
        "heat_exchanger_regulator_lvl": 0,
        "room_temp_set_point": 16,
        "min_temperature_set_point": 0,
        "max_temperature_set_point": 0
    },
    {
        "timestamp": "2025-02-12T02:30:01.872634",
        "co2": 439,
        "co2_sensor_data": 0,
        "outdoor_temperature": 5980,
        "supply_air_flow_pressure": 0,
        "supply_air_flow": 14,
        "ahu_filter_pressure_level": 2831,
        "fan_levels": 10000,
        "reheat_regulation_level": 0,
        "cooling_regulation_level": 0,
        "duct_pressure": 0,
        "voc_level": 0,
        "rhx_operation_level": 8399,
        "rhx_efficiency": 0,
        "rhx_defrost_pressure_level": 0,
        "heat_exchanger_regulator_lvl": 0,
        "room_temp_set_point": 16,
        "min_temperature_set_point": 0,
        "max_temperature_set_point": 0
    },
    {
        "timestamp": "2025-02-12T02:40:01.876305",
        "co2": 443,
        "co2_sensor_data": 0,
        "outdoor_temperature": 5980,
        "supply_air_flow_pressure": 0,
        "supply_air_flow": 14,
        "ahu_filter_pressure_level": 2522,
        "fan_levels": 10000,
        "reheat_regulation_level": 0,
        "cooling_regulation_level": 0,
        "duct_pressure": 0,
        "voc_level": 0,
        "rhx_operation_level": 8399,
        "rhx_efficiency": 0,
        "rhx_defrost_pressure_level": 0,
        "heat_exchanger_regulator_lvl": 0,
        "room_temp_set_point": 16,
        "min_temperature_set_point": 0,
        "max_temperature_set_point": 0
    },
    {
        "timestamp": "2025-02-12T02:50:01.912416",
        "co2": 436,
        "co2_sensor_data": 0,
        "outdoor_temperature": 5980,
        "supply_air_flow_pressure": 0,
        "supply_air_flow": 14,
        "ahu_filter_pressure_level": 2554,
        "fan_levels": 10000,
        "reheat_regulation_level": 0,
        "cooling_regulation_level": 0,
        "duct_pressure": 0,
        "voc_level": 0,
        "rhx_operation_level": 8402,
        "rhx_efficiency": 0,
        "rhx_defrost_pressure_level": 0,
        "heat_exchanger_regulator_lvl": 0,
        "room_temp_set_point": 16,
        "min_temperature_set_point": 0,
        "max_temperature_set_point": 0
    },
    {
        "timestamp": "2025-02-12T03:00:02.001274",
        "co2": 436,
        "co2_sensor_data": 0,
        "outdoor_temperature": 5980,
        "supply_air_flow_pressure": 0,
        "supply_air_flow": 14,
        "ahu_filter_pressure_level": 3690,
        "fan_levels": 8665,
        "reheat_regulation_level": 0,
        "cooling_regulation_level": 0,
        "duct_pressure": 0,
        "voc_level": 0,
        "rhx_operation_level": 8402,
        "rhx_efficiency": 0,
        "rhx_defrost_pressure_level": 0,
        "heat_exchanger_regulator_lvl": 0,
        "room_temp_set_point": 16,
        "min_temperature_set_point": 0,
        "max_temperature_set_point": 0
    },
    {
        "timestamp": "2025-02-12T03:10:02.006830",
        "co2": 436,
        "co2_sensor_data": 0,
        "outdoor_temperature": 5981,
        "supply_air_flow_pressure": 0,
        "supply_air_flow": 14,
        "ahu_filter_pressure_level": 3063,
        "fan_levels": 10000,
        "reheat_regulation_level": 0,
        "cooling_regulation_level": 0,
        "duct_pressure": 0,
        "voc_level": 0,
        "rhx_operation_level": 8400,
        "rhx_efficiency": 0,
        "rhx_defrost_pressure_level": 0,
        "heat_exchanger_regulator_lvl": 0,
        "room_temp_set_point": 16,
        "min_temperature_set_point": 0,
        "max_temperature_set_point": 0
    },
    {
        "timestamp": "2025-02-12T03:20:01.875635",
        "co2": 435,
        "co2_sensor_data": 0,
        "outdoor_temperature": 5981,
        "supply_air_flow_pressure": 0,
        "supply_air_flow": 14,
        "ahu_filter_pressure_level": 2716,
        "fan_levels": 10000,
        "reheat_regulation_level": 0,
        "cooling_regulation_level": 0,
        "duct_pressure": 0,
        "voc_level": 0,
        "rhx_operation_level": 8400,
        "rhx_efficiency": 0,
        "rhx_defrost_pressure_level": 0,
        "heat_exchanger_regulator_lvl": 0,
        "room_temp_set_point": 16,
        "min_temperature_set_point": 0,
        "max_temperature_set_point": 0
    },
    {
        "timestamp": "2025-02-12T03:30:01.790068",
        "co2": 437,
        "co2_sensor_data": 0,
        "outdoor_temperature": 5981,
        "supply_air_flow_pressure": 0,
        "supply_air_flow": 14,
        "ahu_filter_pressure_level": 2323,
        "fan_levels": 10000,
        "reheat_regulation_level": 0,
        "cooling_regulation_level": 0,
        "duct_pressure": 0,
        "voc_level": 0,
        "rhx_operation_level": 8400,
        "rhx_efficiency": 0,
        "rhx_defrost_pressure_level": 0,
        "heat_exchanger_regulator_lvl": 0,
        "room_temp_set_point": 16,
        "min_temperature_set_point": 0,
        "max_temperature_set_point": 0
    },
    {
        "timestamp": "2025-02-12T03:40:01.657663",
        "co2": 434,
        "co2_sensor_data": 0,
        "outdoor_temperature": 5981,
        "supply_air_flow_pressure": 0,
        "supply_air_flow": 14,
        "ahu_filter_pressure_level": 3445,
        "fan_levels": 7848,
        "reheat_regulation_level": 0,
        "cooling_regulation_level": 0,
        "duct_pressure": 0,
        "voc_level": 0,
        "rhx_operation_level": 8400,
        "rhx_efficiency": 0,
        "rhx_defrost_pressure_level": 0,
        "heat_exchanger_regulator_lvl": 0,
        "room_temp_set_point": 16,
        "min_temperature_set_point": 0,
        "max_temperature_set_point": 0
    },
    {
        "timestamp": "2025-02-12T03:50:01.568603",
        "co2": 437,
        "co2_sensor_data": 0,
        "outdoor_temperature": 5981,
        "supply_air_flow_pressure": 0,
        "supply_air_flow": 14,
        "ahu_filter_pressure_level": 2646,
        "fan_levels": 10000,
        "reheat_regulation_level": 0,
        "cooling_regulation_level": 0,
        "duct_pressure": 0,
        "voc_level": 0,
        "rhx_operation_level": 8401,
        "rhx_efficiency": 0,
        "rhx_defrost_pressure_level": 0,
        "heat_exchanger_regulator_lvl": 0,
        "room_temp_set_point": 16,
        "min_temperature_set_point": 0,
        "max_temperature_set_point": 0
    },
    {
        "timestamp": "2025-02-12T04:00:01.512373",
        "co2": 435,
        "co2_sensor_data": 0,
        "outdoor_temperature": 5981,
        "supply_air_flow_pressure": 0,
        "supply_air_flow": 14,
        "ahu_filter_pressure_level": 2281,
        "fan_levels": 10000,
        "reheat_regulation_level": 0,
        "cooling_regulation_level": 0,
        "duct_pressure": 0,
        "voc_level": 0,
        "rhx_operation_level": 8399,
        "rhx_efficiency": 0,
        "rhx_defrost_pressure_level": 0,
        "heat_exchanger_regulator_lvl": 0,
        "room_temp_set_point": 16,
        "min_temperature_set_point": 0,
        "max_temperature_set_point": 0
    },
    {
        "timestamp": "2025-02-12T04:10:01.291607",
        "co2": 435,
        "co2_sensor_data": 0,
        "outdoor_temperature": 5981,
        "supply_air_flow_pressure": 0,
        "supply_air_flow": 14,
        "ahu_filter_pressure_level": 3491,
        "fan_levels": 8268,
        "reheat_regulation_level": 0,
        "cooling_regulation_level": 0,
        "duct_pressure": 0,
        "voc_level": 0,
        "rhx_operation_level": 8400,
        "rhx_efficiency": 0,
        "rhx_defrost_pressure_level": 0,
        "heat_exchanger_regulator_lvl": 0,
        "room_temp_set_point": 16,
        "min_temperature_set_point": 0,
        "max_temperature_set_point": 0
    },
    {
        "timestamp": "2025-02-12T04:20:01.313657",
        "co2": 433,
        "co2_sensor_data": 0,
        "outdoor_temperature": 5981,
        "supply_air_flow_pressure": 0,
        "supply_air_flow": 14,
        "ahu_filter_pressure_level": 3159,
        "fan_levels": 10000,
        "reheat_regulation_level": 0,
        "cooling_regulation_level": 0,
        "duct_pressure": 0,
        "voc_level": 0,
        "rhx_operation_level": 8399,
        "rhx_efficiency": 0,
        "rhx_defrost_pressure_level": 0,
        "heat_exchanger_regulator_lvl": 0,
        "room_temp_set_point": 16,
        "min_temperature_set_point": 0,
        "max_temperature_set_point": 0
    },
    {
        "timestamp": "2025-02-12T04:30:01.376683",
        "co2": 437,
        "co2_sensor_data": 0,
        "outdoor_temperature": 5981,
        "supply_air_flow_pressure": 0,
        "supply_air_flow": 14,
        "ahu_filter_pressure_level": 2688,
        "fan_levels": 10000,
        "reheat_regulation_level": 0,
        "cooling_regulation_level": 0,
        "duct_pressure": 0,
        "voc_level": 0,
        "rhx_operation_level": 8415,
        "rhx_efficiency": 0,
        "rhx_defrost_pressure_level": 0,
        "heat_exchanger_regulator_lvl": 0,
        "room_temp_set_point": 16,
        "min_temperature_set_point": 0,
        "max_temperature_set_point": 0
    },
    {
        "timestamp": "2025-02-12T04:40:01.388071",
        "co2": 434,
        "co2_sensor_data": 0,
        "outdoor_temperature": 5981,
        "supply_air_flow_pressure": 0,
        "supply_air_flow": 14,
        "ahu_filter_pressure_level": 2364,
        "fan_levels": 10000,
        "reheat_regulation_level": 0,
        "cooling_regulation_level": 0,
        "duct_pressure": 0,
        "voc_level": 0,
        "rhx_operation_level": 8400,
        "rhx_efficiency": 0,
        "rhx_defrost_pressure_level": 0,
        "heat_exchanger_regulator_lvl": 0,
        "room_temp_set_point": 16,
        "min_temperature_set_point": 0,
        "max_temperature_set_point": 0
    },
    {
        "timestamp": "2025-02-12T04:50:01.455065",
        "co2": 430,
        "co2_sensor_data": 0,
        "outdoor_temperature": 5981,
        "supply_air_flow_pressure": 0,
        "supply_air_flow": 14,
        "ahu_filter_pressure_level": 3606,
        "fan_levels": 10000,
        "reheat_regulation_level": 0,
        "cooling_regulation_level": 0,
        "duct_pressure": 0,
        "voc_level": 0,
        "rhx_operation_level": 8405,
        "rhx_efficiency": 0,
        "rhx_defrost_pressure_level": 0,
        "heat_exchanger_regulator_lvl": 0,
        "room_temp_set_point": 16,
        "min_temperature_set_point": 0,
        "max_temperature_set_point": 0
    },
    {
        "timestamp": "2025-02-12T05:00:01.614182",
        "co2": 436,
        "co2_sensor_data": 0,
        "outdoor_temperature": 5981,
        "supply_air_flow_pressure": 0,
        "supply_air_flow": 14,
        "ahu_filter_pressure_level": 2795,
        "fan_levels": 10000,
        "reheat_regulation_level": 0,
        "cooling_regulation_level": 0,
        "duct_pressure": 0,
        "voc_level": 0,
        "rhx_operation_level": 8400,
        "rhx_efficiency": 0,
        "rhx_defrost_pressure_level": 0,
        "heat_exchanger_regulator_lvl": 0,
        "room_temp_set_point": 16,
        "min_temperature_set_point": 0,
        "max_temperature_set_point": 0
    },
    {
        "timestamp": "2025-02-12T05:10:01.622448",
        "co2": 436,
        "co2_sensor_data": 0,
        "outdoor_temperature": 5981,
        "supply_air_flow_pressure": 0,
        "supply_air_flow": 14,
        "ahu_filter_pressure_level": 2369,
        "fan_levels": 10000,
        "reheat_regulation_level": 0,
        "cooling_regulation_level": 0,
        "duct_pressure": 0,
        "voc_level": 0,
        "rhx_operation_level": 8400,
        "rhx_efficiency": 0,
        "rhx_defrost_pressure_level": 0,
        "heat_exchanger_regulator_lvl": 0,
        "room_temp_set_point": 16,
        "min_temperature_set_point": 0,
        "max_temperature_set_point": 0
    },
    {
        "timestamp": "2025-02-12T05:20:01.604232",
        "co2": 430,
        "co2_sensor_data": 0,
        "outdoor_temperature": 5981,
        "supply_air_flow_pressure": 0,
        "supply_air_flow": 14,
        "ahu_filter_pressure_level": 3466,
        "fan_levels": 10000,
        "reheat_regulation_level": 0,
        "cooling_regulation_level": 0,
        "duct_pressure": 0,
        "voc_level": 0,
        "rhx_operation_level": 8399,
        "rhx_efficiency": 0,
        "rhx_defrost_pressure_level": 0,
        "heat_exchanger_regulator_lvl": 0,
        "room_temp_set_point": 16,
        "min_temperature_set_point": 0,
        "max_temperature_set_point": 0
    },
    {
        "timestamp": "2025-02-12T05:30:01.508915",
        "co2": 435,
        "co2_sensor_data": 0,
        "outdoor_temperature": 5981,
        "supply_air_flow_pressure": 0,
        "supply_air_flow": 14,
        "ahu_filter_pressure_level": 2650,
        "fan_levels": 10000,
        "reheat_regulation_level": 0,
        "cooling_regulation_level": 0,
        "duct_pressure": 0,
        "voc_level": 0,
        "rhx_operation_level": 8412,
        "rhx_efficiency": 0,
        "rhx_defrost_pressure_level": 0,
        "heat_exchanger_regulator_lvl": 0,
        "room_temp_set_point": 16,
        "min_temperature_set_point": 0,
        "max_temperature_set_point": 0
    },
    {
        "timestamp": "2025-02-12T05:40:01.436710",
        "co2": 434,
        "co2_sensor_data": 0,
        "outdoor_temperature": 5981,
        "supply_air_flow_pressure": 0,
        "supply_air_flow": 14,
        "ahu_filter_pressure_level": 3712,
        "fan_levels": 6832,
        "reheat_regulation_level": 0,
        "cooling_regulation_level": 0,
        "duct_pressure": 0,
        "voc_level": 0,
        "rhx_operation_level": 8397,
        "rhx_efficiency": 0,
        "rhx_defrost_pressure_level": 0,
        "heat_exchanger_regulator_lvl": 0,
        "room_temp_set_point": 16,
        "min_temperature_set_point": 0,
        "max_temperature_set_point": 0
    },
    {
        "timestamp": "2025-02-12T05:50:01.489760",
        "co2": 433,
        "co2_sensor_data": 0,
        "outdoor_temperature": 5981,
        "supply_air_flow_pressure": 0,
        "supply_air_flow": 14,
        "ahu_filter_pressure_level": 2878,
        "fan_levels": 10000,
        "reheat_regulation_level": 0,
        "cooling_regulation_level": 0,
        "duct_pressure": 0,
        "voc_level": 0,
        "rhx_operation_level": 8399,
        "rhx_efficiency": 0,
        "rhx_defrost_pressure_level": 0,
        "heat_exchanger_regulator_lvl": 0,
        "room_temp_set_point": 16,
        "min_temperature_set_point": 0,
        "max_temperature_set_point": 0
    },
    {
        "timestamp": "2025-02-12T06:00:01.350989",
        "co2": 434,
        "co2_sensor_data": 0,
        "outdoor_temperature": 5981,
        "supply_air_flow_pressure": 0,
        "supply_air_flow": 14,
        "ahu_filter_pressure_level": 2635,
        "fan_levels": 10000,
        "reheat_regulation_level": 0,
        "cooling_regulation_level": 0,
        "duct_pressure": 0,
        "voc_level": 0,
        "rhx_operation_level": 8398,
        "rhx_efficiency": 0,
        "rhx_defrost_pressure_level": 0,
        "heat_exchanger_regulator_lvl": 0,
        "room_temp_set_point": 16,
        "min_temperature_set_point": 0,
        "max_temperature_set_point": 0
    },
    {
        "timestamp": "2025-02-12T06:10:01.601871",
        "co2": 432,
        "co2_sensor_data": 0,
        "outdoor_temperature": 5981,
        "supply_air_flow_pressure": 0,
        "supply_air_flow": 14,
        "ahu_filter_pressure_level": 3226,
        "fan_levels": 10000,
        "reheat_regulation_level": 0,
        "cooling_regulation_level": 0,
        "duct_pressure": 0,
        "voc_level": 0,
        "rhx_operation_level": 8397,
        "rhx_efficiency": 0,
        "rhx_defrost_pressure_level": 0,
        "heat_exchanger_regulator_lvl": 0,
        "room_temp_set_point": 16,
        "min_temperature_set_point": 0,
        "max_temperature_set_point": 0
    },
    {
        "timestamp": "2025-02-12T06:20:01.691550",
        "co2": 433,
        "co2_sensor_data": 0,
        "outdoor_temperature": 5981,
        "supply_air_flow_pressure": 0,
        "supply_air_flow": 14,
        "ahu_filter_pressure_level": 2453,
        "fan_levels": 10000,
        "reheat_regulation_level": 0,
        "cooling_regulation_level": 0,
        "duct_pressure": 0,
        "voc_level": 0,
        "rhx_operation_level": 8403,
        "rhx_efficiency": 0,
        "rhx_defrost_pressure_level": 0,
        "heat_exchanger_regulator_lvl": 0,
        "room_temp_set_point": 16,
        "min_temperature_set_point": 0,
        "max_temperature_set_point": 0
    },
    {
        "timestamp": "2025-02-12T06:30:01.775935",
        "co2": 431,
        "co2_sensor_data": 0,
        "outdoor_temperature": 5981,
        "supply_air_flow_pressure": 0,
        "supply_air_flow": 14,
        "ahu_filter_pressure_level": 3276,
        "fan_levels": 10000,
        "reheat_regulation_level": 0,
        "cooling_regulation_level": 0,
        "duct_pressure": 0,
        "voc_level": 0,
        "rhx_operation_level": 8407,
        "rhx_efficiency": 0,
        "rhx_defrost_pressure_level": 0,
        "heat_exchanger_regulator_lvl": 0,
        "room_temp_set_point": 16,
        "min_temperature_set_point": 0,
        "max_temperature_set_point": 0
    },
    {
        "timestamp": "2025-02-12T06:40:01.764581",
        "co2": 433,
        "co2_sensor_data": 0,
        "outdoor_temperature": 5981,
        "supply_air_flow_pressure": 0,
        "supply_air_flow": 35,
        "ahu_filter_pressure_level": 3231,
        "fan_levels": 10000,
        "reheat_regulation_level": 0,
        "cooling_regulation_level": 0,
        "duct_pressure": 0,
        "voc_level": 0,
        "rhx_operation_level": 8349,
        "rhx_efficiency": 0,
        "rhx_defrost_pressure_level": 0,
        "heat_exchanger_regulator_lvl": 0,
        "room_temp_set_point": 16,
        "min_temperature_set_point": 0,
        "max_temperature_set_point": 0
    },
    {
        "timestamp": "2025-02-12T06:50:01.700292",
        "co2": 440,
        "co2_sensor_data": 0,
        "outdoor_temperature": 5981,
        "supply_air_flow_pressure": 0,
        "supply_air_flow": 35,
        "ahu_filter_pressure_level": 3036,
        "fan_levels": 10000,
        "reheat_regulation_level": 0,
        "cooling_regulation_level": 0,
        "duct_pressure": 0,
        "voc_level": 0,
        "rhx_operation_level": 8300,
        "rhx_efficiency": 0,
        "rhx_defrost_pressure_level": 0,
        "heat_exchanger_regulator_lvl": 0,
        "room_temp_set_point": 16,
        "min_temperature_set_point": 0,
        "max_temperature_set_point": 0
    },
    {
        "timestamp": "2025-02-12T07:00:01.625349",
        "co2": 439,
        "co2_sensor_data": 0,
        "outdoor_temperature": 5981,
        "supply_air_flow_pressure": 0,
        "supply_air_flow": 35,
        "ahu_filter_pressure_level": 1550,
        "fan_levels": 10000,
        "reheat_regulation_level": 0,
        "cooling_regulation_level": 0,
        "duct_pressure": 0,
        "voc_level": 0,
        "rhx_operation_level": 8300,
        "rhx_efficiency": 0,
        "rhx_defrost_pressure_level": 0,
        "heat_exchanger_regulator_lvl": 0,
        "room_temp_set_point": 16,
        "min_temperature_set_point": 0,
        "max_temperature_set_point": 0
    },
    {
        "timestamp": "2025-02-12T07:10:01.608949",
        "co2": 440,
        "co2_sensor_data": 0,
        "outdoor_temperature": 5981,
        "supply_air_flow_pressure": 0,
        "supply_air_flow": 35,
        "ahu_filter_pressure_level": 3481,
        "fan_levels": 10000,
        "reheat_regulation_level": 0,
        "cooling_regulation_level": 0,
        "duct_pressure": 0,
        "voc_level": 0,
        "rhx_operation_level": 8300,
        "rhx_efficiency": 0,
        "rhx_defrost_pressure_level": 0,
        "heat_exchanger_regulator_lvl": 0,
        "room_temp_set_point": 16,
        "min_temperature_set_point": 0,
        "max_temperature_set_point": 0
    },
    {
        "timestamp": "2025-02-12T07:20:01.800648",
        "co2": 438,
        "co2_sensor_data": 0,
        "outdoor_temperature": 5981,
        "supply_air_flow_pressure": 0,
        "supply_air_flow": 35,
        "ahu_filter_pressure_level": 2420,
        "fan_levels": 10000,
        "reheat_regulation_level": 0,
        "cooling_regulation_level": 0,
        "duct_pressure": 0,
        "voc_level": 0,
        "rhx_operation_level": 8300,
        "rhx_efficiency": 0,
        "rhx_defrost_pressure_level": 0,
        "heat_exchanger_regulator_lvl": 0,
        "room_temp_set_point": 16,
        "min_temperature_set_point": 0,
        "max_temperature_set_point": 0
    },
    {
        "timestamp": "2025-02-12T07:30:01.690738",
        "co2": 434,
        "co2_sensor_data": 0,
        "outdoor_temperature": 5981,
        "supply_air_flow_pressure": 0,
        "supply_air_flow": 35,
        "ahu_filter_pressure_level": 2496,
        "fan_levels": 9275,
        "reheat_regulation_level": 0,
        "cooling_regulation_level": 0,
        "duct_pressure": 0,
        "voc_level": 0,
        "rhx_operation_level": 8300,
        "rhx_efficiency": 0,
        "rhx_defrost_pressure_level": 0,
        "heat_exchanger_regulator_lvl": 0,
        "room_temp_set_point": 16,
        "min_temperature_set_point": 0,
        "max_temperature_set_point": 0
    },
    {
        "timestamp": "2025-02-12T07:40:01.857929",
        "co2": 436,
        "co2_sensor_data": 0,
        "outdoor_temperature": 5981,
        "supply_air_flow_pressure": 0,
        "supply_air_flow": 35,
        "ahu_filter_pressure_level": 3087,
        "fan_levels": 10000,
        "reheat_regulation_level": 0,
        "cooling_regulation_level": 0,
        "duct_pressure": 0,
        "voc_level": 0,
        "rhx_operation_level": 8303,
        "rhx_efficiency": 0,
        "rhx_defrost_pressure_level": 0,
        "heat_exchanger_regulator_lvl": 0,
        "room_temp_set_point": 16,
        "min_temperature_set_point": 0,
        "max_temperature_set_point": 0
    },
    {
        "timestamp": "2025-02-12T07:50:01.883607",
        "co2": 443,
        "co2_sensor_data": 0,
        "outdoor_temperature": 5981,
        "supply_air_flow_pressure": 0,
        "supply_air_flow": 35,
        "ahu_filter_pressure_level": 2035,
        "fan_levels": 10000,
        "reheat_regulation_level": 0,
        "cooling_regulation_level": 0,
        "duct_pressure": 0,
        "voc_level": 0,
        "rhx_operation_level": 8304,
        "rhx_efficiency": 0,
        "rhx_defrost_pressure_level": 0,
        "heat_exchanger_regulator_lvl": 0,
        "room_temp_set_point": 16,
        "min_temperature_set_point": 0,
        "max_temperature_set_point": 0
    },
    {
        "timestamp": "2025-02-12T08:00:01.867969",
        "co2": 442,
        "co2_sensor_data": 0,
        "outdoor_temperature": 5981,
        "supply_air_flow_pressure": 0,
        "supply_air_flow": 35,
        "ahu_filter_pressure_level": 3059,
        "fan_levels": 7232,
        "reheat_regulation_level": 0,
        "cooling_regulation_level": 0,
        "duct_pressure": 0,
        "voc_level": 0,
        "rhx_operation_level": 8300,
        "rhx_efficiency": 0,
        "rhx_defrost_pressure_level": 0,
        "heat_exchanger_regulator_lvl": 0,
        "room_temp_set_point": 16,
        "min_temperature_set_point": 0,
        "max_temperature_set_point": 0
    },
    {
        "timestamp": "2025-02-12T08:10:02.036635",
        "co2": 448,
        "co2_sensor_data": 0,
        "outdoor_temperature": 5981,
        "supply_air_flow_pressure": 0,
        "supply_air_flow": 34,
        "ahu_filter_pressure_level": 2816,
        "fan_levels": 10000,
        "reheat_regulation_level": 0,
        "cooling_regulation_level": 0,
        "duct_pressure": 0,
        "voc_level": 0,
        "rhx_operation_level": 8302,
        "rhx_efficiency": 0,
        "rhx_defrost_pressure_level": 0,
        "heat_exchanger_regulator_lvl": 0,
        "room_temp_set_point": 16,
        "min_temperature_set_point": 0,
        "max_temperature_set_point": 0
    },
    {
        "timestamp": "2025-02-12T08:20:02.112494",
        "co2": 456,
        "co2_sensor_data": 0,
        "outdoor_temperature": 5981,
        "supply_air_flow_pressure": 0,
        "supply_air_flow": 34,
        "ahu_filter_pressure_level": 1558,
        "fan_levels": 10000,
        "reheat_regulation_level": 0,
        "cooling_regulation_level": 0,
        "duct_pressure": 0,
        "voc_level": 0,
        "rhx_operation_level": 8307,
        "rhx_efficiency": 0,
        "rhx_defrost_pressure_level": 0,
        "heat_exchanger_regulator_lvl": 0,
        "room_temp_set_point": 16,
        "min_temperature_set_point": 0,
        "max_temperature_set_point": 0
    },
    {
        "timestamp": "2025-02-12T08:30:01.541073",
        "co2": 463,
        "co2_sensor_data": 0,
        "outdoor_temperature": 5981,
        "supply_air_flow_pressure": 0,
        "supply_air_flow": 32,
        "ahu_filter_pressure_level": 3496,
        "fan_levels": 10000,
        "reheat_regulation_level": 0,
        "cooling_regulation_level": 0,
        "duct_pressure": 0,
        "voc_level": 0,
        "rhx_operation_level": 8310,
        "rhx_efficiency": 0,
        "rhx_defrost_pressure_level": 0,
        "heat_exchanger_regulator_lvl": 0,
        "room_temp_set_point": 16,
        "min_temperature_set_point": 0,
        "max_temperature_set_point": 0
    },
    {
        "timestamp": "2025-02-12T08:40:01.676215",
        "co2": 468,
        "co2_sensor_data": 0,
        "outdoor_temperature": 5981,
        "supply_air_flow_pressure": 0,
        "supply_air_flow": 35,
        "ahu_filter_pressure_level": 2034,
        "fan_levels": 10000,
        "reheat_regulation_level": 0,
        "cooling_regulation_level": 0,
        "duct_pressure": 0,
        "voc_level": 0,
        "rhx_operation_level": 8300,
        "rhx_efficiency": 0,
        "rhx_defrost_pressure_level": 0,
        "heat_exchanger_regulator_lvl": 0,
        "room_temp_set_point": 16,
        "min_temperature_set_point": 0,
        "max_temperature_set_point": 0
    },
    {
        "timestamp": "2025-02-12T08:50:01.880915",
        "co2": 470,
        "co2_sensor_data": 0,
        "outdoor_temperature": 5981,
        "supply_air_flow_pressure": 0,
        "supply_air_flow": 35,
        "ahu_filter_pressure_level": 2738,
        "fan_levels": 7901,
        "reheat_regulation_level": 0,
        "cooling_regulation_level": 0,
        "duct_pressure": 0,
        "voc_level": 0,
        "rhx_operation_level": 8300,
        "rhx_efficiency": 0,
        "rhx_defrost_pressure_level": 0,
        "heat_exchanger_regulator_lvl": 0,
        "room_temp_set_point": 16,
        "min_temperature_set_point": 0,
        "max_temperature_set_point": 0
    },
    {
        "timestamp": "2025-02-12T09:00:01.928081",
        "co2": 467,
        "co2_sensor_data": 0,
        "outdoor_temperature": 5981,
        "supply_air_flow_pressure": 0,
        "supply_air_flow": 34,
        "ahu_filter_pressure_level": 2853,
        "fan_levels": 10000,
        "reheat_regulation_level": 0,
        "cooling_regulation_level": 0,
        "duct_pressure": 0,
        "voc_level": 0,
        "rhx_operation_level": 8300,
        "rhx_efficiency": 0,
        "rhx_defrost_pressure_level": 0,
        "heat_exchanger_regulator_lvl": 0,
        "room_temp_set_point": 16,
        "min_temperature_set_point": 0,
        "max_temperature_set_point": 0
    },
    {
        "timestamp": "2025-02-12T09:10:01.252869",
        "co2": 467,
        "co2_sensor_data": 0,
        "outdoor_temperature": 5981,
        "supply_air_flow_pressure": 0,
        "supply_air_flow": 35,
        "ahu_filter_pressure_level": 1624,
        "fan_levels": 9024,
        "reheat_regulation_level": 0,
        "cooling_regulation_level": 0,
        "duct_pressure": 0,
        "voc_level": 0,
        "rhx_operation_level": 8300,
        "rhx_efficiency": 0,
        "rhx_defrost_pressure_level": 0,
        "heat_exchanger_regulator_lvl": 0,
        "room_temp_set_point": 16,
        "min_temperature_set_point": 0,
        "max_temperature_set_point": 0
    },
    {
        "timestamp": "2025-02-12T09:20:01.284639",
        "co2": 467,
        "co2_sensor_data": 0,
        "outdoor_temperature": 5981,
        "supply_air_flow_pressure": 0,
        "supply_air_flow": 34,
        "ahu_filter_pressure_level": 3151,
        "fan_levels": 10000,
        "reheat_regulation_level": 0,
        "cooling_regulation_level": 0,
        "duct_pressure": 0,
        "voc_level": 0,
        "rhx_operation_level": 8300,
        "rhx_efficiency": 0,
        "rhx_defrost_pressure_level": 0,
        "heat_exchanger_regulator_lvl": 0,
        "room_temp_set_point": 16,
        "min_temperature_set_point": 0,
        "max_temperature_set_point": 0
    },
    {
        "timestamp": "2025-02-12T09:30:01.494103",
        "co2": 465,
        "co2_sensor_data": 0,
        "outdoor_temperature": 5981,
        "supply_air_flow_pressure": 0,
        "supply_air_flow": 36,
        "ahu_filter_pressure_level": 1327,
        "fan_levels": 10000,
        "reheat_regulation_level": 0,
        "cooling_regulation_level": 0,
        "duct_pressure": 0,
        "voc_level": 0,
        "rhx_operation_level": 8302,
        "rhx_efficiency": 0,
        "rhx_defrost_pressure_level": 0,
        "heat_exchanger_regulator_lvl": 0,
        "room_temp_set_point": 16,
        "min_temperature_set_point": 0,
        "max_temperature_set_point": 0
    },
    {
        "timestamp": "2025-02-12T09:40:01.659825",
        "co2": 461,
        "co2_sensor_data": 0,
        "outdoor_temperature": 5981,
        "supply_air_flow_pressure": 0,
        "supply_air_flow": 35,
        "ahu_filter_pressure_level": 3713,
        "fan_levels": 8749,
        "reheat_regulation_level": 0,
        "cooling_regulation_level": 0,
        "duct_pressure": 0,
        "voc_level": 0,
        "rhx_operation_level": 8301,
        "rhx_efficiency": 0,
        "rhx_defrost_pressure_level": 0,
        "heat_exchanger_regulator_lvl": 0,
        "room_temp_set_point": 16,
        "min_temperature_set_point": 0,
        "max_temperature_set_point": 0
    },
    {
        "timestamp": "2025-02-12T09:50:01.382703",
        "co2": 457,
        "co2_sensor_data": 0,
        "outdoor_temperature": 5981,
        "supply_air_flow_pressure": 0,
        "supply_air_flow": 35,
        "ahu_filter_pressure_level": 1578,
        "fan_levels": 7858,
        "reheat_regulation_level": 0,
        "cooling_regulation_level": 0,
        "duct_pressure": 0,
        "voc_level": 0,
        "rhx_operation_level": 8300,
        "rhx_efficiency": 0,
        "rhx_defrost_pressure_level": 0,
        "heat_exchanger_regulator_lvl": 0,
        "room_temp_set_point": 16,
        "min_temperature_set_point": 0,
        "max_temperature_set_point": 0
    },
    {
        "timestamp": "2025-02-12T10:00:01.466796",
        "co2": 459,
        "co2_sensor_data": 0,
        "outdoor_temperature": 5981,
        "supply_air_flow_pressure": 0,
        "supply_air_flow": 35,
        "ahu_filter_pressure_level": 3191,
        "fan_levels": 10000,
        "reheat_regulation_level": 0,
        "cooling_regulation_level": 0,
        "duct_pressure": 0,
        "voc_level": 0,
        "rhx_operation_level": 8301,
        "rhx_efficiency": 0,
        "rhx_defrost_pressure_level": 0,
        "heat_exchanger_regulator_lvl": 0,
        "room_temp_set_point": 16,
        "min_temperature_set_point": 0,
        "max_temperature_set_point": 0
    },
    {
        "timestamp": "2025-02-12T10:10:01.635137",
        "co2": 476,
        "co2_sensor_data": 0,
        "outdoor_temperature": 5981,
        "supply_air_flow_pressure": 0,
        "supply_air_flow": 34,
        "ahu_filter_pressure_level": 1372,
        "fan_levels": 8761,
        "reheat_regulation_level": 0,
        "cooling_regulation_level": 0,
        "duct_pressure": 0,
        "voc_level": 0,
        "rhx_operation_level": 8330,
        "rhx_efficiency": 0,
        "rhx_defrost_pressure_level": 0,
        "heat_exchanger_regulator_lvl": 0,
        "room_temp_set_point": 16,
        "min_temperature_set_point": 0,
        "max_temperature_set_point": 0
    },
    {
        "timestamp": "2025-02-12T10:20:02.021944",
        "co2": 487,
        "co2_sensor_data": 0,
        "outdoor_temperature": 5981,
        "supply_air_flow_pressure": 0,
        "supply_air_flow": 35,
        "ahu_filter_pressure_level": 3459,
        "fan_levels": 10000,
        "reheat_regulation_level": 0,
        "cooling_regulation_level": 0,
        "duct_pressure": 0,
        "voc_level": 0,
        "rhx_operation_level": 8315,
        "rhx_efficiency": 0,
        "rhx_defrost_pressure_level": 0,
        "heat_exchanger_regulator_lvl": 0,
        "room_temp_set_point": 16,
        "min_temperature_set_point": 0,
        "max_temperature_set_point": 0
    },
    {
        "timestamp": "2025-02-12T10:30:01.187767",
        "co2": 497,
        "co2_sensor_data": 0,
        "outdoor_temperature": 5981,
        "supply_air_flow_pressure": 0,
        "supply_air_flow": 35,
        "ahu_filter_pressure_level": 1942,
        "fan_levels": 5723,
        "reheat_regulation_level": 0,
        "cooling_regulation_level": 0,
        "duct_pressure": 0,
        "voc_level": 0,
        "rhx_operation_level": 8301,
        "rhx_efficiency": 0,
        "rhx_defrost_pressure_level": 0,
        "heat_exchanger_regulator_lvl": 0,
        "room_temp_set_point": 16,
        "min_temperature_set_point": 0,
        "max_temperature_set_point": 0
    },
    {
        "timestamp": "2025-02-12T10:40:01.589693",
        "co2": 490,
        "co2_sensor_data": 0,
        "outdoor_temperature": 5981,
        "supply_air_flow_pressure": 0,
        "supply_air_flow": 35,
        "ahu_filter_pressure_level": 3122,
        "fan_levels": 10000,
        "reheat_regulation_level": 0,
        "cooling_regulation_level": 0,
        "duct_pressure": 0,
        "voc_level": 0,
        "rhx_operation_level": 8300,
        "rhx_efficiency": 0,
        "rhx_defrost_pressure_level": 0,
        "heat_exchanger_regulator_lvl": 0,
        "room_temp_set_point": 16,
        "min_temperature_set_point": 0,
        "max_temperature_set_point": 0
    },
    {
        "timestamp": "2025-02-12T10:50:01.861862",
        "co2": 476,
        "co2_sensor_data": 0,
        "outdoor_temperature": 5981,
        "supply_air_flow_pressure": 0,
        "supply_air_flow": 35,
        "ahu_filter_pressure_level": 2181,
        "fan_levels": 5966,
        "reheat_regulation_level": 0,
        "cooling_regulation_level": 0,
        "duct_pressure": 0,
        "voc_level": 0,
        "rhx_operation_level": 8303,
        "rhx_efficiency": 0,
        "rhx_defrost_pressure_level": 0,
        "heat_exchanger_regulator_lvl": 0,
        "room_temp_set_point": 16,
        "min_temperature_set_point": 0,
        "max_temperature_set_point": 0
    },
    {
        "timestamp": "2025-02-12T11:00:01.320448",
        "co2": 464,
        "co2_sensor_data": 0,
        "outdoor_temperature": 5981,
        "supply_air_flow_pressure": 0,
        "supply_air_flow": 35,
        "ahu_filter_pressure_level": 2982,
        "fan_levels": 10000,
        "reheat_regulation_level": 0,
        "cooling_regulation_level": 0,
        "duct_pressure": 0,
        "voc_level": 0,
        "rhx_operation_level": 8301,
        "rhx_efficiency": 0,
        "rhx_defrost_pressure_level": 0,
        "heat_exchanger_regulator_lvl": 0,
        "room_temp_set_point": 16,
        "min_temperature_set_point": 0,
        "max_temperature_set_point": 0
    },
    {
        "timestamp": "2025-02-12T11:10:01.529006",
        "co2": 459,
        "co2_sensor_data": 0,
        "outdoor_temperature": 5981,
        "supply_air_flow_pressure": 0,
        "supply_air_flow": 35,
        "ahu_filter_pressure_level": 2307,
        "fan_levels": 2099,
        "reheat_regulation_level": 0,
        "cooling_regulation_level": 0,
        "duct_pressure": 0,
        "voc_level": 0,
        "rhx_operation_level": 8302,
        "rhx_efficiency": 0,
        "rhx_defrost_pressure_level": 0,
        "heat_exchanger_regulator_lvl": 0,
        "room_temp_set_point": 16,
        "min_temperature_set_point": 0,
        "max_temperature_set_point": 0
    },
    {
        "timestamp": "2025-02-12T11:20:01.441334",
        "co2": 464,
        "co2_sensor_data": 0,
        "outdoor_temperature": 5981,
        "supply_air_flow_pressure": 0,
        "supply_air_flow": 35,
        "ahu_filter_pressure_level": 1948,
        "fan_levels": 4047,
        "reheat_regulation_level": 0,
        "cooling_regulation_level": 0,
        "duct_pressure": 0,
        "voc_level": 0,
        "rhx_operation_level": 8310,
        "rhx_efficiency": 0,
        "rhx_defrost_pressure_level": 0,
        "heat_exchanger_regulator_lvl": 0,
        "room_temp_set_point": 16,
        "min_temperature_set_point": 0,
        "max_temperature_set_point": 0
    },
    {
        "timestamp": "2025-02-12T11:30:01.587440",
        "co2": 463,
        "co2_sensor_data": 0,
        "outdoor_temperature": 5981,
        "supply_air_flow_pressure": 0,
        "supply_air_flow": 35,
        "ahu_filter_pressure_level": 2108,
        "fan_levels": 10000,
        "reheat_regulation_level": 0,
        "cooling_regulation_level": 0,
        "duct_pressure": 0,
        "voc_level": 0,
        "rhx_operation_level": 8300,
        "rhx_efficiency": 0,
        "rhx_defrost_pressure_level": 0,
        "heat_exchanger_regulator_lvl": 0,
        "room_temp_set_point": 16,
        "min_temperature_set_point": 0,
        "max_temperature_set_point": 0
    },
    {
        "timestamp": "2025-02-12T11:40:01.334393",
        "co2": 468,
        "co2_sensor_data": 0,
        "outdoor_temperature": 5981,
        "supply_air_flow_pressure": 0,
        "supply_air_flow": 34,
        "ahu_filter_pressure_level": 2892,
        "fan_levels": 3483,
        "reheat_regulation_level": 0,
        "cooling_regulation_level": 0,
        "duct_pressure": 0,
        "voc_level": 0,
        "rhx_operation_level": 8304,
        "rhx_efficiency": 0,
        "rhx_defrost_pressure_level": 0,
        "heat_exchanger_regulator_lvl": 0,
        "room_temp_set_point": 16,
        "min_temperature_set_point": 0,
        "max_temperature_set_point": 0
    },
    {
        "timestamp": "2025-02-12T11:50:01.604548",
        "co2": 463,
        "co2_sensor_data": 0,
        "outdoor_temperature": 5981,
        "supply_air_flow_pressure": 0,
        "supply_air_flow": 35,
        "ahu_filter_pressure_level": 1998,
        "fan_levels": 4292,
        "reheat_regulation_level": 0,
        "cooling_regulation_level": 0,
        "duct_pressure": 0,
        "voc_level": 0,
        "rhx_operation_level": 8305,
        "rhx_efficiency": 0,
        "rhx_defrost_pressure_level": 0,
        "heat_exchanger_regulator_lvl": 0,
        "room_temp_set_point": 16,
        "min_temperature_set_point": 0,
        "max_temperature_set_point": 0
    },
    {
        "timestamp": "2025-02-12T12:00:01.876527",
        "co2": 457,
        "co2_sensor_data": 0,
        "outdoor_temperature": 5981,
        "supply_air_flow_pressure": 0,
        "supply_air_flow": 35,
        "ahu_filter_pressure_level": 1317,
        "fan_levels": 10000,
        "reheat_regulation_level": 0,
        "cooling_regulation_level": 0,
        "duct_pressure": 0,
        "voc_level": 0,
        "rhx_operation_level": 8301,
        "rhx_efficiency": 0,
        "rhx_defrost_pressure_level": 0,
        "heat_exchanger_regulator_lvl": 0,
        "room_temp_set_point": 16,
        "min_temperature_set_point": 0,
        "max_temperature_set_point": 0
    },
    {
        "timestamp": "2025-02-12T12:10:01.295574",
        "co2": 458,
        "co2_sensor_data": 0,
        "outdoor_temperature": 5981,
        "supply_air_flow_pressure": 0,
        "supply_air_flow": 35,
        "ahu_filter_pressure_level": 3883,
        "fan_levels": 2769,
        "reheat_regulation_level": 0,
        "cooling_regulation_level": 0,
        "duct_pressure": 0,
        "voc_level": 0,
        "rhx_operation_level": 8300,
        "rhx_efficiency": 0,
        "rhx_defrost_pressure_level": 0,
        "heat_exchanger_regulator_lvl": 0,
        "room_temp_set_point": 16,
        "min_temperature_set_point": 0,
        "max_temperature_set_point": 0
    },
    {
        "timestamp": "2025-02-12T12:20:01.603948",
        "co2": 512,
        "co2_sensor_data": 0,
        "outdoor_temperature": 5981,
        "supply_air_flow_pressure": 0,
        "supply_air_flow": 36,
        "ahu_filter_pressure_level": 2068,
        "fan_levels": 1887,
        "reheat_regulation_level": 0,
        "cooling_regulation_level": 0,
        "duct_pressure": 0,
        "voc_level": 0,
        "rhx_operation_level": 8305,
        "rhx_efficiency": 0,
        "rhx_defrost_pressure_level": 0,
        "heat_exchanger_regulator_lvl": 0,
        "room_temp_set_point": 16,
        "min_temperature_set_point": 0,
        "max_temperature_set_point": 0
    },
    {
        "timestamp": "2025-02-12T12:30:01.767909",
        "co2": 589,
        "co2_sensor_data": 0,
        "outdoor_temperature": 5981,
        "supply_air_flow_pressure": 0,
        "supply_air_flow": 35,
        "ahu_filter_pressure_level": 1937,
        "fan_levels": 2407,
        "reheat_regulation_level": 0,
        "cooling_regulation_level": 0,
        "duct_pressure": 0,
        "voc_level": 0,
        "rhx_operation_level": 8300,
        "rhx_efficiency": 0,
        "rhx_defrost_pressure_level": 0,
        "heat_exchanger_regulator_lvl": 0,
        "room_temp_set_point": 16,
        "min_temperature_set_point": 0,
        "max_temperature_set_point": 0
    },
    {
        "timestamp": "2025-02-12T12:40:01.223114",
        "co2": 604,
        "co2_sensor_data": 0,
        "outdoor_temperature": 5981,
        "supply_air_flow_pressure": 0,
        "supply_air_flow": 36,
        "ahu_filter_pressure_level": 1898,
        "fan_levels": 3319,
        "reheat_regulation_level": 0,
        "cooling_regulation_level": 0,
        "duct_pressure": 0,
        "voc_level": 0,
        "rhx_operation_level": 8299,
        "rhx_efficiency": 0,
        "rhx_defrost_pressure_level": 0,
        "heat_exchanger_regulator_lvl": 0,
        "room_temp_set_point": 16,
        "min_temperature_set_point": 0,
        "max_temperature_set_point": 0
    },
    {
        "timestamp": "2025-02-12T12:50:01.421989",
        "co2": 618,
        "co2_sensor_data": 0,
        "outdoor_temperature": 5981,
        "supply_air_flow_pressure": 0,
        "supply_air_flow": 35,
        "ahu_filter_pressure_level": 1893,
        "fan_levels": 4173,
        "reheat_regulation_level": 0,
        "cooling_regulation_level": 0,
        "duct_pressure": 0,
        "voc_level": 0,
        "rhx_operation_level": 8300,
        "rhx_efficiency": 0,
        "rhx_defrost_pressure_level": 0,
        "heat_exchanger_regulator_lvl": 0,
        "room_temp_set_point": 16,
        "min_temperature_set_point": 0,
        "max_temperature_set_point": 0
    },
    {
        "timestamp": "2025-02-12T13:00:01.583721",
        "co2": 609,
        "co2_sensor_data": 0,
        "outdoor_temperature": 5981,
        "supply_air_flow_pressure": 0,
        "supply_air_flow": 36,
        "ahu_filter_pressure_level": 1873,
        "fan_levels": 5107,
        "reheat_regulation_level": 0,
        "cooling_regulation_level": 0,
        "duct_pressure": 0,
        "voc_level": 0,
        "rhx_operation_level": 8300,
        "rhx_efficiency": 0,
        "rhx_defrost_pressure_level": 0,
        "heat_exchanger_regulator_lvl": 0,
        "room_temp_set_point": 16,
        "min_temperature_set_point": 0,
        "max_temperature_set_point": 0
    },
    {
        "timestamp": "2025-02-12T13:10:01.964897",
        "co2": 570,
        "co2_sensor_data": 0,
        "outdoor_temperature": 5981,
        "supply_air_flow_pressure": 0,
        "supply_air_flow": 35,
        "ahu_filter_pressure_level": 2888,
        "fan_levels": 10000,
        "reheat_regulation_level": 0,
        "cooling_regulation_level": 0,
        "duct_pressure": 0,
        "voc_level": 0,
        "rhx_operation_level": 8300,
        "rhx_efficiency": 0,
        "rhx_defrost_pressure_level": 0,
        "heat_exchanger_regulator_lvl": 0,
        "room_temp_set_point": 16,
        "min_temperature_set_point": 0,
        "max_temperature_set_point": 0
    },
    {
        "timestamp": "2025-02-12T13:20:01.490180",
        "co2": 552,
        "co2_sensor_data": 0,
        "outdoor_temperature": 5981,
        "supply_air_flow_pressure": 0,
        "supply_air_flow": 34,
        "ahu_filter_pressure_level": 2281,
        "fan_levels": 4079,
        "reheat_regulation_level": 0,
        "cooling_regulation_level": 0,
        "duct_pressure": 0,
        "voc_level": 0,
        "rhx_operation_level": 8309,
        "rhx_efficiency": 0,
        "rhx_defrost_pressure_level": 0,
        "heat_exchanger_regulator_lvl": 0,
        "room_temp_set_point": 16,
        "min_temperature_set_point": 0,
        "max_temperature_set_point": 0
    },
    {
        "timestamp": "2025-02-12T13:30:01.850638",
        "co2": 517,
        "co2_sensor_data": 0,
        "outdoor_temperature": 5981,
        "supply_air_flow_pressure": 0,
        "supply_air_flow": 35,
        "ahu_filter_pressure_level": 1956,
        "fan_levels": 3999,
        "reheat_regulation_level": 0,
        "cooling_regulation_level": 0,
        "duct_pressure": 0,
        "voc_level": 0,
        "rhx_operation_level": 8307,
        "rhx_efficiency": 0,
        "rhx_defrost_pressure_level": 0,
        "heat_exchanger_regulator_lvl": 0,
        "room_temp_set_point": 16,
        "min_temperature_set_point": 0,
        "max_temperature_set_point": 0
    },
    {
        "timestamp": "2025-02-12T13:40:02.056679",
        "co2": 485,
        "co2_sensor_data": 0,
        "outdoor_temperature": 5981,
        "supply_air_flow_pressure": 0,
        "supply_air_flow": 36,
        "ahu_filter_pressure_level": 1906,
        "fan_levels": 4380,
        "reheat_regulation_level": 0,
        "cooling_regulation_level": 0,
        "duct_pressure": 0,
        "voc_level": 0,
        "rhx_operation_level": 8301,
        "rhx_efficiency": 0,
        "rhx_defrost_pressure_level": 0,
        "heat_exchanger_regulator_lvl": 0,
        "room_temp_set_point": 16,
        "min_temperature_set_point": 0,
        "max_temperature_set_point": 0
    },
    {
        "timestamp": "2025-02-12T13:50:01.349200",
        "co2": 479,
        "co2_sensor_data": 0,
        "outdoor_temperature": 5981,
        "supply_air_flow_pressure": 0,
        "supply_air_flow": 36,
        "ahu_filter_pressure_level": 1893,
        "fan_levels": 4679,
        "reheat_regulation_level": 0,
        "cooling_regulation_level": 0,
        "duct_pressure": 0,
        "voc_level": 0,
        "rhx_operation_level": 8300,
        "rhx_efficiency": 0,
        "rhx_defrost_pressure_level": 0,
        "heat_exchanger_regulator_lvl": 0,
        "room_temp_set_point": 16,
        "min_temperature_set_point": 0,
        "max_temperature_set_point": 0
    },
    {
        "timestamp": "2025-02-12T14:00:01.615790",
        "co2": 470,
        "co2_sensor_data": 0,
        "outdoor_temperature": 5981,
        "supply_air_flow_pressure": 0,
        "supply_air_flow": 35,
        "ahu_filter_pressure_level": 1873,
        "fan_levels": 5175,
        "reheat_regulation_level": 0,
        "cooling_regulation_level": 0,
        "duct_pressure": 0,
        "voc_level": 0,
        "rhx_operation_level": 8300,
        "rhx_efficiency": 0,
        "rhx_defrost_pressure_level": 0,
        "heat_exchanger_regulator_lvl": 0,
        "room_temp_set_point": 16,
        "min_temperature_set_point": 0,
        "max_temperature_set_point": 0
    },
    {
        "timestamp": "2025-02-12T14:10:02.039564",
        "co2": 472,
        "co2_sensor_data": 0,
        "outdoor_temperature": 5981,
        "supply_air_flow_pressure": 0,
        "supply_air_flow": 35,
        "ahu_filter_pressure_level": 3075,
        "fan_levels": 10000,
        "reheat_regulation_level": 0,
        "cooling_regulation_level": 0,
        "duct_pressure": 0,
        "voc_level": 0,
        "rhx_operation_level": 8303,
        "rhx_efficiency": 0,
        "rhx_defrost_pressure_level": 0,
        "heat_exchanger_regulator_lvl": 0,
        "room_temp_set_point": 16,
        "min_temperature_set_point": 0,
        "max_temperature_set_point": 0
    },
    {
        "timestamp": "2025-02-12T14:20:02.123255",
        "co2": 472,
        "co2_sensor_data": 0,
        "outdoor_temperature": 5981,
        "supply_air_flow_pressure": 0,
        "supply_air_flow": 35,
        "ahu_filter_pressure_level": 2255,
        "fan_levels": 3856,
        "reheat_regulation_level": 0,
        "cooling_regulation_level": 0,
        "duct_pressure": 0,
        "voc_level": 0,
        "rhx_operation_level": 8303,
        "rhx_efficiency": 0,
        "rhx_defrost_pressure_level": 0,
        "heat_exchanger_regulator_lvl": 0,
        "room_temp_set_point": 16,
        "min_temperature_set_point": 0,
        "max_temperature_set_point": 0
    },
    {
        "timestamp": "2025-02-12T14:30:01.347076",
        "co2": 464,
        "co2_sensor_data": 0,
        "outdoor_temperature": 5981,
        "supply_air_flow_pressure": 0,
        "supply_air_flow": 36,
        "ahu_filter_pressure_level": 1981,
        "fan_levels": 3264,
        "reheat_regulation_level": 0,
        "cooling_regulation_level": 0,
        "duct_pressure": 0,
        "voc_level": 0,
        "rhx_operation_level": 8304,
        "rhx_efficiency": 0,
        "rhx_defrost_pressure_level": 0,
        "heat_exchanger_regulator_lvl": 0,
        "room_temp_set_point": 16,
        "min_temperature_set_point": 0,
        "max_temperature_set_point": 0
    },
    {
        "timestamp": "2025-02-12T14:40:01.587235",
        "co2": 466,
        "co2_sensor_data": 0,
        "outdoor_temperature": 5981,
        "supply_air_flow_pressure": 0,
        "supply_air_flow": 36,
        "ahu_filter_pressure_level": 1931,
        "fan_levels": 3140,
        "reheat_regulation_level": 0,
        "cooling_regulation_level": 0,
        "duct_pressure": 0,
        "voc_level": 0,
        "rhx_operation_level": 8301,
        "rhx_efficiency": 0,
        "rhx_defrost_pressure_level": 0,
        "heat_exchanger_regulator_lvl": 0,
        "room_temp_set_point": 16,
        "min_temperature_set_point": 0,
        "max_temperature_set_point": 0
    },
    {
        "timestamp": "2025-02-12T14:50:01.817723",
        "co2": 467,
        "co2_sensor_data": 0,
        "outdoor_temperature": 5981,
        "supply_air_flow_pressure": 0,
        "supply_air_flow": 35,
        "ahu_filter_pressure_level": 1893,
        "fan_levels": 3215,
        "reheat_regulation_level": 0,
        "cooling_regulation_level": 0,
        "duct_pressure": 0,
        "voc_level": 0,
        "rhx_operation_level": 8303,
        "rhx_efficiency": 0,
        "rhx_defrost_pressure_level": 0,
        "heat_exchanger_regulator_lvl": 0,
        "room_temp_set_point": 16,
        "min_temperature_set_point": 0,
        "max_temperature_set_point": 0
    },
    {
        "timestamp": "2025-02-12T15:00:01.967371",
        "co2": 460,
        "co2_sensor_data": 0,
        "outdoor_temperature": 5981,
        "supply_air_flow_pressure": 0,
        "supply_air_flow": 36,
        "ahu_filter_pressure_level": 1887,
        "fan_levels": 3486,
        "reheat_regulation_level": 0,
        "cooling_regulation_level": 0,
        "duct_pressure": 0,
        "voc_level": 0,
        "rhx_operation_level": 8300,
        "rhx_efficiency": 0,
        "rhx_defrost_pressure_level": 0,
        "heat_exchanger_regulator_lvl": 0,
        "room_temp_set_point": 16,
        "min_temperature_set_point": 0,
        "max_temperature_set_point": 0
    },
    {
        "timestamp": "2025-02-12T15:10:02.100295",
        "co2": 457,
        "co2_sensor_data": 0,
        "outdoor_temperature": 5981,
        "supply_air_flow_pressure": 0,
        "supply_air_flow": 35,
        "ahu_filter_pressure_level": 1881,
        "fan_levels": 3826,
        "reheat_regulation_level": 0,
        "cooling_regulation_level": 0,
        "duct_pressure": 0,
        "voc_level": 0,
        "rhx_operation_level": 8300,
        "rhx_efficiency": 0,
        "rhx_defrost_pressure_level": 0,
        "heat_exchanger_regulator_lvl": 0,
        "room_temp_set_point": 16,
        "min_temperature_set_point": 0,
        "max_temperature_set_point": 0
    },
    {
        "timestamp": "2025-02-12T15:20:01.198164",
        "co2": 457,
        "co2_sensor_data": 0,
        "outdoor_temperature": 5981,
        "supply_air_flow_pressure": 0,
        "supply_air_flow": 36,
        "ahu_filter_pressure_level": 1873,
        "fan_levels": 4138,
        "reheat_regulation_level": 0,
        "cooling_regulation_level": 0,
        "duct_pressure": 0,
        "voc_level": 0,
        "rhx_operation_level": 8301,
        "rhx_efficiency": 0,
        "rhx_defrost_pressure_level": 0,
        "heat_exchanger_regulator_lvl": 0,
        "room_temp_set_point": 16,
        "min_temperature_set_point": 0,
        "max_temperature_set_point": 0
    },
    {
        "timestamp": "2025-02-12T15:30:01.591309",
        "co2": 457,
        "co2_sensor_data": 0,
        "outdoor_temperature": 5981,
        "supply_air_flow_pressure": 0,
        "supply_air_flow": 36,
        "ahu_filter_pressure_level": 1873,
        "fan_levels": 4749,
        "reheat_regulation_level": 0,
        "cooling_regulation_level": 0,
        "duct_pressure": 0,
        "voc_level": 0,
        "rhx_operation_level": 8300,
        "rhx_efficiency": 0,
        "rhx_defrost_pressure_level": 0,
        "heat_exchanger_regulator_lvl": 0,
        "room_temp_set_point": 16,
        "min_temperature_set_point": 0,
        "max_temperature_set_point": 0
    },
    {
        "timestamp": "2025-02-12T15:40:01.770776",
        "co2": 461,
        "co2_sensor_data": 0,
        "outdoor_temperature": 5981,
        "supply_air_flow_pressure": 0,
        "supply_air_flow": 15,
        "ahu_filter_pressure_level": 1155,
        "fan_levels": 10000,
        "reheat_regulation_level": 0,
        "cooling_regulation_level": 0,
        "duct_pressure": 0,
        "voc_level": 0,
        "rhx_operation_level": 8400,
        "rhx_efficiency": 0,
        "rhx_defrost_pressure_level": 0,
        "heat_exchanger_regulator_lvl": 0,
        "room_temp_set_point": 16,
        "min_temperature_set_point": 0,
        "max_temperature_set_point": 0
    },
    {
        "timestamp": "2025-02-12T15:50:02.111727",
        "co2": 457,
        "co2_sensor_data": 0,
        "outdoor_temperature": 5981,
        "supply_air_flow_pressure": 0,
        "supply_air_flow": 15,
        "ahu_filter_pressure_level": 3302,
        "fan_levels": 10000,
        "reheat_regulation_level": 0,
        "cooling_regulation_level": 0,
        "duct_pressure": 0,
        "voc_level": 0,
        "rhx_operation_level": 8400,
        "rhx_efficiency": 0,
        "rhx_defrost_pressure_level": 0,
        "heat_exchanger_regulator_lvl": 0,
        "room_temp_set_point": 16,
        "min_temperature_set_point": 0,
        "max_temperature_set_point": 0
    },
    {
        "timestamp": "2025-02-12T16:00:01.422218",
        "co2": 457,
        "co2_sensor_data": 0,
        "outdoor_temperature": 5981,
        "supply_air_flow_pressure": 0,
        "supply_air_flow": 15,
        "ahu_filter_pressure_level": 2062,
        "fan_levels": 2738,
        "reheat_regulation_level": 0,
        "cooling_regulation_level": 0,
        "duct_pressure": 0,
        "voc_level": 0,
        "rhx_operation_level": 8398,
        "rhx_efficiency": 0,
        "rhx_defrost_pressure_level": 0,
        "heat_exchanger_regulator_lvl": 0,
        "room_temp_set_point": 16,
        "min_temperature_set_point": 0,
        "max_temperature_set_point": 0
    },
    {
        "timestamp": "2025-02-12T16:10:01.795550",
        "co2": 463,
        "co2_sensor_data": 0,
        "outdoor_temperature": 5981,
        "supply_air_flow_pressure": 0,
        "supply_air_flow": 14,
        "ahu_filter_pressure_level": 1937,
        "fan_levels": 3037,
        "reheat_regulation_level": 0,
        "cooling_regulation_level": 0,
        "duct_pressure": 0,
        "voc_level": 0,
        "rhx_operation_level": 8406,
        "rhx_efficiency": 0,
        "rhx_defrost_pressure_level": 0,
        "heat_exchanger_regulator_lvl": 0,
        "room_temp_set_point": 16,
        "min_temperature_set_point": 0,
        "max_temperature_set_point": 0
    },
    {
        "timestamp": "2025-02-12T16:20:01.835250",
        "co2": 466,
        "co2_sensor_data": 0,
        "outdoor_temperature": 5981,
        "supply_air_flow_pressure": 0,
        "supply_air_flow": 15,
        "ahu_filter_pressure_level": 1912,
        "fan_levels": 3933,
        "reheat_regulation_level": 0,
        "cooling_regulation_level": 0,
        "duct_pressure": 0,
        "voc_level": 0,
        "rhx_operation_level": 8400,
        "rhx_efficiency": 0,
        "rhx_defrost_pressure_level": 0,
        "heat_exchanger_regulator_lvl": 0,
        "room_temp_set_point": 16,
        "min_temperature_set_point": 0,
        "max_temperature_set_point": 0
    },
    {
        "timestamp": "2025-02-12T16:30:01.929737",
        "co2": 466,
        "co2_sensor_data": 0,
        "outdoor_temperature": 5981,
        "supply_air_flow_pressure": 0,
        "supply_air_flow": 15,
        "ahu_filter_pressure_level": 1184,
        "fan_levels": 10000,
        "reheat_regulation_level": 0,
        "cooling_regulation_level": 0,
        "duct_pressure": 0,
        "voc_level": 0,
        "rhx_operation_level": 8400,
        "rhx_efficiency": 0,
        "rhx_defrost_pressure_level": 0,
        "heat_exchanger_regulator_lvl": 0,
        "room_temp_set_point": 16,
        "min_temperature_set_point": 0,
        "max_temperature_set_point": 0
    },
    {
        "timestamp": "2025-02-12T16:40:02.056461",
        "co2": 487,
        "co2_sensor_data": 0,
        "outdoor_temperature": 5981,
        "supply_air_flow_pressure": 0,
        "supply_air_flow": 15,
        "ahu_filter_pressure_level": 2541,
        "fan_levels": 10000,
        "reheat_regulation_level": 0,
        "cooling_regulation_level": 0,
        "duct_pressure": 0,
        "voc_level": 0,
        "rhx_operation_level": 8400,
        "rhx_efficiency": 0,
        "rhx_defrost_pressure_level": 0,
        "heat_exchanger_regulator_lvl": 0,
        "room_temp_set_point": 16,
        "min_temperature_set_point": 0,
        "max_temperature_set_point": 0
    },
    {
        "timestamp": "2025-02-12T16:50:01.493286",
        "co2": 486,
        "co2_sensor_data": 0,
        "outdoor_temperature": 5981,
        "supply_air_flow_pressure": 0,
        "supply_air_flow": 15,
        "ahu_filter_pressure_level": 1335,
        "fan_levels": 10000,
        "reheat_regulation_level": 0,
        "cooling_regulation_level": 0,
        "duct_pressure": 0,
        "voc_level": 0,
        "rhx_operation_level": 8400,
        "rhx_efficiency": 0,
        "rhx_defrost_pressure_level": 0,
        "heat_exchanger_regulator_lvl": 0,
        "room_temp_set_point": 16,
        "min_temperature_set_point": 0,
        "max_temperature_set_point": 0
    },
    {
        "timestamp": "2025-02-12T17:00:01.671504",
        "co2": 492,
        "co2_sensor_data": 0,
        "outdoor_temperature": 5981,
        "supply_air_flow_pressure": 0,
        "supply_air_flow": 14,
        "ahu_filter_pressure_level": 2828,
        "fan_levels": 10000,
        "reheat_regulation_level": 0,
        "cooling_regulation_level": 0,
        "duct_pressure": 0,
        "voc_level": 0,
        "rhx_operation_level": 8398,
        "rhx_efficiency": 0,
        "rhx_defrost_pressure_level": 0,
        "heat_exchanger_regulator_lvl": 0,
        "room_temp_set_point": 16,
        "min_temperature_set_point": 0,
        "max_temperature_set_point": 0
    },
    {
        "timestamp": "2025-02-12T17:10:01.193696",
        "co2": 499,
        "co2_sensor_data": 0,
        "outdoor_temperature": 5981,
        "supply_air_flow_pressure": 0,
        "supply_air_flow": 15,
        "ahu_filter_pressure_level": 1781,
        "fan_levels": 10000,
        "reheat_regulation_level": 0,
        "cooling_regulation_level": 0,
        "duct_pressure": 0,
        "voc_level": 0,
        "rhx_operation_level": 8401,
        "rhx_efficiency": 0,
        "rhx_defrost_pressure_level": 0,
        "heat_exchanger_regulator_lvl": 0,
        "room_temp_set_point": 16,
        "min_temperature_set_point": 0,
        "max_temperature_set_point": 0
    },
    {
        "timestamp": "2025-02-12T17:20:01.538225",
        "co2": 497,
        "co2_sensor_data": 0,
        "outdoor_temperature": 5981,
        "supply_air_flow_pressure": 0,
        "supply_air_flow": 15,
        "ahu_filter_pressure_level": 3714,
        "fan_levels": 6630,
        "reheat_regulation_level": 0,
        "cooling_regulation_level": 0,
        "duct_pressure": 0,
        "voc_level": 0,
        "rhx_operation_level": 8391,
        "rhx_efficiency": 0,
        "rhx_defrost_pressure_level": 0,
        "heat_exchanger_regulator_lvl": 0,
        "room_temp_set_point": 16,
        "min_temperature_set_point": 0,
        "max_temperature_set_point": 0
    },
    {
        "timestamp": "2025-02-12T17:30:01.934865",
        "co2": 487,
        "co2_sensor_data": 0,
        "outdoor_temperature": 5981,
        "supply_air_flow_pressure": 0,
        "supply_air_flow": 14,
        "ahu_filter_pressure_level": 2474,
        "fan_levels": 10000,
        "reheat_regulation_level": 0,
        "cooling_regulation_level": 0,
        "duct_pressure": 0,
        "voc_level": 0,
        "rhx_operation_level": 8400,
        "rhx_efficiency": 0,
        "rhx_defrost_pressure_level": 0,
        "heat_exchanger_regulator_lvl": 0,
        "room_temp_set_point": 16,
        "min_temperature_set_point": 0,
        "max_temperature_set_point": 0
    },
    {
        "timestamp": "2025-02-12T17:40:01.256074",
        "co2": 473,
        "co2_sensor_data": 0,
        "outdoor_temperature": 5981,
        "supply_air_flow_pressure": 0,
        "supply_air_flow": 15,
        "ahu_filter_pressure_level": 2319,
        "fan_levels": 10000,
        "reheat_regulation_level": 0,
        "cooling_regulation_level": 0,
        "duct_pressure": 0,
        "voc_level": 0,
        "rhx_operation_level": 8399,
        "rhx_efficiency": 0,
        "rhx_defrost_pressure_level": 0,
        "heat_exchanger_regulator_lvl": 0,
        "room_temp_set_point": 16,
        "min_temperature_set_point": 0,
        "max_temperature_set_point": 0
    },
    {
        "timestamp": "2025-02-12T17:50:01.361465",
        "co2": 469,
        "co2_sensor_data": 0,
        "outdoor_temperature": 5981,
        "supply_air_flow_pressure": 0,
        "supply_air_flow": 15,
        "ahu_filter_pressure_level": 3303,
        "fan_levels": 10000,
        "reheat_regulation_level": 0,
        "cooling_regulation_level": 0,
        "duct_pressure": 0,
        "voc_level": 0,
        "rhx_operation_level": 8402,
        "rhx_efficiency": 0,
        "rhx_defrost_pressure_level": 0,
        "heat_exchanger_regulator_lvl": 0,
        "room_temp_set_point": 16,
        "min_temperature_set_point": 0,
        "max_temperature_set_point": 0
    },
    {
        "timestamp": "2025-02-12T18:00:01.403671",
        "co2": 466,
        "co2_sensor_data": 0,
        "outdoor_temperature": 5981,
        "supply_air_flow_pressure": 0,
        "supply_air_flow": 15,
        "ahu_filter_pressure_level": 2378,
        "fan_levels": 10000,
        "reheat_regulation_level": 0,
        "cooling_regulation_level": 0,
        "duct_pressure": 0,
        "voc_level": 0,
        "rhx_operation_level": 8400,
        "rhx_efficiency": 0,
        "rhx_defrost_pressure_level": 0,
        "heat_exchanger_regulator_lvl": 0,
        "room_temp_set_point": 16,
        "min_temperature_set_point": 0,
        "max_temperature_set_point": 0
    },
    {
        "timestamp": "2025-02-12T18:10:01.534049",
        "co2": 458,
        "co2_sensor_data": 0,
        "outdoor_temperature": 5981,
        "supply_air_flow_pressure": 0,
        "supply_air_flow": 15,
        "ahu_filter_pressure_level": 2594,
        "fan_levels": 10000,
        "reheat_regulation_level": 0,
        "cooling_regulation_level": 0,
        "duct_pressure": 0,
        "voc_level": 0,
        "rhx_operation_level": 8401,
        "rhx_efficiency": 0,
        "rhx_defrost_pressure_level": 0,
        "heat_exchanger_regulator_lvl": 0,
        "room_temp_set_point": 16,
        "min_temperature_set_point": 0,
        "max_temperature_set_point": 0
    },
    {
        "timestamp": "2025-02-12T18:20:01.685783",
        "co2": 458,
        "co2_sensor_data": 0,
        "outdoor_temperature": 5981,
        "supply_air_flow_pressure": 0,
        "supply_air_flow": 14,
        "ahu_filter_pressure_level": 3060,
        "fan_levels": 10000,
        "reheat_regulation_level": 0,
        "cooling_regulation_level": 0,
        "duct_pressure": 0,
        "voc_level": 0,
        "rhx_operation_level": 8400,
        "rhx_efficiency": 0,
        "rhx_defrost_pressure_level": 0,
        "heat_exchanger_regulator_lvl": 0,
        "room_temp_set_point": 16,
        "min_temperature_set_point": 0,
        "max_temperature_set_point": 0
    },
    {
        "timestamp": "2025-02-12T18:30:01.768180",
        "co2": 453,
        "co2_sensor_data": 0,
        "outdoor_temperature": 5981,
        "supply_air_flow_pressure": 0,
        "supply_air_flow": 15,
        "ahu_filter_pressure_level": 2843,
        "fan_levels": 10000,
        "reheat_regulation_level": 0,
        "cooling_regulation_level": 0,
        "duct_pressure": 0,
        "voc_level": 0,
        "rhx_operation_level": 8400,
        "rhx_efficiency": 0,
        "rhx_defrost_pressure_level": 0,
        "heat_exchanger_regulator_lvl": 0,
        "room_temp_set_point": 16,
        "min_temperature_set_point": 0,
        "max_temperature_set_point": 0
    },
    {
        "timestamp": "2025-02-12T18:40:01.777788",
        "co2": 454,
        "co2_sensor_data": 0,
        "outdoor_temperature": 5981,
        "supply_air_flow_pressure": 0,
        "supply_air_flow": 15,
        "ahu_filter_pressure_level": 2552,
        "fan_levels": 10000,
        "reheat_regulation_level": 0,
        "cooling_regulation_level": 0,
        "duct_pressure": 0,
        "voc_level": 0,
        "rhx_operation_level": 8399,
        "rhx_efficiency": 0,
        "rhx_defrost_pressure_level": 0,
        "heat_exchanger_regulator_lvl": 0,
        "room_temp_set_point": 16,
        "min_temperature_set_point": 0,
        "max_temperature_set_point": 0
    },
    {
        "timestamp": "2025-02-12T18:50:01.976757",
        "co2": 446,
        "co2_sensor_data": 0,
        "outdoor_temperature": 5981,
        "supply_air_flow_pressure": 0,
        "supply_air_flow": 15,
        "ahu_filter_pressure_level": 2616,
        "fan_levels": 10000,
        "reheat_regulation_level": 0,
        "cooling_regulation_level": 0,
        "duct_pressure": 0,
        "voc_level": 0,
        "rhx_operation_level": 8398,
        "rhx_efficiency": 0,
        "rhx_defrost_pressure_level": 0,
        "heat_exchanger_regulator_lvl": 0,
        "room_temp_set_point": 16,
        "min_temperature_set_point": 0,
        "max_temperature_set_point": 0
    },
    {
        "timestamp": "2025-02-12T19:00:02.072150",
        "co2": 444,
        "co2_sensor_data": 0,
        "outdoor_temperature": 5981,
        "supply_air_flow_pressure": 0,
        "supply_air_flow": 14,
        "ahu_filter_pressure_level": 3014,
        "fan_levels": 10000,
        "reheat_regulation_level": 0,
        "cooling_regulation_level": 0,
        "duct_pressure": 0,
        "voc_level": 0,
        "rhx_operation_level": 8399,
        "rhx_efficiency": 0,
        "rhx_defrost_pressure_level": 0,
        "heat_exchanger_regulator_lvl": 0,
        "room_temp_set_point": 16,
        "min_temperature_set_point": 0,
        "max_temperature_set_point": 0
    },
    {
        "timestamp": "2025-02-12T19:10:01.424576",
        "co2": 445,
        "co2_sensor_data": 0,
        "outdoor_temperature": 5981,
        "supply_air_flow_pressure": 0,
        "supply_air_flow": 15,
        "ahu_filter_pressure_level": 2756,
        "fan_levels": 10000,
        "reheat_regulation_level": 0,
        "cooling_regulation_level": 0,
        "duct_pressure": 0,
        "voc_level": 0,
        "rhx_operation_level": 8399,
        "rhx_efficiency": 0,
        "rhx_defrost_pressure_level": 0,
        "heat_exchanger_regulator_lvl": 0,
        "room_temp_set_point": 16,
        "min_temperature_set_point": 0,
        "max_temperature_set_point": 0
    },
    {
        "timestamp": "2025-02-12T19:20:01.837789",
        "co2": 451,
        "co2_sensor_data": 0,
        "outdoor_temperature": 5981,
        "supply_air_flow_pressure": 0,
        "supply_air_flow": 15,
        "ahu_filter_pressure_level": 2402,
        "fan_levels": 10000,
        "reheat_regulation_level": 0,
        "cooling_regulation_level": 0,
        "duct_pressure": 0,
        "voc_level": 0,
        "rhx_operation_level": 8400,
        "rhx_efficiency": 0,
        "rhx_defrost_pressure_level": 0,
        "heat_exchanger_regulator_lvl": 0,
        "room_temp_set_point": 16,
        "min_temperature_set_point": 0,
        "max_temperature_set_point": 0
    },
    {
        "timestamp": "2025-02-12T19:30:02.033999",
        "co2": 441,
        "co2_sensor_data": 0,
        "outdoor_temperature": 5981,
        "supply_air_flow_pressure": 0,
        "supply_air_flow": 15,
        "ahu_filter_pressure_level": 2866,
        "fan_levels": 9602,
        "reheat_regulation_level": 0,
        "cooling_regulation_level": 0,
        "duct_pressure": 0,
        "voc_level": 0,
        "rhx_operation_level": 8401,
        "rhx_efficiency": 0,
        "rhx_defrost_pressure_level": 0,
        "heat_exchanger_regulator_lvl": 0,
        "room_temp_set_point": 16,
        "min_temperature_set_point": 0,
        "max_temperature_set_point": 0
    },
    {
        "timestamp": "2025-02-12T19:40:02.159592",
        "co2": 434,
        "co2_sensor_data": 0,
        "outdoor_temperature": 5981,
        "supply_air_flow_pressure": 0,
        "supply_air_flow": 14,
        "ahu_filter_pressure_level": 3623,
        "fan_levels": 10000,
        "reheat_regulation_level": 0,
        "cooling_regulation_level": 0,
        "duct_pressure": 0,
        "voc_level": 0,
        "rhx_operation_level": 8407,
        "rhx_efficiency": 0,
        "rhx_defrost_pressure_level": 0,
        "heat_exchanger_regulator_lvl": 0,
        "room_temp_set_point": 16,
        "min_temperature_set_point": 0,
        "max_temperature_set_point": 0
    },
    {
        "timestamp": "2025-02-12T19:50:01.340100",
        "co2": 439,
        "co2_sensor_data": 0,
        "outdoor_temperature": 5981,
        "supply_air_flow_pressure": 0,
        "supply_air_flow": 14,
        "ahu_filter_pressure_level": 3040,
        "fan_levels": 10000,
        "reheat_regulation_level": 0,
        "cooling_regulation_level": 0,
        "duct_pressure": 0,
        "voc_level": 0,
        "rhx_operation_level": 8319,
        "rhx_efficiency": 0,
        "rhx_defrost_pressure_level": 0,
        "heat_exchanger_regulator_lvl": 0,
        "room_temp_set_point": 16,
        "min_temperature_set_point": 0,
        "max_temperature_set_point": 0
    },
    {
        "timestamp": "2025-02-12T20:00:01.414232",
        "co2": 436,
        "co2_sensor_data": 0,
        "outdoor_temperature": 5981,
        "supply_air_flow_pressure": 0,
        "supply_air_flow": 14,
        "ahu_filter_pressure_level": 2729,
        "fan_levels": 10000,
        "reheat_regulation_level": 0,
        "cooling_regulation_level": 0,
        "duct_pressure": 0,
        "voc_level": 0,
        "rhx_operation_level": 8400,
        "rhx_efficiency": 0,
        "rhx_defrost_pressure_level": 0,
        "heat_exchanger_regulator_lvl": 0,
        "room_temp_set_point": 16,
        "min_temperature_set_point": 0,
        "max_temperature_set_point": 0
    },
    {
        "timestamp": "2025-02-12T20:10:01.539500",
        "co2": 431,
        "co2_sensor_data": 0,
        "outdoor_temperature": 5981,
        "supply_air_flow_pressure": 0,
        "supply_air_flow": 15,
        "ahu_filter_pressure_level": 2340,
        "fan_levels": 10000,
        "reheat_regulation_level": 0,
        "cooling_regulation_level": 0,
        "duct_pressure": 0,
        "voc_level": 0,
        "rhx_operation_level": 8400,
        "rhx_efficiency": 0,
        "rhx_defrost_pressure_level": 0,
        "heat_exchanger_regulator_lvl": 0,
        "room_temp_set_point": 16,
        "min_temperature_set_point": 0,
        "max_temperature_set_point": 0
    },
    {
        "timestamp": "2025-02-12T20:20:01.797381",
        "co2": 435,
        "co2_sensor_data": 0,
        "outdoor_temperature": 5981,
        "supply_air_flow_pressure": 0,
        "supply_air_flow": 14,
        "ahu_filter_pressure_level": 2900,
        "fan_levels": 10000,
        "reheat_regulation_level": 0,
        "cooling_regulation_level": 0,
        "duct_pressure": 0,
        "voc_level": 0,
        "rhx_operation_level": 8394,
        "rhx_efficiency": 0,
        "rhx_defrost_pressure_level": 0,
        "heat_exchanger_regulator_lvl": 0,
        "room_temp_set_point": 16,
        "min_temperature_set_point": 0,
        "max_temperature_set_point": 0
    },
    {
        "timestamp": "2025-02-12T20:30:02.059358",
        "co2": 432,
        "co2_sensor_data": 0,
        "outdoor_temperature": 5981,
        "supply_air_flow_pressure": 0,
        "supply_air_flow": 14,
        "ahu_filter_pressure_level": 3556,
        "fan_levels": 10000,
        "reheat_regulation_level": 0,
        "cooling_regulation_level": 0,
        "duct_pressure": 0,
        "voc_level": 0,
        "rhx_operation_level": 8402,
        "rhx_efficiency": 0,
        "rhx_defrost_pressure_level": 0,
        "heat_exchanger_regulator_lvl": 0,
        "room_temp_set_point": 16,
        "min_temperature_set_point": 0,
        "max_temperature_set_point": 0
    },
    {
        "timestamp": "2025-02-12T20:40:01.426741",
        "co2": 432,
        "co2_sensor_data": 0,
        "outdoor_temperature": 5981,
        "supply_air_flow_pressure": 0,
        "supply_air_flow": 14,
        "ahu_filter_pressure_level": 2997,
        "fan_levels": 10000,
        "reheat_regulation_level": 0,
        "cooling_regulation_level": 0,
        "duct_pressure": 0,
        "voc_level": 0,
        "rhx_operation_level": 8398,
        "rhx_efficiency": 0,
        "rhx_defrost_pressure_level": 0,
        "heat_exchanger_regulator_lvl": 0,
        "room_temp_set_point": 16,
        "min_temperature_set_point": 0,
        "max_temperature_set_point": 0
    },
    {
        "timestamp": "2025-02-12T20:50:01.756303",
        "co2": 426,
        "co2_sensor_data": 0,
        "outdoor_temperature": 5981,
        "supply_air_flow_pressure": 0,
        "supply_air_flow": 14,
        "ahu_filter_pressure_level": 2687,
        "fan_levels": 10000,
        "reheat_regulation_level": 0,
        "cooling_regulation_level": 0,
        "duct_pressure": 0,
        "voc_level": 0,
        "rhx_operation_level": 8400,
        "rhx_efficiency": 0,
        "rhx_defrost_pressure_level": 0,
        "heat_exchanger_regulator_lvl": 0,
        "room_temp_set_point": 16,
        "min_temperature_set_point": 0,
        "max_temperature_set_point": 0
    },
    {
        "timestamp": "2025-02-12T21:00:02.003694",
        "co2": 426,
        "co2_sensor_data": 0,
        "outdoor_temperature": 5981,
        "supply_air_flow_pressure": 0,
        "supply_air_flow": 14,
        "ahu_filter_pressure_level": 2312,
        "fan_levels": 10000,
        "reheat_regulation_level": 0,
        "cooling_regulation_level": 0,
        "duct_pressure": 0,
        "voc_level": 0,
        "rhx_operation_level": 8400,
        "rhx_efficiency": 0,
        "rhx_defrost_pressure_level": 0,
        "heat_exchanger_regulator_lvl": 0,
        "room_temp_set_point": 16,
        "min_temperature_set_point": 0,
        "max_temperature_set_point": 0
    },
    {
        "timestamp": "2025-02-12T21:10:01.299794",
        "co2": 432,
        "co2_sensor_data": 0,
        "outdoor_temperature": 5981,
        "supply_air_flow_pressure": 0,
        "supply_air_flow": 15,
        "ahu_filter_pressure_level": 3303,
        "fan_levels": 8816,
        "reheat_regulation_level": 0,
        "cooling_regulation_level": 0,
        "duct_pressure": 0,
        "voc_level": 0,
        "rhx_operation_level": 8400,
        "rhx_efficiency": 0,
        "rhx_defrost_pressure_level": 0,
        "heat_exchanger_regulator_lvl": 0,
        "room_temp_set_point": 16,
        "min_temperature_set_point": 0,
        "max_temperature_set_point": 0
    },
    {
        "timestamp": "2025-02-12T21:20:01.428944",
        "co2": 424,
        "co2_sensor_data": 0,
        "outdoor_temperature": 5981,
        "supply_air_flow_pressure": 0,
        "supply_air_flow": 13,
        "ahu_filter_pressure_level": 3391,
        "fan_levels": 10000,
        "reheat_regulation_level": 0,
        "cooling_regulation_level": 0,
        "duct_pressure": 0,
        "voc_level": 0,
        "rhx_operation_level": 8402,
        "rhx_efficiency": 0,
        "rhx_defrost_pressure_level": 0,
        "heat_exchanger_regulator_lvl": 0,
        "room_temp_set_point": 16,
        "min_temperature_set_point": 0,
        "max_temperature_set_point": 0
    },
    {
        "timestamp": "2025-02-12T21:30:01.535038",
        "co2": 428,
        "co2_sensor_data": 0,
        "outdoor_temperature": 5981,
        "supply_air_flow_pressure": 0,
        "supply_air_flow": 14,
        "ahu_filter_pressure_level": 2931,
        "fan_levels": 10000,
        "reheat_regulation_level": 0,
        "cooling_regulation_level": 0,
        "duct_pressure": 0,
        "voc_level": 0,
        "rhx_operation_level": 8400,
        "rhx_efficiency": 0,
        "rhx_defrost_pressure_level": 0,
        "heat_exchanger_regulator_lvl": 0,
        "room_temp_set_point": 16,
        "min_temperature_set_point": 0,
        "max_temperature_set_point": 0
    },
    {
        "timestamp": "2025-02-12T21:40:01.845105",
        "co2": 428,
        "co2_sensor_data": 0,
        "outdoor_temperature": 5981,
        "supply_air_flow_pressure": 0,
        "supply_air_flow": 14,
        "ahu_filter_pressure_level": 2691,
        "fan_levels": 10000,
        "reheat_regulation_level": 0,
        "cooling_regulation_level": 0,
        "duct_pressure": 0,
        "voc_level": 0,
        "rhx_operation_level": 8397,
        "rhx_efficiency": 0,
        "rhx_defrost_pressure_level": 0,
        "heat_exchanger_regulator_lvl": 0,
        "room_temp_set_point": 16,
        "min_temperature_set_point": 0,
        "max_temperature_set_point": 0
    },
    {
        "timestamp": "2025-02-12T21:50:02.025433",
        "co2": 431,
        "co2_sensor_data": 0,
        "outdoor_temperature": 5981,
        "supply_air_flow_pressure": 0,
        "supply_air_flow": 14,
        "ahu_filter_pressure_level": 2355,
        "fan_levels": 10000,
        "reheat_regulation_level": 0,
        "cooling_regulation_level": 0,
        "duct_pressure": 0,
        "voc_level": 0,
        "rhx_operation_level": 8399,
        "rhx_efficiency": 0,
        "rhx_defrost_pressure_level": 0,
        "heat_exchanger_regulator_lvl": 0,
        "room_temp_set_point": 16,
        "min_temperature_set_point": 0,
        "max_temperature_set_point": 0
    },
    {
        "timestamp": "2025-02-12T22:00:02.154803",
        "co2": 430,
        "co2_sensor_data": 0,
        "outdoor_temperature": 5981,
        "supply_air_flow_pressure": 0,
        "supply_air_flow": 14,
        "ahu_filter_pressure_level": 2916,
        "fan_levels": 9130,
        "reheat_regulation_level": 0,
        "cooling_regulation_level": 0,
        "duct_pressure": 0,
        "voc_level": 0,
        "rhx_operation_level": 8399,
        "rhx_efficiency": 0,
        "rhx_defrost_pressure_level": 0,
        "heat_exchanger_regulator_lvl": 0,
        "room_temp_set_point": 16,
        "min_temperature_set_point": 0,
        "max_temperature_set_point": 0
    },
    {
        "timestamp": "2025-02-12T22:10:01.282144",
        "co2": 429,
        "co2_sensor_data": 0,
        "outdoor_temperature": 5981,
        "supply_air_flow_pressure": 0,
        "supply_air_flow": 15,
        "ahu_filter_pressure_level": 2335,
        "fan_levels": 10000,
        "reheat_regulation_level": 0,
        "cooling_regulation_level": 0,
        "duct_pressure": 0,
        "voc_level": 0,
        "rhx_operation_level": 8400,
        "rhx_efficiency": 0,
        "rhx_defrost_pressure_level": 0,
        "heat_exchanger_regulator_lvl": 0,
        "room_temp_set_point": 16,
        "min_temperature_set_point": 0,
        "max_temperature_set_point": 0
    },
    {
        "timestamp": "2025-02-12T22:20:01.398762",
        "co2": 430,
        "co2_sensor_data": 0,
        "outdoor_temperature": 5981,
        "supply_air_flow_pressure": 0,
        "supply_air_flow": 15,
        "ahu_filter_pressure_level": 2389,
        "fan_levels": 10000,
        "reheat_regulation_level": 0,
        "cooling_regulation_level": 0,
        "duct_pressure": 0,
        "voc_level": 0,
        "rhx_operation_level": 8401,
        "rhx_efficiency": 0,
        "rhx_defrost_pressure_level": 0,
        "heat_exchanger_regulator_lvl": 0,
        "room_temp_set_point": 16,
        "min_temperature_set_point": 0,
        "max_temperature_set_point": 0
    },
    {
        "timestamp": "2025-02-12T22:30:01.449736",
        "co2": 425,
        "co2_sensor_data": 0,
        "outdoor_temperature": 5981,
        "supply_air_flow_pressure": 0,
        "supply_air_flow": 15,
        "ahu_filter_pressure_level": 2670,
        "fan_levels": 9673,
        "reheat_regulation_level": 0,
        "cooling_regulation_level": 0,
        "duct_pressure": 0,
        "voc_level": 0,
        "rhx_operation_level": 8399,
        "rhx_efficiency": 0,
        "rhx_defrost_pressure_level": 0,
        "heat_exchanger_regulator_lvl": 0,
        "room_temp_set_point": 16,
        "min_temperature_set_point": 0,
        "max_temperature_set_point": 0
    },
    {
        "timestamp": "2025-02-12T22:40:01.488842",
        "co2": 426,
        "co2_sensor_data": 0,
        "outdoor_temperature": 5981,
        "supply_air_flow_pressure": 0,
        "supply_air_flow": 14,
        "ahu_filter_pressure_level": 2965,
        "fan_levels": 10000,
        "reheat_regulation_level": 0,
        "cooling_regulation_level": 0,
        "duct_pressure": 0,
        "voc_level": 0,
        "rhx_operation_level": 8400,
        "rhx_efficiency": 0,
        "rhx_defrost_pressure_level": 0,
        "heat_exchanger_regulator_lvl": 0,
        "room_temp_set_point": 16,
        "min_temperature_set_point": 0,
        "max_temperature_set_point": 0
    },
    {
        "timestamp": "2025-02-12T22:50:01.810145",
        "co2": 427,
        "co2_sensor_data": 0,
        "outdoor_temperature": 5981,
        "supply_air_flow_pressure": 0,
        "supply_air_flow": 15,
        "ahu_filter_pressure_level": 2112,
        "fan_levels": 10000,
        "reheat_regulation_level": 0,
        "cooling_regulation_level": 0,
        "duct_pressure": 0,
        "voc_level": 0,
        "rhx_operation_level": 8400,
        "rhx_efficiency": 0,
        "rhx_defrost_pressure_level": 0,
        "heat_exchanger_regulator_lvl": 0,
        "room_temp_set_point": 16,
        "min_temperature_set_point": 0,
        "max_temperature_set_point": 0
    },
    {
        "timestamp": "2025-02-12T23:00:01.779578",
        "co2": 431,
        "co2_sensor_data": 0,
        "outdoor_temperature": 5981,
        "supply_air_flow_pressure": 0,
        "supply_air_flow": 15,
        "ahu_filter_pressure_level": 3471,
        "fan_levels": 7132,
        "reheat_regulation_level": 0,
        "cooling_regulation_level": 0,
        "duct_pressure": 0,
        "voc_level": 0,
        "rhx_operation_level": 8400,
        "rhx_efficiency": 0,
        "rhx_defrost_pressure_level": 0,
        "heat_exchanger_regulator_lvl": 0,
        "room_temp_set_point": 16,
        "min_temperature_set_point": 0,
        "max_temperature_set_point": 0
    },
    {
        "timestamp": "2025-02-12T23:10:02.146710",
        "co2": 430,
        "co2_sensor_data": 0,
        "outdoor_temperature": 5981,
        "supply_air_flow_pressure": 0,
        "supply_air_flow": 15,
        "ahu_filter_pressure_level": 2606,
        "fan_levels": 10000,
        "reheat_regulation_level": 0,
        "cooling_regulation_level": 0,
        "duct_pressure": 0,
        "voc_level": 0,
        "rhx_operation_level": 8401,
        "rhx_efficiency": 0,
        "rhx_defrost_pressure_level": 0,
        "heat_exchanger_regulator_lvl": 0,
        "room_temp_set_point": 16,
        "min_temperature_set_point": 0,
        "max_temperature_set_point": 0
    },
    {
        "timestamp": "2025-02-12T23:20:01.189491",
        "co2": 429,
        "co2_sensor_data": 0,
        "outdoor_temperature": 5981,
        "supply_air_flow_pressure": 0,
        "supply_air_flow": 15,
        "ahu_filter_pressure_level": 2057,
        "fan_levels": 10000,
        "reheat_regulation_level": 0,
        "cooling_regulation_level": 0,
        "duct_pressure": 0,
        "voc_level": 0,
        "rhx_operation_level": 8404,
        "rhx_efficiency": 0,
        "rhx_defrost_pressure_level": 0,
        "heat_exchanger_regulator_lvl": 0,
        "room_temp_set_point": 16,
        "min_temperature_set_point": 0,
        "max_temperature_set_point": 0
    },
    {
        "timestamp": "2025-02-12T23:30:01.376814",
        "co2": 427,
        "co2_sensor_data": 0,
        "outdoor_temperature": 5981,
        "supply_air_flow_pressure": 0,
        "supply_air_flow": 15,
        "ahu_filter_pressure_level": 3344,
        "fan_levels": 10000,
        "reheat_regulation_level": 0,
        "cooling_regulation_level": 0,
        "duct_pressure": 0,
        "voc_level": 0,
        "rhx_operation_level": 8402,
        "rhx_efficiency": 0,
        "rhx_defrost_pressure_level": 0,
        "heat_exchanger_regulator_lvl": 0,
        "room_temp_set_point": 16,
        "min_temperature_set_point": 0,
        "max_temperature_set_point": 0
    },
    {
        "timestamp": "2025-02-12T23:40:01.377003",
        "co2": 430,
        "co2_sensor_data": 0,
        "outdoor_temperature": 5981,
        "supply_air_flow_pressure": 0,
        "supply_air_flow": 15,
        "ahu_filter_pressure_level": 2206,
        "fan_levels": 10000,
        "reheat_regulation_level": 0,
        "cooling_regulation_level": 0,
        "duct_pressure": 0,
        "voc_level": 0,
        "rhx_operation_level": 8402,
        "rhx_efficiency": 0,
        "rhx_defrost_pressure_level": 0,
        "heat_exchanger_regulator_lvl": 0,
        "room_temp_set_point": 16,
        "min_temperature_set_point": 0,
        "max_temperature_set_point": 0
    },
    {
        "timestamp": "2025-02-12T23:50:01.511695",
        "co2": 429,
        "co2_sensor_data": 0,
        "outdoor_temperature": 5981,
        "supply_air_flow_pressure": 0,
        "supply_air_flow": 15,
        "ahu_filter_pressure_level": 2462,
        "fan_levels": 10000,
        "reheat_regulation_level": 0,
        "cooling_regulation_level": 0,
        "duct_pressure": 0,
        "voc_level": 0,
        "rhx_operation_level": 8402,
        "rhx_efficiency": 0,
        "rhx_defrost_pressure_level": 0,
        "heat_exchanger_regulator_lvl": 0,
        "room_temp_set_point": 16,
        "min_temperature_set_point": 0,
        "max_temperature_set_point": 0
    }
]