[
    {
        "timestamp": "2025-02-07T00:00:02.147862",
        "co2": 473,
        "co2_sensor_data": 0,
        "outdoor_temperature": 5975,
        "supply_air_flow_pressure": 0,
        "supply_air_flow": 14,
        "ahu_filter_pressure_level": 2564,
        "fan_levels": 9686,
        "reheat_regulation_level": 0,
        "cooling_regulation_level": 0,
        "duct_pressure": 0,
        "voc_level": 0,
        "rhx_operation_level": 8400,
        "rhx_efficiency": 0,
        "rhx_defrost_pressure_level": 0,
        "heat_exchanger_regulator_lvl": 0,
        "room_temp_set_point": 16,
        "min_temperature_set_point": 0,
        "max_temperature_set_point": 0
    },
    {
        "timestamp": "2025-02-07T00:10:01.238922",
        "co2": 470,
        "co2_sensor_data": 0,
        "outdoor_temperature": 5975,
        "supply_air_flow_pressure": 0,
        "supply_air_flow": 14,
        "ahu_filter_pressure_level": 2952,
        "fan_levels": 10000,
        "reheat_regulation_level": 0,
        "cooling_regulation_level": 0,
        "duct_pressure": 0,
        "voc_level": 0,
        "rhx_operation_level": 8400,
        "rhx_efficiency": 0,
        "rhx_defrost_pressure_level": 0,
        "heat_exchanger_regulator_lvl": 0,
        "room_temp_set_point": 16,
        "min_temperature_set_point": 0,
        "max_temperature_set_point": 0
    },
    {
        "timestamp": "2025-02-07T00:20:01.548019",
        "co2": 476,
        "co2_sensor_data": 0,
        "outdoor_temperature": 5975,
        "supply_air_flow_pressure": 0,
        "supply_air_flow": 14,
        "ahu_filter_pressure_level": 2048,
        "fan_levels": 10000,
        "reheat_regulation_level": 0,
        "cooling_regulation_level": 0,
        "duct_pressure": 0,
        "voc_level": 0,
        "rhx_operation_level": 8398,
        "rhx_efficiency": 0,
        "rhx_defrost_pressure_level": 0,
        "heat_exchanger_regulator_lvl": 0,
        "room_temp_set_point": 16,
        "min_temperature_set_point": 0,
        "max_temperature_set_point": 0
    },
    {
        "timestamp": "2025-02-07T00:30:01.590607",
        "co2": 473,
        "co2_sensor_data": 0,
        "outdoor_temperature": 5975,
        "supply_air_flow_pressure": 0,
        "supply_air_flow": 15,
        "ahu_filter_pressure_level": 3382,
        "fan_levels": 7511,
        "reheat_regulation_level": 0,
        "cooling_regulation_level": 0,
        "duct_pressure": 0,
        "voc_level": 0,
        "rhx_operation_level": 8400,
        "rhx_efficiency": 0,
        "rhx_defrost_pressure_level": 0,
        "heat_exchanger_regulator_lvl": 0,
        "room_temp_set_point": 16,
        "min_temperature_set_point": 0,
        "max_temperature_set_point": 0
    },
    {
        "timestamp": "2025-02-07T00:40:01.817531",
        "co2": 477,
        "co2_sensor_data": 0,
        "outdoor_temperature": 5975,
        "supply_air_flow_pressure": 0,
        "supply_air_flow": 14,
        "ahu_filter_pressure_level": 1862,
        "fan_levels": 10000,
        "reheat_regulation_level": 0,
        "cooling_regulation_level": 0,
        "duct_pressure": 0,
        "voc_level": 0,
        "rhx_operation_level": 8398,
        "rhx_efficiency": 0,
        "rhx_defrost_pressure_level": 0,
        "heat_exchanger_regulator_lvl": 0,
        "room_temp_set_point": 16,
        "min_temperature_set_point": 0,
        "max_temperature_set_point": 0
    },
    {
        "timestamp": "2025-02-07T00:50:01.798131",
        "co2": 474,
        "co2_sensor_data": 0,
        "outdoor_temperature": 5975,
        "supply_air_flow_pressure": 0,
        "supply_air_flow": 14,
        "ahu_filter_pressure_level": 2303,
        "fan_levels": 10000,
        "reheat_regulation_level": 0,
        "cooling_regulation_level": 0,
        "duct_pressure": 0,
        "voc_level": 0,
        "rhx_operation_level": 8397,
        "rhx_efficiency": 0,
        "rhx_defrost_pressure_level": 0,
        "heat_exchanger_regulator_lvl": 0,
        "room_temp_set_point": 16,
        "min_temperature_set_point": 0,
        "max_temperature_set_point": 0
    },
    {
        "timestamp": "2025-02-07T01:00:01.673784",
        "co2": 473,
        "co2_sensor_data": 0,
        "outdoor_temperature": 5975,
        "supply_air_flow_pressure": 0,
        "supply_air_flow": 15,
        "ahu_filter_pressure_level": 3316,
        "fan_levels": 7496,
        "reheat_regulation_level": 0,
        "cooling_regulation_level": 0,
        "duct_pressure": 0,
        "voc_level": 0,
        "rhx_operation_level": 8398,
        "rhx_efficiency": 0,
        "rhx_defrost_pressure_level": 0,
        "heat_exchanger_regulator_lvl": 0,
        "room_temp_set_point": 16,
        "min_temperature_set_point": 0,
        "max_temperature_set_point": 0
    },
    {
        "timestamp": "2025-02-07T01:10:02.016209",
        "co2": 466,
        "co2_sensor_data": 0,
        "outdoor_temperature": 5975,
        "supply_air_flow_pressure": 0,
        "supply_air_flow": 15,
        "ahu_filter_pressure_level": 2741,
        "fan_levels": 10000,
        "reheat_regulation_level": 0,
        "cooling_regulation_level": 0,
        "duct_pressure": 0,
        "voc_level": 0,
        "rhx_operation_level": 8400,
        "rhx_efficiency": 0,
        "rhx_defrost_pressure_level": 0,
        "heat_exchanger_regulator_lvl": 0,
        "room_temp_set_point": 16,
        "min_temperature_set_point": 0,
        "max_temperature_set_point": 0
    },
    {
        "timestamp": "2025-02-07T01:20:01.453220",
        "co2": 473,
        "co2_sensor_data": 0,
        "outdoor_temperature": 5975,
        "supply_air_flow_pressure": 0,
        "supply_air_flow": 15,
        "ahu_filter_pressure_level": 2162,
        "fan_levels": 10000,
        "reheat_regulation_level": 0,
        "cooling_regulation_level": 0,
        "duct_pressure": 0,
        "voc_level": 0,
        "rhx_operation_level": 8397,
        "rhx_efficiency": 0,
        "rhx_defrost_pressure_level": 0,
        "heat_exchanger_regulator_lvl": 0,
        "room_temp_set_point": 16,
        "min_temperature_set_point": 0,
        "max_temperature_set_point": 0
    },
    {
        "timestamp": "2025-02-07T01:30:01.372113",
        "co2": 477,
        "co2_sensor_data": 0,
        "outdoor_temperature": 5975,
        "supply_air_flow_pressure": 0,
        "supply_air_flow": 14,
        "ahu_filter_pressure_level": 3660,
        "fan_levels": 10000,
        "reheat_regulation_level": 0,
        "cooling_regulation_level": 0,
        "duct_pressure": 0,
        "voc_level": 0,
        "rhx_operation_level": 8397,
        "rhx_efficiency": 0,
        "rhx_defrost_pressure_level": 0,
        "heat_exchanger_regulator_lvl": 0,
        "room_temp_set_point": 16,
        "min_temperature_set_point": 0,
        "max_temperature_set_point": 0
    },
    {
        "timestamp": "2025-02-07T01:40:01.334095",
        "co2": 468,
        "co2_sensor_data": 0,
        "outdoor_temperature": 5975,
        "supply_air_flow_pressure": 0,
        "supply_air_flow": 15,
        "ahu_filter_pressure_level": 2352,
        "fan_levels": 10000,
        "reheat_regulation_level": 0,
        "cooling_regulation_level": 0,
        "duct_pressure": 0,
        "voc_level": 0,
        "rhx_operation_level": 8401,
        "rhx_efficiency": 0,
        "rhx_defrost_pressure_level": 0,
        "heat_exchanger_regulator_lvl": 0,
        "room_temp_set_point": 16,
        "min_temperature_set_point": 0,
        "max_temperature_set_point": 0
    },
    {
        "timestamp": "2025-02-07T01:50:01.245652",
        "co2": 473,
        "co2_sensor_data": 0,
        "outdoor_temperature": 5975,
        "supply_air_flow_pressure": 0,
        "supply_air_flow": 14,
        "ahu_filter_pressure_level": 2384,
        "fan_levels": 10000,
        "reheat_regulation_level": 0,
        "cooling_regulation_level": 0,
        "duct_pressure": 0,
        "voc_level": 0,
        "rhx_operation_level": 8401,
        "rhx_efficiency": 0,
        "rhx_defrost_pressure_level": 0,
        "heat_exchanger_regulator_lvl": 0,
        "room_temp_set_point": 16,
        "min_temperature_set_point": 0,
        "max_temperature_set_point": 0
    },
    {
        "timestamp": "2025-02-07T02:00:01.174066",
        "co2": 469,
        "co2_sensor_data": 0,
        "outdoor_temperature": 5975,
        "supply_air_flow_pressure": 0,
        "supply_air_flow": 14,
        "ahu_filter_pressure_level": 3137,
        "fan_levels": 10000,
        "reheat_regulation_level": 0,
        "cooling_regulation_level": 0,
        "duct_pressure": 0,
        "voc_level": 0,
        "rhx_operation_level": 8400,
        "rhx_efficiency": 0,
        "rhx_defrost_pressure_level": 0,
        "heat_exchanger_regulator_lvl": 0,
        "room_temp_set_point": 16,
        "min_temperature_set_point": 0,
        "max_temperature_set_point": 0
    },
    {
        "timestamp": "2025-02-07T02:10:02.108556",
        "co2": 470,
        "co2_sensor_data": 0,
        "outdoor_temperature": 5975,
        "supply_air_flow_pressure": 0,
        "supply_air_flow": 14,
        "ahu_filter_pressure_level": 1970,
        "fan_levels": 10000,
        "reheat_regulation_level": 0,
        "cooling_regulation_level": 0,
        "duct_pressure": 0,
        "voc_level": 0,
        "rhx_operation_level": 8400,
        "rhx_efficiency": 0,
        "rhx_defrost_pressure_level": 0,
        "heat_exchanger_regulator_lvl": 0,
        "room_temp_set_point": 16,
        "min_temperature_set_point": 0,
        "max_temperature_set_point": 0
    },
    {
        "timestamp": "2025-02-07T02:20:01.988641",
        "co2": 473,
        "co2_sensor_data": 0,
        "outdoor_temperature": 5975,
        "supply_air_flow_pressure": 0,
        "supply_air_flow": 15,
        "ahu_filter_pressure_level": 2962,
        "fan_levels": 7695,
        "reheat_regulation_level": 0,
        "cooling_regulation_level": 0,
        "duct_pressure": 0,
        "voc_level": 0,
        "rhx_operation_level": 8401,
        "rhx_efficiency": 0,
        "rhx_defrost_pressure_level": 0,
        "heat_exchanger_regulator_lvl": 0,
        "room_temp_set_point": 16,
        "min_temperature_set_point": 0,
        "max_temperature_set_point": 0
    },
    {
        "timestamp": "2025-02-07T02:30:01.865414",
        "co2": 467,
        "co2_sensor_data": 0,
        "outdoor_temperature": 5975,
        "supply_air_flow_pressure": 0,
        "supply_air_flow": 14,
        "ahu_filter_pressure_level": 2683,
        "fan_levels": 10000,
        "reheat_regulation_level": 0,
        "cooling_regulation_level": 0,
        "duct_pressure": 0,
        "voc_level": 0,
        "rhx_operation_level": 8400,
        "rhx_efficiency": 0,
        "rhx_defrost_pressure_level": 0,
        "heat_exchanger_regulator_lvl": 0,
        "room_temp_set_point": 16,
        "min_temperature_set_point": 0,
        "max_temperature_set_point": 0
    },
    {
        "timestamp": "2025-02-07T02:40:01.716414",
        "co2": 466,
        "co2_sensor_data": 0,
        "outdoor_temperature": 5975,
        "supply_air_flow_pressure": 0,
        "supply_air_flow": 14,
        "ahu_filter_pressure_level": 1936,
        "fan_levels": 10000,
        "reheat_regulation_level": 0,
        "cooling_regulation_level": 0,
        "duct_pressure": 0,
        "voc_level": 0,
        "rhx_operation_level": 8402,
        "rhx_efficiency": 0,
        "rhx_defrost_pressure_level": 0,
        "heat_exchanger_regulator_lvl": 0,
        "room_temp_set_point": 16,
        "min_temperature_set_point": 0,
        "max_temperature_set_point": 0
    },
    {
        "timestamp": "2025-02-07T02:50:01.688163",
        "co2": 476,
        "co2_sensor_data": 0,
        "outdoor_temperature": 5975,
        "supply_air_flow_pressure": 0,
        "supply_air_flow": 15,
        "ahu_filter_pressure_level": 3504,
        "fan_levels": 10000,
        "reheat_regulation_level": 0,
        "cooling_regulation_level": 0,
        "duct_pressure": 0,
        "voc_level": 0,
        "rhx_operation_level": 8403,
        "rhx_efficiency": 0,
        "rhx_defrost_pressure_level": 0,
        "heat_exchanger_regulator_lvl": 0,
        "room_temp_set_point": 16,
        "min_temperature_set_point": 0,
        "max_temperature_set_point": 0
    },
    {
        "timestamp": "2025-02-07T03:00:01.575547",
        "co2": 471,
        "co2_sensor_data": 0,
        "outdoor_temperature": 5975,
        "supply_air_flow_pressure": 0,
        "supply_air_flow": 14,
        "ahu_filter_pressure_level": 2146,
        "fan_levels": 10000,
        "reheat_regulation_level": 0,
        "cooling_regulation_level": 0,
        "duct_pressure": 0,
        "voc_level": 0,
        "rhx_operation_level": 8401,
        "rhx_efficiency": 0,
        "rhx_defrost_pressure_level": 0,
        "heat_exchanger_regulator_lvl": 0,
        "room_temp_set_point": 16,
        "min_temperature_set_point": 0,
        "max_temperature_set_point": 0
    },
    {
        "timestamp": "2025-02-07T03:10:01.487492",
        "co2": 471,
        "co2_sensor_data": 0,
        "outdoor_temperature": 5976,
        "supply_air_flow_pressure": 0,
        "supply_air_flow": 15,
        "ahu_filter_pressure_level": 2434,
        "fan_levels": 9933,
        "reheat_regulation_level": 0,
        "cooling_regulation_level": 0,
        "duct_pressure": 0,
        "voc_level": 0,
        "rhx_operation_level": 8403,
        "rhx_efficiency": 0,
        "rhx_defrost_pressure_level": 0,
        "heat_exchanger_regulator_lvl": 0,
        "room_temp_set_point": 16,
        "min_temperature_set_point": 0,
        "max_temperature_set_point": 0
    },
    {
        "timestamp": "2025-02-07T03:20:01.393455",
        "co2": 470,
        "co2_sensor_data": 0,
        "outdoor_temperature": 5976,
        "supply_air_flow_pressure": 0,
        "supply_air_flow": 14,
        "ahu_filter_pressure_level": 3046,
        "fan_levels": 10000,
        "reheat_regulation_level": 0,
        "cooling_regulation_level": 0,
        "duct_pressure": 0,
        "voc_level": 0,
        "rhx_operation_level": 8399,
        "rhx_efficiency": 0,
        "rhx_defrost_pressure_level": 0,
        "heat_exchanger_regulator_lvl": 0,
        "room_temp_set_point": 16,
        "min_temperature_set_point": 0,
        "max_temperature_set_point": 0
    },
    {
        "timestamp": "2025-02-07T03:30:01.334013",
        "co2": 470,
        "co2_sensor_data": 0,
        "outdoor_temperature": 5976,
        "supply_air_flow_pressure": 0,
        "supply_air_flow": 14,
        "ahu_filter_pressure_level": 1918,
        "fan_levels": 10000,
        "reheat_regulation_level": 0,
        "cooling_regulation_level": 0,
        "duct_pressure": 0,
        "voc_level": 0,
        "rhx_operation_level": 8401,
        "rhx_efficiency": 0,
        "rhx_defrost_pressure_level": 0,
        "heat_exchanger_regulator_lvl": 0,
        "room_temp_set_point": 16,
        "min_temperature_set_point": 0,
        "max_temperature_set_point": 0
    },
    {
        "timestamp": "2025-02-07T03:40:01.212943",
        "co2": 472,
        "co2_sensor_data": 0,
        "outdoor_temperature": 5976,
        "supply_air_flow_pressure": 0,
        "supply_air_flow": 14,
        "ahu_filter_pressure_level": 3113,
        "fan_levels": 7212,
        "reheat_regulation_level": 0,
        "cooling_regulation_level": 0,
        "duct_pressure": 0,
        "voc_level": 0,
        "rhx_operation_level": 8398,
        "rhx_efficiency": 0,
        "rhx_defrost_pressure_level": 0,
        "heat_exchanger_regulator_lvl": 0,
        "room_temp_set_point": 16,
        "min_temperature_set_point": 0,
        "max_temperature_set_point": 0
    },
    {
        "timestamp": "2025-02-07T03:50:01.476760",
        "co2": 472,
        "co2_sensor_data": 0,
        "outdoor_temperature": 5976,
        "supply_air_flow_pressure": 0,
        "supply_air_flow": 14,
        "ahu_filter_pressure_level": 2595,
        "fan_levels": 10000,
        "reheat_regulation_level": 0,
        "cooling_regulation_level": 0,
        "duct_pressure": 0,
        "voc_level": 0,
        "rhx_operation_level": 8400,
        "rhx_efficiency": 0,
        "rhx_defrost_pressure_level": 0,
        "heat_exchanger_regulator_lvl": 0,
        "room_temp_set_point": 16,
        "min_temperature_set_point": 0,
        "max_temperature_set_point": 0
    },
    {
        "timestamp": "2025-02-07T04:00:01.388407",
        "co2": 466,
        "co2_sensor_data": 0,
        "outdoor_temperature": 5976,
        "supply_air_flow_pressure": 0,
        "supply_air_flow": 14,
        "ahu_filter_pressure_level": 1881,
        "fan_levels": 10000,
        "reheat_regulation_level": 0,
        "cooling_regulation_level": 0,
        "duct_pressure": 0,
        "voc_level": 0,
        "rhx_operation_level": 8401,
        "rhx_efficiency": 0,
        "rhx_defrost_pressure_level": 0,
        "heat_exchanger_regulator_lvl": 0,
        "room_temp_set_point": 16,
        "min_temperature_set_point": 0,
        "max_temperature_set_point": 0
    },
    {
        "timestamp": "2025-02-07T04:10:01.427963",
        "co2": 469,
        "co2_sensor_data": 0,
        "outdoor_temperature": 5976,
        "supply_air_flow_pressure": 0,
        "supply_air_flow": 14,
        "ahu_filter_pressure_level": 3530,
        "fan_levels": 10000,
        "reheat_regulation_level": 0,
        "cooling_regulation_level": 0,
        "duct_pressure": 0,
        "voc_level": 0,
        "rhx_operation_level": 8397,
        "rhx_efficiency": 0,
        "rhx_defrost_pressure_level": 0,
        "heat_exchanger_regulator_lvl": 0,
        "room_temp_set_point": 16,
        "min_temperature_set_point": 0,
        "max_temperature_set_point": 0
    },
    {
        "timestamp": "2025-02-07T04:20:01.531933",
        "co2": 471,
        "co2_sensor_data": 0,
        "outdoor_temperature": 5976,
        "supply_air_flow_pressure": 0,
        "supply_air_flow": 14,
        "ahu_filter_pressure_level": 2199,
        "fan_levels": 10000,
        "reheat_regulation_level": 0,
        "cooling_regulation_level": 0,
        "duct_pressure": 0,
        "voc_level": 0,
        "rhx_operation_level": 8400,
        "rhx_efficiency": 0,
        "rhx_defrost_pressure_level": 0,
        "heat_exchanger_regulator_lvl": 0,
        "room_temp_set_point": 16,
        "min_temperature_set_point": 0,
        "max_temperature_set_point": 0
    },
    {
        "timestamp": "2025-02-07T04:30:01.538504",
        "co2": 468,
        "co2_sensor_data": 0,
        "outdoor_temperature": 5976,
        "supply_air_flow_pressure": 0,
        "supply_air_flow": 14,
        "ahu_filter_pressure_level": 2529,
        "fan_levels": 9295,
        "reheat_regulation_level": 0,
        "cooling_regulation_level": 0,
        "duct_pressure": 0,
        "voc_level": 0,
        "rhx_operation_level": 8400,
        "rhx_efficiency": 0,
        "rhx_defrost_pressure_level": 0,
        "heat_exchanger_regulator_lvl": 0,
        "room_temp_set_point": 16,
        "min_temperature_set_point": 0,
        "max_temperature_set_point": 0
    },
    {
        "timestamp": "2025-02-07T04:40:01.494638",
        "co2": 469,
        "co2_sensor_data": 0,
        "outdoor_temperature": 5976,
        "supply_air_flow_pressure": 0,
        "supply_air_flow": 14,
        "ahu_filter_pressure_level": 2930,
        "fan_levels": 10000,
        "reheat_regulation_level": 0,
        "cooling_regulation_level": 0,
        "duct_pressure": 0,
        "voc_level": 0,
        "rhx_operation_level": 8400,
        "rhx_efficiency": 0,
        "rhx_defrost_pressure_level": 0,
        "heat_exchanger_regulator_lvl": 0,
        "room_temp_set_point": 16,
        "min_temperature_set_point": 0,
        "max_temperature_set_point": 0
    },
    {
        "timestamp": "2025-02-07T04:50:01.620195",
        "co2": 470,
        "co2_sensor_data": 0,
        "outdoor_temperature": 5976,
        "supply_air_flow_pressure": 0,
        "supply_air_flow": 15,
        "ahu_filter_pressure_level": 2023,
        "fan_levels": 10000,
        "reheat_regulation_level": 0,
        "cooling_regulation_level": 0,
        "duct_pressure": 0,
        "voc_level": 0,
        "rhx_operation_level": 8400,
        "rhx_efficiency": 0,
        "rhx_defrost_pressure_level": 0,
        "heat_exchanger_regulator_lvl": 0,
        "room_temp_set_point": 16,
        "min_temperature_set_point": 0,
        "max_temperature_set_point": 0
    },
    {
        "timestamp": "2025-02-07T05:00:01.695289",
        "co2": 474,
        "co2_sensor_data": 0,
        "outdoor_temperature": 5976,
        "supply_air_flow_pressure": 0,
        "supply_air_flow": 14,
        "ahu_filter_pressure_level": 3812,
        "fan_levels": 2632,
        "reheat_regulation_level": 0,
        "cooling_regulation_level": 0,
        "duct_pressure": 0,
        "voc_level": 0,
        "rhx_operation_level": 8398,
        "rhx_efficiency": 0,
        "rhx_defrost_pressure_level": 0,
        "heat_exchanger_regulator_lvl": 0,
        "room_temp_set_point": 16,
        "min_temperature_set_point": 0,
        "max_temperature_set_point": 0
    },
    {
        "timestamp": "2025-02-07T05:10:01.750014",
        "co2": 471,
        "co2_sensor_data": 0,
        "outdoor_temperature": 5976,
        "supply_air_flow_pressure": 0,
        "supply_air_flow": 14,
        "ahu_filter_pressure_level": 2475,
        "fan_levels": 10000,
        "reheat_regulation_level": 0,
        "cooling_regulation_level": 0,
        "duct_pressure": 0,
        "voc_level": 0,
        "rhx_operation_level": 8396,
        "rhx_efficiency": 0,
        "rhx_defrost_pressure_level": 0,
        "heat_exchanger_regulator_lvl": 0,
        "room_temp_set_point": 16,
        "min_temperature_set_point": 0,
        "max_temperature_set_point": 0
    },
    {
        "timestamp": "2025-02-07T05:20:01.830897",
        "co2": 473,
        "co2_sensor_data": 0,
        "outdoor_temperature": 5976,
        "supply_air_flow_pressure": 0,
        "supply_air_flow": 14,
        "ahu_filter_pressure_level": 2264,
        "fan_levels": 10000,
        "reheat_regulation_level": 0,
        "cooling_regulation_level": 0,
        "duct_pressure": 0,
        "voc_level": 0,
        "rhx_operation_level": 8400,
        "rhx_efficiency": 0,
        "rhx_defrost_pressure_level": 0,
        "heat_exchanger_regulator_lvl": 0,
        "room_temp_set_point": 16,
        "min_temperature_set_point": 0,
        "max_temperature_set_point": 0
    },
    {
        "timestamp": "2025-02-07T05:30:01.890096",
        "co2": 475,
        "co2_sensor_data": 0,
        "outdoor_temperature": 5976,
        "supply_air_flow_pressure": 0,
        "supply_air_flow": 14,
        "ahu_filter_pressure_level": 3182,
        "fan_levels": 10000,
        "reheat_regulation_level": 0,
        "cooling_regulation_level": 0,
        "duct_pressure": 0,
        "voc_level": 0,
        "rhx_operation_level": 8400,
        "rhx_efficiency": 0,
        "rhx_defrost_pressure_level": 0,
        "heat_exchanger_regulator_lvl": 0,
        "room_temp_set_point": 16,
        "min_temperature_set_point": 0,
        "max_temperature_set_point": 0
    },
    {
        "timestamp": "2025-02-07T05:40:01.956266",
        "co2": 473,
        "co2_sensor_data": 0,
        "outdoor_temperature": 5976,
        "supply_air_flow_pressure": 0,
        "supply_air_flow": 15,
        "ahu_filter_pressure_level": 2012,
        "fan_levels": 10000,
        "reheat_regulation_level": 0,
        "cooling_regulation_level": 0,
        "duct_pressure": 0,
        "voc_level": 0,
        "rhx_operation_level": 8402,
        "rhx_efficiency": 0,
        "rhx_defrost_pressure_level": 0,
        "heat_exchanger_regulator_lvl": 0,
        "room_temp_set_point": 16,
        "min_temperature_set_point": 0,
        "max_temperature_set_point": 0
    },
    {
        "timestamp": "2025-02-07T05:50:01.977601",
        "co2": 478,
        "co2_sensor_data": 0,
        "outdoor_temperature": 5976,
        "supply_air_flow_pressure": 0,
        "supply_air_flow": 14,
        "ahu_filter_pressure_level": 2726,
        "fan_levels": 9316,
        "reheat_regulation_level": 0,
        "cooling_regulation_level": 0,
        "duct_pressure": 0,
        "voc_level": 0,
        "rhx_operation_level": 8400,
        "rhx_efficiency": 0,
        "rhx_defrost_pressure_level": 0,
        "heat_exchanger_regulator_lvl": 0,
        "room_temp_set_point": 16,
        "min_temperature_set_point": 0,
        "max_temperature_set_point": 0
    },
    {
        "timestamp": "2025-02-07T06:00:01.998427",
        "co2": 476,
        "co2_sensor_data": 0,
        "outdoor_temperature": 5976,
        "supply_air_flow_pressure": 0,
        "supply_air_flow": 14,
        "ahu_filter_pressure_level": 2964,
        "fan_levels": 10000,
        "reheat_regulation_level": 0,
        "cooling_regulation_level": 0,
        "duct_pressure": 0,
        "voc_level": 0,
        "rhx_operation_level": 8396,
        "rhx_efficiency": 0,
        "rhx_defrost_pressure_level": 0,
        "heat_exchanger_regulator_lvl": 0,
        "room_temp_set_point": 16,
        "min_temperature_set_point": 0,
        "max_temperature_set_point": 0
    },
    {
        "timestamp": "2025-02-07T06:10:01.170469",
        "co2": 470,
        "co2_sensor_data": 0,
        "outdoor_temperature": 5976,
        "supply_air_flow_pressure": 0,
        "supply_air_flow": 14,
        "ahu_filter_pressure_level": 1464,
        "fan_levels": 10000,
        "reheat_regulation_level": 0,
        "cooling_regulation_level": 0,
        "duct_pressure": 0,
        "voc_level": 0,
        "rhx_operation_level": 8397,
        "rhx_efficiency": 0,
        "rhx_defrost_pressure_level": 0,
        "heat_exchanger_regulator_lvl": 0,
        "room_temp_set_point": 16,
        "min_temperature_set_point": 0,
        "max_temperature_set_point": 0
    },
    {
        "timestamp": "2025-02-07T06:20:02.141324",
        "co2": 472,
        "co2_sensor_data": 0,
        "outdoor_temperature": 5976,
        "supply_air_flow_pressure": 0,
        "supply_air_flow": 14,
        "ahu_filter_pressure_level": 3018,
        "fan_levels": 10000,
        "reheat_regulation_level": 0,
        "cooling_regulation_level": 0,
        "duct_pressure": 0,
        "voc_level": 0,
        "rhx_operation_level": 8401,
        "rhx_efficiency": 0,
        "rhx_defrost_pressure_level": 0,
        "heat_exchanger_regulator_lvl": 0,
        "room_temp_set_point": 16,
        "min_temperature_set_point": 0,
        "max_temperature_set_point": 0
    },
    {
        "timestamp": "2025-02-07T06:30:02.120571",
        "co2": 473,
        "co2_sensor_data": 0,
        "outdoor_temperature": 5976,
        "supply_air_flow_pressure": 0,
        "supply_air_flow": 14,
        "ahu_filter_pressure_level": 2856,
        "fan_levels": 10000,
        "reheat_regulation_level": 0,
        "cooling_regulation_level": 0,
        "duct_pressure": 0,
        "voc_level": 0,
        "rhx_operation_level": 8401,
        "rhx_efficiency": 0,
        "rhx_defrost_pressure_level": 0,
        "heat_exchanger_regulator_lvl": 0,
        "room_temp_set_point": 16,
        "min_temperature_set_point": 0,
        "max_temperature_set_point": 0
    },
    {
        "timestamp": "2025-02-07T06:40:01.206130",
        "co2": 482,
        "co2_sensor_data": 0,
        "outdoor_temperature": 5976,
        "supply_air_flow_pressure": 0,
        "supply_air_flow": 36,
        "ahu_filter_pressure_level": 2022,
        "fan_levels": 10000,
        "reheat_regulation_level": 0,
        "cooling_regulation_level": 0,
        "duct_pressure": 0,
        "voc_level": 0,
        "rhx_operation_level": 8345,
        "rhx_efficiency": 0,
        "rhx_defrost_pressure_level": 0,
        "heat_exchanger_regulator_lvl": 0,
        "room_temp_set_point": 16,
        "min_temperature_set_point": 0,
        "max_temperature_set_point": 0
    },
    {
        "timestamp": "2025-02-07T06:50:01.333618",
        "co2": 481,
        "co2_sensor_data": 0,
        "outdoor_temperature": 5976,
        "supply_air_flow_pressure": 0,
        "supply_air_flow": 36,
        "ahu_filter_pressure_level": 2942,
        "fan_levels": 7213,
        "reheat_regulation_level": 0,
        "cooling_regulation_level": 0,
        "duct_pressure": 0,
        "voc_level": 0,
        "rhx_operation_level": 8302,
        "rhx_efficiency": 0,
        "rhx_defrost_pressure_level": 0,
        "heat_exchanger_regulator_lvl": 0,
        "room_temp_set_point": 16,
        "min_temperature_set_point": 0,
        "max_temperature_set_point": 0
    },
    {
        "timestamp": "2025-02-07T07:00:01.525753",
        "co2": 477,
        "co2_sensor_data": 0,
        "outdoor_temperature": 5976,
        "supply_air_flow_pressure": 0,
        "supply_air_flow": 35,
        "ahu_filter_pressure_level": 2861,
        "fan_levels": 10000,
        "reheat_regulation_level": 0,
        "cooling_regulation_level": 0,
        "duct_pressure": 0,
        "voc_level": 0,
        "rhx_operation_level": 8299,
        "rhx_efficiency": 0,
        "rhx_defrost_pressure_level": 0,
        "heat_exchanger_regulator_lvl": 0,
        "room_temp_set_point": 16,
        "min_temperature_set_point": 0,
        "max_temperature_set_point": 0
    },
    {
        "timestamp": "2025-02-07T07:10:01.697731",
        "co2": 482,
        "co2_sensor_data": 0,
        "outdoor_temperature": 5976,
        "supply_air_flow_pressure": 0,
        "supply_air_flow": 35,
        "ahu_filter_pressure_level": 1544,
        "fan_levels": 10000,
        "reheat_regulation_level": 0,
        "cooling_regulation_level": 0,
        "duct_pressure": 0,
        "voc_level": 0,
        "rhx_operation_level": 8300,
        "rhx_efficiency": 0,
        "rhx_defrost_pressure_level": 0,
        "heat_exchanger_regulator_lvl": 0,
        "room_temp_set_point": 16,
        "min_temperature_set_point": 0,
        "max_temperature_set_point": 0
    },
    {
        "timestamp": "2025-02-07T07:20:01.888339",
        "co2": 481,
        "co2_sensor_data": 0,
        "outdoor_temperature": 5976,
        "supply_air_flow_pressure": 0,
        "supply_air_flow": 35,
        "ahu_filter_pressure_level": 3619,
        "fan_levels": 10000,
        "reheat_regulation_level": 0,
        "cooling_regulation_level": 0,
        "duct_pressure": 0,
        "voc_level": 0,
        "rhx_operation_level": 8303,
        "rhx_efficiency": 0,
        "rhx_defrost_pressure_level": 0,
        "heat_exchanger_regulator_lvl": 0,
        "room_temp_set_point": 16,
        "min_temperature_set_point": 0,
        "max_temperature_set_point": 0
    },
    {
        "timestamp": "2025-02-07T07:30:02.023424",
        "co2": 478,
        "co2_sensor_data": 0,
        "outdoor_temperature": 5976,
        "supply_air_flow_pressure": 0,
        "supply_air_flow": 35,
        "ahu_filter_pressure_level": 2238,
        "fan_levels": 10000,
        "reheat_regulation_level": 0,
        "cooling_regulation_level": 0,
        "duct_pressure": 0,
        "voc_level": 0,
        "rhx_operation_level": 8310,
        "rhx_efficiency": 0,
        "rhx_defrost_pressure_level": 0,
        "heat_exchanger_regulator_lvl": 0,
        "room_temp_set_point": 16,
        "min_temperature_set_point": 0,
        "max_temperature_set_point": 0
    },
    {
        "timestamp": "2025-02-07T07:40:02.038927",
        "co2": 487,
        "co2_sensor_data": 0,
        "outdoor_temperature": 5976,
        "supply_air_flow_pressure": 0,
        "supply_air_flow": 35,
        "ahu_filter_pressure_level": 2617,
        "fan_levels": 8303,
        "reheat_regulation_level": 0,
        "cooling_regulation_level": 0,
        "duct_pressure": 0,
        "voc_level": 0,
        "rhx_operation_level": 8300,
        "rhx_efficiency": 0,
        "rhx_defrost_pressure_level": 0,
        "heat_exchanger_regulator_lvl": 0,
        "room_temp_set_point": 16,
        "min_temperature_set_point": 0,
        "max_temperature_set_point": 0
    },
    {
        "timestamp": "2025-02-07T07:50:02.093095",
        "co2": 490,
        "co2_sensor_data": 0,
        "outdoor_temperature": 5976,
        "supply_air_flow_pressure": 0,
        "supply_air_flow": 34,
        "ahu_filter_pressure_level": 3057,
        "fan_levels": 10000,
        "reheat_regulation_level": 0,
        "cooling_regulation_level": 0,
        "duct_pressure": 0,
        "voc_level": 0,
        "rhx_operation_level": 8300,
        "rhx_efficiency": 0,
        "rhx_defrost_pressure_level": 0,
        "heat_exchanger_regulator_lvl": 0,
        "room_temp_set_point": 16,
        "min_temperature_set_point": 0,
        "max_temperature_set_point": 0
    },
    {
        "timestamp": "2025-02-07T08:00:02.128995",
        "co2": 495,
        "co2_sensor_data": 0,
        "outdoor_temperature": 5976,
        "supply_air_flow_pressure": 0,
        "supply_air_flow": 36,
        "ahu_filter_pressure_level": 1471,
        "fan_levels": 10000,
        "reheat_regulation_level": 0,
        "cooling_regulation_level": 0,
        "duct_pressure": 0,
        "voc_level": 0,
        "rhx_operation_level": 8300,
        "rhx_efficiency": 0,
        "rhx_defrost_pressure_level": 0,
        "heat_exchanger_regulator_lvl": 0,
        "room_temp_set_point": 16,
        "min_temperature_set_point": 0,
        "max_temperature_set_point": 0
    },
    {
        "timestamp": "2025-02-07T08:10:01.354043",
        "co2": 498,
        "co2_sensor_data": 0,
        "outdoor_temperature": 5976,
        "supply_air_flow_pressure": 0,
        "supply_air_flow": 35,
        "ahu_filter_pressure_level": 3772,
        "fan_levels": 6993,
        "reheat_regulation_level": 0,
        "cooling_regulation_level": 0,
        "duct_pressure": 0,
        "voc_level": 0,
        "rhx_operation_level": 8303,
        "rhx_efficiency": 0,
        "rhx_defrost_pressure_level": 0,
        "heat_exchanger_regulator_lvl": 0,
        "room_temp_set_point": 16,
        "min_temperature_set_point": 0,
        "max_temperature_set_point": 0
    },
    {
        "timestamp": "2025-02-07T08:20:01.452425",
        "co2": 503,
        "co2_sensor_data": 0,
        "outdoor_temperature": 5976,
        "supply_air_flow_pressure": 0,
        "supply_air_flow": 35,
        "ahu_filter_pressure_level": 2368,
        "fan_levels": 10000,
        "reheat_regulation_level": 0,
        "cooling_regulation_level": 0,
        "duct_pressure": 0,
        "voc_level": 0,
        "rhx_operation_level": 8301,
        "rhx_efficiency": 0,
        "rhx_defrost_pressure_level": 0,
        "heat_exchanger_regulator_lvl": 0,
        "room_temp_set_point": 16,
        "min_temperature_set_point": 0,
        "max_temperature_set_point": 0
    },
    {
        "timestamp": "2025-02-07T08:30:01.570567",
        "co2": 499,
        "co2_sensor_data": 0,
        "outdoor_temperature": 5976,
        "supply_air_flow_pressure": 0,
        "supply_air_flow": 35,
        "ahu_filter_pressure_level": 2634,
        "fan_levels": 8012,
        "reheat_regulation_level": 0,
        "cooling_regulation_level": 0,
        "duct_pressure": 0,
        "voc_level": 0,
        "rhx_operation_level": 8300,
        "rhx_efficiency": 0,
        "rhx_defrost_pressure_level": 0,
        "heat_exchanger_regulator_lvl": 0,
        "room_temp_set_point": 16,
        "min_temperature_set_point": 0,
        "max_temperature_set_point": 0
    },
    {
        "timestamp": "2025-02-07T08:40:01.677504",
        "co2": 495,
        "co2_sensor_data": 0,
        "outdoor_temperature": 5976,
        "supply_air_flow_pressure": 0,
        "supply_air_flow": 35,
        "ahu_filter_pressure_level": 2950,
        "fan_levels": 10000,
        "reheat_regulation_level": 0,
        "cooling_regulation_level": 0,
        "duct_pressure": 0,
        "voc_level": 0,
        "rhx_operation_level": 8300,
        "rhx_efficiency": 0,
        "rhx_defrost_pressure_level": 0,
        "heat_exchanger_regulator_lvl": 0,
        "room_temp_set_point": 16,
        "min_temperature_set_point": 0,
        "max_temperature_set_point": 0
    },
    {
        "timestamp": "2025-02-07T08:50:01.696592",
        "co2": 499,
        "co2_sensor_data": 0,
        "outdoor_temperature": 5976,
        "supply_air_flow_pressure": 0,
        "supply_air_flow": 36,
        "ahu_filter_pressure_level": 1455,
        "fan_levels": 9214,
        "reheat_regulation_level": 0,
        "cooling_regulation_level": 0,
        "duct_pressure": 0,
        "voc_level": 0,
        "rhx_operation_level": 8300,
        "rhx_efficiency": 0,
        "rhx_defrost_pressure_level": 0,
        "heat_exchanger_regulator_lvl": 0,
        "room_temp_set_point": 16,
        "min_temperature_set_point": 0,
        "max_temperature_set_point": 0
    },
    {
        "timestamp": "2025-02-07T09:00:01.770526",
        "co2": 505,
        "co2_sensor_data": 0,
        "outdoor_temperature": 5976,
        "supply_air_flow_pressure": 0,
        "supply_air_flow": 35,
        "ahu_filter_pressure_level": 3235,
        "fan_levels": 10000,
        "reheat_regulation_level": 0,
        "cooling_regulation_level": 0,
        "duct_pressure": 0,
        "voc_level": 0,
        "rhx_operation_level": 8300,
        "rhx_efficiency": 0,
        "rhx_defrost_pressure_level": 0,
        "heat_exchanger_regulator_lvl": 0,
        "room_temp_set_point": 16,
        "min_temperature_set_point": 0,
        "max_temperature_set_point": 0
    },
    {
        "timestamp": "2025-02-07T09:10:01.265713",
        "co2": 512,
        "co2_sensor_data": 0,
        "outdoor_temperature": 5976,
        "supply_air_flow_pressure": 0,
        "supply_air_flow": 35,
        "ahu_filter_pressure_level": 1572,
        "fan_levels": 10000,
        "reheat_regulation_level": 0,
        "cooling_regulation_level": 0,
        "duct_pressure": 0,
        "voc_level": 0,
        "rhx_operation_level": 8300,
        "rhx_efficiency": 0,
        "rhx_defrost_pressure_level": 0,
        "heat_exchanger_regulator_lvl": 0,
        "room_temp_set_point": 16,
        "min_temperature_set_point": 0,
        "max_temperature_set_point": 0
    },
    {
        "timestamp": "2025-02-07T09:20:01.486678",
        "co2": 501,
        "co2_sensor_data": 0,
        "outdoor_temperature": 5976,
        "supply_air_flow_pressure": 0,
        "supply_air_flow": 35,
        "ahu_filter_pressure_level": 3857,
        "fan_levels": 3272,
        "reheat_regulation_level": 0,
        "cooling_regulation_level": 0,
        "duct_pressure": 0,
        "voc_level": 0,
        "rhx_operation_level": 8300,
        "rhx_efficiency": 0,
        "rhx_defrost_pressure_level": 0,
        "heat_exchanger_regulator_lvl": 0,
        "room_temp_set_point": 16,
        "min_temperature_set_point": 0,
        "max_temperature_set_point": 0
    },
    {
        "timestamp": "2025-02-07T09:30:01.513257",
        "co2": 502,
        "co2_sensor_data": 0,
        "outdoor_temperature": 5976,
        "supply_air_flow_pressure": 0,
        "supply_air_flow": 35,
        "ahu_filter_pressure_level": 1900,
        "fan_levels": 10000,
        "reheat_regulation_level": 0,
        "cooling_regulation_level": 0,
        "duct_pressure": 0,
        "voc_level": 0,
        "rhx_operation_level": 8311,
        "rhx_efficiency": 0,
        "rhx_defrost_pressure_level": 0,
        "heat_exchanger_regulator_lvl": 0,
        "room_temp_set_point": 16,
        "min_temperature_set_point": 0,
        "max_temperature_set_point": 0
    },
    {
        "timestamp": "2025-02-07T09:40:01.583378",
        "co2": 499,
        "co2_sensor_data": 0,
        "outdoor_temperature": 5976,
        "supply_air_flow_pressure": 0,
        "supply_air_flow": 35,
        "ahu_filter_pressure_level": 3313,
        "fan_levels": 4586,
        "reheat_regulation_level": 0,
        "cooling_regulation_level": 0,
        "duct_pressure": 0,
        "voc_level": 0,
        "rhx_operation_level": 8306,
        "rhx_efficiency": 0,
        "rhx_defrost_pressure_level": 0,
        "heat_exchanger_regulator_lvl": 0,
        "room_temp_set_point": 16,
        "min_temperature_set_point": 0,
        "max_temperature_set_point": 0
    },
    {
        "timestamp": "2025-02-07T09:50:01.908950",
        "co2": 502,
        "co2_sensor_data": 0,
        "outdoor_temperature": 5976,
        "supply_air_flow_pressure": 0,
        "supply_air_flow": 36,
        "ahu_filter_pressure_level": 2074,
        "fan_levels": 10000,
        "reheat_regulation_level": 0,
        "cooling_regulation_level": 0,
        "duct_pressure": 0,
        "voc_level": 0,
        "rhx_operation_level": 8306,
        "rhx_efficiency": 0,
        "rhx_defrost_pressure_level": 0,
        "heat_exchanger_regulator_lvl": 0,
        "room_temp_set_point": 16,
        "min_temperature_set_point": 0,
        "max_temperature_set_point": 0
    },
    {
        "timestamp": "2025-02-07T10:00:01.213684",
        "co2": 496,
        "co2_sensor_data": 0,
        "outdoor_temperature": 5976,
        "supply_air_flow_pressure": 0,
        "supply_air_flow": 37,
        "ahu_filter_pressure_level": 3365,
        "fan_levels": 3332,
        "reheat_regulation_level": 0,
        "cooling_regulation_level": 0,
        "duct_pressure": 0,
        "voc_level": 0,
        "rhx_operation_level": 8301,
        "rhx_efficiency": 0,
        "rhx_defrost_pressure_level": 0,
        "heat_exchanger_regulator_lvl": 0,
        "room_temp_set_point": 16,
        "min_temperature_set_point": 0,
        "max_temperature_set_point": 0
    },
    {
        "timestamp": "2025-02-07T10:10:01.267053",
        "co2": 497,
        "co2_sensor_data": 0,
        "outdoor_temperature": 5976,
        "supply_air_flow_pressure": 0,
        "supply_air_flow": 36,
        "ahu_filter_pressure_level": 1281,
        "fan_levels": 9376,
        "reheat_regulation_level": 0,
        "cooling_regulation_level": 0,
        "duct_pressure": 0,
        "voc_level": 0,
        "rhx_operation_level": 8300,
        "rhx_efficiency": 0,
        "rhx_defrost_pressure_level": 0,
        "heat_exchanger_regulator_lvl": 0,
        "room_temp_set_point": 16,
        "min_temperature_set_point": 0,
        "max_temperature_set_point": 0
    },
    {
        "timestamp": "2025-02-07T10:20:02.075331",
        "co2": 492,
        "co2_sensor_data": 0,
        "outdoor_temperature": 5976,
        "supply_air_flow_pressure": 0,
        "supply_air_flow": 36,
        "ahu_filter_pressure_level": 3458,
        "fan_levels": 10000,
        "reheat_regulation_level": 0,
        "cooling_regulation_level": 0,
        "duct_pressure": 0,
        "voc_level": 0,
        "rhx_operation_level": 8300,
        "rhx_efficiency": 0,
        "rhx_defrost_pressure_level": 0,
        "heat_exchanger_regulator_lvl": 0,
        "room_temp_set_point": 16,
        "min_temperature_set_point": 0,
        "max_temperature_set_point": 0
    },
    {
        "timestamp": "2025-02-07T10:30:02.155474",
        "co2": 496,
        "co2_sensor_data": 0,
        "outdoor_temperature": 5976,
        "supply_air_flow_pressure": 0,
        "supply_air_flow": 36,
        "ahu_filter_pressure_level": 2112,
        "fan_levels": 3336,
        "reheat_regulation_level": 0,
        "cooling_regulation_level": 0,
        "duct_pressure": 0,
        "voc_level": 0,
        "rhx_operation_level": 8312,
        "rhx_efficiency": 0,
        "rhx_defrost_pressure_level": 0,
        "heat_exchanger_regulator_lvl": 0,
        "room_temp_set_point": 16,
        "min_temperature_set_point": 0,
        "max_temperature_set_point": 0
    },
    {
        "timestamp": "2025-02-07T10:40:01.239811",
        "co2": 498,
        "co2_sensor_data": 0,
        "outdoor_temperature": 5976,
        "supply_air_flow_pressure": 0,
        "supply_air_flow": 36,
        "ahu_filter_pressure_level": 1196,
        "fan_levels": 10000,
        "reheat_regulation_level": 0,
        "cooling_regulation_level": 0,
        "duct_pressure": 0,
        "voc_level": 0,
        "rhx_operation_level": 8300,
        "rhx_efficiency": 0,
        "rhx_defrost_pressure_level": 0,
        "heat_exchanger_regulator_lvl": 0,
        "room_temp_set_point": 16,
        "min_temperature_set_point": 0,
        "max_temperature_set_point": 0
    },
    {
        "timestamp": "2025-02-07T10:50:01.313928",
        "co2": 500,
        "co2_sensor_data": 0,
        "outdoor_temperature": 5976,
        "supply_air_flow_pressure": 0,
        "supply_air_flow": 35,
        "ahu_filter_pressure_level": 3622,
        "fan_levels": 3202,
        "reheat_regulation_level": 0,
        "cooling_regulation_level": 0,
        "duct_pressure": 0,
        "voc_level": 0,
        "rhx_operation_level": 8299,
        "rhx_efficiency": 0,
        "rhx_defrost_pressure_level": 0,
        "heat_exchanger_regulator_lvl": 0,
        "room_temp_set_point": 16,
        "min_temperature_set_point": 0,
        "max_temperature_set_point": 0
    },
    {
        "timestamp": "2025-02-07T11:00:01.425970",
        "co2": 504,
        "co2_sensor_data": 0,
        "outdoor_temperature": 5976,
        "supply_air_flow_pressure": 0,
        "supply_air_flow": 36,
        "ahu_filter_pressure_level": 2041,
        "fan_levels": 4451,
        "reheat_regulation_level": 0,
        "cooling_regulation_level": 0,
        "duct_pressure": 0,
        "voc_level": 0,
        "rhx_operation_level": 8301,
        "rhx_efficiency": 0,
        "rhx_defrost_pressure_level": 0,
        "heat_exchanger_regulator_lvl": 0,
        "room_temp_set_point": 16,
        "min_temperature_set_point": 0,
        "max_temperature_set_point": 0
    },
    {
        "timestamp": "2025-02-07T11:10:01.712012",
        "co2": 499,
        "co2_sensor_data": 0,
        "outdoor_temperature": 5976,
        "supply_air_flow_pressure": 0,
        "supply_air_flow": 36,
        "ahu_filter_pressure_level": 2331,
        "fan_levels": 10000,
        "reheat_regulation_level": 0,
        "cooling_regulation_level": 0,
        "duct_pressure": 0,
        "voc_level": 0,
        "rhx_operation_level": 8300,
        "rhx_efficiency": 0,
        "rhx_defrost_pressure_level": 0,
        "heat_exchanger_regulator_lvl": 0,
        "room_temp_set_point": 16,
        "min_temperature_set_point": 0,
        "max_temperature_set_point": 0
    },
    {
        "timestamp": "2025-02-07T11:20:01.822002",
        "co2": 493,
        "co2_sensor_data": 0,
        "outdoor_temperature": 5976,
        "supply_air_flow_pressure": 0,
        "supply_air_flow": 35,
        "ahu_filter_pressure_level": 2839,
        "fan_levels": 3722,
        "reheat_regulation_level": 0,
        "cooling_regulation_level": 0,
        "duct_pressure": 0,
        "voc_level": 0,
        "rhx_operation_level": 8300,
        "rhx_efficiency": 0,
        "rhx_defrost_pressure_level": 0,
        "heat_exchanger_regulator_lvl": 0,
        "room_temp_set_point": 16,
        "min_temperature_set_point": 0,
        "max_temperature_set_point": 0
    },
    {
        "timestamp": "2025-02-07T11:30:01.847119",
        "co2": 497,
        "co2_sensor_data": 0,
        "outdoor_temperature": 5976,
        "supply_air_flow_pressure": 0,
        "supply_air_flow": 34,
        "ahu_filter_pressure_level": 2031,
        "fan_levels": 4610,
        "reheat_regulation_level": 0,
        "cooling_regulation_level": 0,
        "duct_pressure": 0,
        "voc_level": 0,
        "rhx_operation_level": 8305,
        "rhx_efficiency": 0,
        "rhx_defrost_pressure_level": 0,
        "heat_exchanger_regulator_lvl": 0,
        "room_temp_set_point": 16,
        "min_temperature_set_point": 0,
        "max_temperature_set_point": 0
    },
    {
        "timestamp": "2025-02-07T11:40:01.977812",
        "co2": 502,
        "co2_sensor_data": 0,
        "outdoor_temperature": 5976,
        "supply_air_flow_pressure": 0,
        "supply_air_flow": 36,
        "ahu_filter_pressure_level": 2236,
        "fan_levels": 10000,
        "reheat_regulation_level": 0,
        "cooling_regulation_level": 0,
        "duct_pressure": 0,
        "voc_level": 0,
        "rhx_operation_level": 8301,
        "rhx_efficiency": 0,
        "rhx_defrost_pressure_level": 0,
        "heat_exchanger_regulator_lvl": 0,
        "room_temp_set_point": 16,
        "min_temperature_set_point": 0,
        "max_temperature_set_point": 0
    },
    {
        "timestamp": "2025-02-07T11:50:01.172914",
        "co2": 504,
        "co2_sensor_data": 0,
        "outdoor_temperature": 5976,
        "supply_air_flow_pressure": 0,
        "supply_air_flow": 36,
        "ahu_filter_pressure_level": 2919,
        "fan_levels": 2572,
        "reheat_regulation_level": 0,
        "cooling_regulation_level": 0,
        "duct_pressure": 0,
        "voc_level": 0,
        "rhx_operation_level": 8300,
        "rhx_efficiency": 0,
        "rhx_defrost_pressure_level": 0,
        "heat_exchanger_regulator_lvl": 0,
        "room_temp_set_point": 16,
        "min_temperature_set_point": 0,
        "max_temperature_set_point": 0
    },
    {
        "timestamp": "2025-02-07T12:00:01.282960",
        "co2": 529,
        "co2_sensor_data": 0,
        "outdoor_temperature": 5976,
        "supply_air_flow_pressure": 0,
        "supply_air_flow": 36,
        "ahu_filter_pressure_level": 2048,
        "fan_levels": 2750,
        "reheat_regulation_level": 0,
        "cooling_regulation_level": 0,
        "duct_pressure": 0,
        "voc_level": 0,
        "rhx_operation_level": 8300,
        "rhx_efficiency": 0,
        "rhx_defrost_pressure_level": 0,
        "heat_exchanger_regulator_lvl": 0,
        "room_temp_set_point": 16,
        "min_temperature_set_point": 0,
        "max_temperature_set_point": 0
    },
    {
        "timestamp": "2025-02-07T12:10:02.102767",
        "co2": 524,
        "co2_sensor_data": 0,
        "outdoor_temperature": 5976,
        "supply_air_flow_pressure": 0,
        "supply_air_flow": 36,
        "ahu_filter_pressure_level": 1943,
        "fan_levels": 3965,
        "reheat_regulation_level": 0,
        "cooling_regulation_level": 0,
        "duct_pressure": 0,
        "voc_level": 0,
        "rhx_operation_level": 8305,
        "rhx_efficiency": 0,
        "rhx_defrost_pressure_level": 0,
        "heat_exchanger_regulator_lvl": 0,
        "room_temp_set_point": 16,
        "min_temperature_set_point": 0,
        "max_temperature_set_point": 0
    },
    {
        "timestamp": "2025-02-07T12:20:01.170879",
        "co2": 528,
        "co2_sensor_data": 0,
        "outdoor_temperature": 5976,
        "supply_air_flow_pressure": 0,
        "supply_air_flow": 36,
        "ahu_filter_pressure_level": 1347,
        "fan_levels": 6932,
        "reheat_regulation_level": 0,
        "cooling_regulation_level": 0,
        "duct_pressure": 0,
        "voc_level": 0,
        "rhx_operation_level": 8302,
        "rhx_efficiency": 0,
        "rhx_defrost_pressure_level": 0,
        "heat_exchanger_regulator_lvl": 0,
        "room_temp_set_point": 16,
        "min_temperature_set_point": 0,
        "max_temperature_set_point": 0
    },
    {
        "timestamp": "2025-02-07T12:30:01.219678",
        "co2": 538,
        "co2_sensor_data": 0,
        "outdoor_temperature": 5976,
        "supply_air_flow_pressure": 0,
        "supply_air_flow": 36,
        "ahu_filter_pressure_level": 3331,
        "fan_levels": 10000,
        "reheat_regulation_level": 0,
        "cooling_regulation_level": 0,
        "duct_pressure": 0,
        "voc_level": 0,
        "rhx_operation_level": 8301,
        "rhx_efficiency": 0,
        "rhx_defrost_pressure_level": 0,
        "heat_exchanger_regulator_lvl": 0,
        "room_temp_set_point": 16,
        "min_temperature_set_point": 0,
        "max_temperature_set_point": 0
    },
    {
        "timestamp": "2025-02-07T12:40:01.796453",
        "co2": 571,
        "co2_sensor_data": 0,
        "outdoor_temperature": 5976,
        "supply_air_flow_pressure": 0,
        "supply_air_flow": 36,
        "ahu_filter_pressure_level": 2183,
        "fan_levels": 2135,
        "reheat_regulation_level": 0,
        "cooling_regulation_level": 0,
        "duct_pressure": 0,
        "voc_level": 0,
        "rhx_operation_level": 8300,
        "rhx_efficiency": 0,
        "rhx_defrost_pressure_level": 0,
        "heat_exchanger_regulator_lvl": 0,
        "room_temp_set_point": 16,
        "min_temperature_set_point": 0,
        "max_temperature_set_point": 0
    },
    {
        "timestamp": "2025-02-07T12:50:01.864260",
        "co2": 600,
        "co2_sensor_data": 0,
        "outdoor_temperature": 5976,
        "supply_air_flow_pressure": 0,
        "supply_air_flow": 37,
        "ahu_filter_pressure_level": 1989,
        "fan_levels": 2388,
        "reheat_regulation_level": 0,
        "cooling_regulation_level": 0,
        "duct_pressure": 0,
        "voc_level": 0,
        "rhx_operation_level": 8300,
        "rhx_efficiency": 0,
        "rhx_defrost_pressure_level": 0,
        "heat_exchanger_regulator_lvl": 0,
        "room_temp_set_point": 16,
        "min_temperature_set_point": 0,
        "max_temperature_set_point": 0
    },
    {
        "timestamp": "2025-02-07T13:00:01.195961",
        "co2": 577,
        "co2_sensor_data": 0,
        "outdoor_temperature": 5976,
        "supply_air_flow_pressure": 0,
        "supply_air_flow": 36,
        "ahu_filter_pressure_level": 1943,
        "fan_levels": 3037,
        "reheat_regulation_level": 0,
        "cooling_regulation_level": 0,
        "duct_pressure": 0,
        "voc_level": 0,
        "rhx_operation_level": 8300,
        "rhx_efficiency": 0,
        "rhx_defrost_pressure_level": 0,
        "heat_exchanger_regulator_lvl": 0,
        "room_temp_set_point": 16,
        "min_temperature_set_point": 0,
        "max_temperature_set_point": 0
    },
    {
        "timestamp": "2025-02-07T13:10:01.685616",
        "co2": 544,
        "co2_sensor_data": 0,
        "outdoor_temperature": 5976,
        "supply_air_flow_pressure": 0,
        "supply_air_flow": 37,
        "ahu_filter_pressure_level": 1918,
        "fan_levels": 3852,
        "reheat_regulation_level": 0,
        "cooling_regulation_level": 0,
        "duct_pressure": 0,
        "voc_level": 0,
        "rhx_operation_level": 8303,
        "rhx_efficiency": 0,
        "rhx_defrost_pressure_level": 0,
        "heat_exchanger_regulator_lvl": 0,
        "room_temp_set_point": 16,
        "min_temperature_set_point": 0,
        "max_temperature_set_point": 0
    },
    {
        "timestamp": "2025-02-07T13:20:01.972620",
        "co2": 524,
        "co2_sensor_data": 0,
        "outdoor_temperature": 5976,
        "supply_air_flow_pressure": 0,
        "supply_air_flow": 36,
        "ahu_filter_pressure_level": 1912,
        "fan_levels": 4583,
        "reheat_regulation_level": 0,
        "cooling_regulation_level": 0,
        "duct_pressure": 0,
        "voc_level": 0,
        "rhx_operation_level": 8301,
        "rhx_efficiency": 0,
        "rhx_defrost_pressure_level": 0,
        "heat_exchanger_regulator_lvl": 0,
        "room_temp_set_point": 16,
        "min_temperature_set_point": 0,
        "max_temperature_set_point": 0
    },
    {
        "timestamp": "2025-02-07T13:30:01.182048",
        "co2": 511,
        "co2_sensor_data": 0,
        "outdoor_temperature": 5976,
        "supply_air_flow_pressure": 0,
        "supply_air_flow": 36,
        "ahu_filter_pressure_level": 1912,
        "fan_levels": 5243,
        "reheat_regulation_level": 0,
        "cooling_regulation_level": 0,
        "duct_pressure": 0,
        "voc_level": 0,
        "rhx_operation_level": 8301,
        "rhx_efficiency": 0,
        "rhx_defrost_pressure_level": 0,
        "heat_exchanger_regulator_lvl": 0,
        "room_temp_set_point": 16,
        "min_temperature_set_point": 0,
        "max_temperature_set_point": 0
    },
    {
        "timestamp": "2025-02-07T13:40:01.377771",
        "co2": 504,
        "co2_sensor_data": 0,
        "outdoor_temperature": 5976,
        "supply_air_flow_pressure": 0,
        "supply_air_flow": 36,
        "ahu_filter_pressure_level": 3119,
        "fan_levels": 10000,
        "reheat_regulation_level": 0,
        "cooling_regulation_level": 0,
        "duct_pressure": 0,
        "voc_level": 0,
        "rhx_operation_level": 8300,
        "rhx_efficiency": 0,
        "rhx_defrost_pressure_level": 0,
        "heat_exchanger_regulator_lvl": 0,
        "room_temp_set_point": 16,
        "min_temperature_set_point": 0,
        "max_temperature_set_point": 0
    },
    {
        "timestamp": "2025-02-07T13:50:01.550803",
        "co2": 504,
        "co2_sensor_data": 0,
        "outdoor_temperature": 5976,
        "supply_air_flow_pressure": 0,
        "supply_air_flow": 35,
        "ahu_filter_pressure_level": 2267,
        "fan_levels": 4875,
        "reheat_regulation_level": 0,
        "cooling_regulation_level": 0,
        "duct_pressure": 0,
        "voc_level": 0,
        "rhx_operation_level": 8300,
        "rhx_efficiency": 0,
        "rhx_defrost_pressure_level": 0,
        "heat_exchanger_regulator_lvl": 0,
        "room_temp_set_point": 16,
        "min_temperature_set_point": 0,
        "max_temperature_set_point": 0
    },
    {
        "timestamp": "2025-02-07T14:00:01.717074",
        "co2": 493,
        "co2_sensor_data": 0,
        "outdoor_temperature": 5976,
        "supply_air_flow_pressure": 0,
        "supply_air_flow": 34,
        "ahu_filter_pressure_level": 1998,
        "fan_levels": 4678,
        "reheat_regulation_level": 0,
        "cooling_regulation_level": 0,
        "duct_pressure": 0,
        "voc_level": 0,
        "rhx_operation_level": 8298,
        "rhx_efficiency": 0,
        "rhx_defrost_pressure_level": 0,
        "heat_exchanger_regulator_lvl": 0,
        "room_temp_set_point": 16,
        "min_temperature_set_point": 0,
        "max_temperature_set_point": 0
    },
    {
        "timestamp": "2025-02-07T14:10:01.835786",
        "co2": 490,
        "co2_sensor_data": 0,
        "outdoor_temperature": 5976,
        "supply_air_flow_pressure": 0,
        "supply_air_flow": 36,
        "ahu_filter_pressure_level": 1931,
        "fan_levels": 4972,
        "reheat_regulation_level": 0,
        "cooling_regulation_level": 0,
        "duct_pressure": 0,
        "voc_level": 0,
        "rhx_operation_level": 8300,
        "rhx_efficiency": 0,
        "rhx_defrost_pressure_level": 0,
        "heat_exchanger_regulator_lvl": 0,
        "room_temp_set_point": 16,
        "min_temperature_set_point": 0,
        "max_temperature_set_point": 0
    },
    {
        "timestamp": "2025-02-07T14:20:02.055806",
        "co2": 493,
        "co2_sensor_data": 0,
        "outdoor_temperature": 5976,
        "supply_air_flow_pressure": 0,
        "supply_air_flow": 36,
        "ahu_filter_pressure_level": 2050,
        "fan_levels": 10000,
        "reheat_regulation_level": 0,
        "cooling_regulation_level": 0,
        "duct_pressure": 0,
        "voc_level": 0,
        "rhx_operation_level": 8300,
        "rhx_efficiency": 0,
        "rhx_defrost_pressure_level": 0,
        "heat_exchanger_regulator_lvl": 0,
        "room_temp_set_point": 16,
        "min_temperature_set_point": 0,
        "max_temperature_set_point": 0
    },
    {
        "timestamp": "2025-02-07T14:30:01.189209",
        "co2": 488,
        "co2_sensor_data": 0,
        "outdoor_temperature": 5976,
        "supply_air_flow_pressure": 0,
        "supply_air_flow": 36,
        "ahu_filter_pressure_level": 3000,
        "fan_levels": 5017,
        "reheat_regulation_level": 0,
        "cooling_regulation_level": 0,
        "duct_pressure": 0,
        "voc_level": 0,
        "rhx_operation_level": 8300,
        "rhx_efficiency": 0,
        "rhx_defrost_pressure_level": 0,
        "heat_exchanger_regulator_lvl": 0,
        "room_temp_set_point": 16,
        "min_temperature_set_point": 0,
        "max_temperature_set_point": 0
    },
    {
        "timestamp": "2025-02-07T14:40:01.351559",
        "co2": 488,
        "co2_sensor_data": 0,
        "outdoor_temperature": 5976,
        "supply_air_flow_pressure": 0,
        "supply_air_flow": 37,
        "ahu_filter_pressure_level": 2068,
        "fan_levels": 4276,
        "reheat_regulation_level": 0,
        "cooling_regulation_level": 0,
        "duct_pressure": 0,
        "voc_level": 0,
        "rhx_operation_level": 8300,
        "rhx_efficiency": 0,
        "rhx_defrost_pressure_level": 0,
        "heat_exchanger_regulator_lvl": 0,
        "room_temp_set_point": 16,
        "min_temperature_set_point": 0,
        "max_temperature_set_point": 0
    },
    {
        "timestamp": "2025-02-07T14:50:01.535327",
        "co2": 485,
        "co2_sensor_data": 0,
        "outdoor_temperature": 5976,
        "supply_air_flow_pressure": 0,
        "supply_air_flow": 37,
        "ahu_filter_pressure_level": 1968,
        "fan_levels": 4181,
        "reheat_regulation_level": 0,
        "cooling_regulation_level": 0,
        "duct_pressure": 0,
        "voc_level": 0,
        "rhx_operation_level": 8300,
        "rhx_efficiency": 0,
        "rhx_defrost_pressure_level": 0,
        "heat_exchanger_regulator_lvl": 0,
        "room_temp_set_point": 16,
        "min_temperature_set_point": 0,
        "max_temperature_set_point": 0
    },
    {
        "timestamp": "2025-02-07T15:00:01.633793",
        "co2": 482,
        "co2_sensor_data": 0,
        "outdoor_temperature": 5976,
        "supply_air_flow_pressure": 0,
        "supply_air_flow": 37,
        "ahu_filter_pressure_level": 1937,
        "fan_levels": 4366,
        "reheat_regulation_level": 0,
        "cooling_regulation_level": 0,
        "duct_pressure": 0,
        "voc_level": 0,
        "rhx_operation_level": 8300,
        "rhx_efficiency": 0,
        "rhx_defrost_pressure_level": 0,
        "heat_exchanger_regulator_lvl": 0,
        "room_temp_set_point": 16,
        "min_temperature_set_point": 0,
        "max_temperature_set_point": 0
    },
    {
        "timestamp": "2025-02-07T15:10:01.988252",
        "co2": 481,
        "co2_sensor_data": 0,
        "outdoor_temperature": 5976,
        "supply_air_flow_pressure": 0,
        "supply_air_flow": 37,
        "ahu_filter_pressure_level": 1923,
        "fan_levels": 4626,
        "reheat_regulation_level": 0,
        "cooling_regulation_level": 0,
        "duct_pressure": 0,
        "voc_level": 0,
        "rhx_operation_level": 8302,
        "rhx_efficiency": 0,
        "rhx_defrost_pressure_level": 0,
        "heat_exchanger_regulator_lvl": 0,
        "room_temp_set_point": 16,
        "min_temperature_set_point": 0,
        "max_temperature_set_point": 0
    },
    {
        "timestamp": "2025-02-07T15:20:01.265335",
        "co2": 480,
        "co2_sensor_data": 0,
        "outdoor_temperature": 5976,
        "supply_air_flow_pressure": 0,
        "supply_air_flow": 36,
        "ahu_filter_pressure_level": 1918,
        "fan_levels": 5015,
        "reheat_regulation_level": 0,
        "cooling_regulation_level": 0,
        "duct_pressure": 0,
        "voc_level": 0,
        "rhx_operation_level": 8303,
        "rhx_efficiency": 0,
        "rhx_defrost_pressure_level": 0,
        "heat_exchanger_regulator_lvl": 0,
        "room_temp_set_point": 16,
        "min_temperature_set_point": 0,
        "max_temperature_set_point": 0
    },
    {
        "timestamp": "2025-02-07T15:30:01.579540",
        "co2": 493,
        "co2_sensor_data": 0,
        "outdoor_temperature": 5976,
        "supply_air_flow_pressure": 0,
        "supply_air_flow": 36,
        "ahu_filter_pressure_level": 2099,
        "fan_levels": 10000,
        "reheat_regulation_level": 0,
        "cooling_regulation_level": 0,
        "duct_pressure": 0,
        "voc_level": 0,
        "rhx_operation_level": 8305,
        "rhx_efficiency": 0,
        "rhx_defrost_pressure_level": 0,
        "heat_exchanger_regulator_lvl": 0,
        "room_temp_set_point": 16,
        "min_temperature_set_point": 0,
        "max_temperature_set_point": 0
    },
    {
        "timestamp": "2025-02-07T15:40:02.136664",
        "co2": 529,
        "co2_sensor_data": 0,
        "outdoor_temperature": 5976,
        "supply_air_flow_pressure": 0,
        "supply_air_flow": 15,
        "ahu_filter_pressure_level": 3387,
        "fan_levels": 0,
        "reheat_regulation_level": 0,
        "cooling_regulation_level": 0,
        "duct_pressure": 0,
        "voc_level": 0,
        "rhx_operation_level": 8453,
        "rhx_efficiency": 0,
        "rhx_defrost_pressure_level": 0,
        "heat_exchanger_regulator_lvl": 0,
        "room_temp_set_point": 16,
        "min_temperature_set_point": 0,
        "max_temperature_set_point": 0
    },
    {
        "timestamp": "2025-02-07T15:50:01.589435",
        "co2": 522,
        "co2_sensor_data": 0,
        "outdoor_temperature": 5976,
        "supply_air_flow_pressure": 0,
        "supply_air_flow": 15,
        "ahu_filter_pressure_level": 2212,
        "fan_levels": 0,
        "reheat_regulation_level": 0,
        "cooling_regulation_level": 0,
        "duct_pressure": 0,
        "voc_level": 0,
        "rhx_operation_level": 7569,
        "rhx_efficiency": 0,
        "rhx_defrost_pressure_level": 0,
        "heat_exchanger_regulator_lvl": 0,
        "room_temp_set_point": 16,
        "min_temperature_set_point": 0,
        "max_temperature_set_point": 0
    },
    {
        "timestamp": "2025-02-07T16:00:01.738884",
        "co2": 513,
        "co2_sensor_data": 0,
        "outdoor_temperature": 5976,
        "supply_air_flow_pressure": 0,
        "supply_air_flow": 15,
        "ahu_filter_pressure_level": 2043,
        "fan_levels": 0,
        "reheat_regulation_level": 0,
        "cooling_regulation_level": 0,
        "duct_pressure": 0,
        "voc_level": 0,
        "rhx_operation_level": 7098,
        "rhx_efficiency": 0,
        "rhx_defrost_pressure_level": 0,
        "heat_exchanger_regulator_lvl": 0,
        "room_temp_set_point": 16,
        "min_temperature_set_point": 0,
        "max_temperature_set_point": 0
    },
    {
        "timestamp": "2025-02-07T16:10:01.724856",
        "co2": 506,
        "co2_sensor_data": 0,
        "outdoor_temperature": 5976,
        "supply_air_flow_pressure": 0,
        "supply_air_flow": 15,
        "ahu_filter_pressure_level": 1987,
        "fan_levels": 0,
        "reheat_regulation_level": 0,
        "cooling_regulation_level": 0,
        "duct_pressure": 0,
        "voc_level": 0,
        "rhx_operation_level": 8301,
        "rhx_efficiency": 0,
        "rhx_defrost_pressure_level": 0,
        "heat_exchanger_regulator_lvl": 0,
        "room_temp_set_point": 16,
        "min_temperature_set_point": 0,
        "max_temperature_set_point": 0
    },
    {
        "timestamp": "2025-02-07T16:20:01.840359",
        "co2": 500,
        "co2_sensor_data": 0,
        "outdoor_temperature": 5976,
        "supply_air_flow_pressure": 0,
        "supply_air_flow": 15,
        "ahu_filter_pressure_level": 1956,
        "fan_levels": 0,
        "reheat_regulation_level": 0,
        "cooling_regulation_level": 0,
        "duct_pressure": 0,
        "voc_level": 0,
        "rhx_operation_level": 8400,
        "rhx_efficiency": 0,
        "rhx_defrost_pressure_level": 0,
        "heat_exchanger_regulator_lvl": 0,
        "room_temp_set_point": 16,
        "min_temperature_set_point": 0,
        "max_temperature_set_point": 0
    },
    {
        "timestamp": "2025-02-07T16:30:01.895522",
        "co2": 500,
        "co2_sensor_data": 0,
        "outdoor_temperature": 5976,
        "supply_air_flow_pressure": 0,
        "supply_air_flow": 15,
        "ahu_filter_pressure_level": 1923,
        "fan_levels": 1486,
        "reheat_regulation_level": 0,
        "cooling_regulation_level": 0,
        "duct_pressure": 0,
        "voc_level": 0,
        "rhx_operation_level": 8400,
        "rhx_efficiency": 0,
        "rhx_defrost_pressure_level": 0,
        "heat_exchanger_regulator_lvl": 0,
        "room_temp_set_point": 16,
        "min_temperature_set_point": 0,
        "max_temperature_set_point": 0
    },
    {
        "timestamp": "2025-02-07T16:40:02.018393",
        "co2": 503,
        "co2_sensor_data": 0,
        "outdoor_temperature": 5976,
        "supply_air_flow_pressure": 0,
        "supply_air_flow": 15,
        "ahu_filter_pressure_level": 1898,
        "fan_levels": 5868,
        "reheat_regulation_level": 0,
        "cooling_regulation_level": 0,
        "duct_pressure": 0,
        "voc_level": 0,
        "rhx_operation_level": 8398,
        "rhx_efficiency": 0,
        "rhx_defrost_pressure_level": 0,
        "heat_exchanger_regulator_lvl": 0,
        "room_temp_set_point": 16,
        "min_temperature_set_point": 0,
        "max_temperature_set_point": 0
    },
    {
        "timestamp": "2025-02-07T16:50:02.139396",
        "co2": 500,
        "co2_sensor_data": 0,
        "outdoor_temperature": 5976,
        "supply_air_flow_pressure": 0,
        "supply_air_flow": 15,
        "ahu_filter_pressure_level": 2463,
        "fan_levels": 10000,
        "reheat_regulation_level": 0,
        "cooling_regulation_level": 0,
        "duct_pressure": 0,
        "voc_level": 0,
        "rhx_operation_level": 8402,
        "rhx_efficiency": 0,
        "rhx_defrost_pressure_level": 0,
        "heat_exchanger_regulator_lvl": 0,
        "room_temp_set_point": 16,
        "min_temperature_set_point": 0,
        "max_temperature_set_point": 0
    },
    {
        "timestamp": "2025-02-07T17:00:01.184499",
        "co2": 502,
        "co2_sensor_data": 0,
        "outdoor_temperature": 5976,
        "supply_air_flow_pressure": 0,
        "supply_air_flow": 15,
        "ahu_filter_pressure_level": 1538,
        "fan_levels": 9917,
        "reheat_regulation_level": 0,
        "cooling_regulation_level": 0,
        "duct_pressure": 0,
        "voc_level": 0,
        "rhx_operation_level": 8397,
        "rhx_efficiency": 0,
        "rhx_defrost_pressure_level": 0,
        "heat_exchanger_regulator_lvl": 0,
        "room_temp_set_point": 16,
        "min_temperature_set_point": 0,
        "max_temperature_set_point": 0
    },
    {
        "timestamp": "2025-02-07T17:10:01.238185",
        "co2": 498,
        "co2_sensor_data": 0,
        "outdoor_temperature": 5976,
        "supply_air_flow_pressure": 0,
        "supply_air_flow": 15,
        "ahu_filter_pressure_level": 2862,
        "fan_levels": 10000,
        "reheat_regulation_level": 0,
        "cooling_regulation_level": 0,
        "duct_pressure": 0,
        "voc_level": 0,
        "rhx_operation_level": 8400,
        "rhx_efficiency": 0,
        "rhx_defrost_pressure_level": 0,
        "heat_exchanger_regulator_lvl": 0,
        "room_temp_set_point": 16,
        "min_temperature_set_point": 0,
        "max_temperature_set_point": 0
    },
    {
        "timestamp": "2025-02-07T17:20:01.295383",
        "co2": 493,
        "co2_sensor_data": 0,
        "outdoor_temperature": 5976,
        "supply_air_flow_pressure": 0,
        "supply_air_flow": 15,
        "ahu_filter_pressure_level": 1394,
        "fan_levels": 10000,
        "reheat_regulation_level": 0,
        "cooling_regulation_level": 0,
        "duct_pressure": 0,
        "voc_level": 0,
        "rhx_operation_level": 8399,
        "rhx_efficiency": 0,
        "rhx_defrost_pressure_level": 0,
        "heat_exchanger_regulator_lvl": 0,
        "room_temp_set_point": 16,
        "min_temperature_set_point": 0,
        "max_temperature_set_point": 0
    },
    {
        "timestamp": "2025-02-07T17:30:01.350678",
        "co2": 496,
        "co2_sensor_data": 0,
        "outdoor_temperature": 5976,
        "supply_air_flow_pressure": 0,
        "supply_air_flow": 15,
        "ahu_filter_pressure_level": 2954,
        "fan_levels": 10000,
        "reheat_regulation_level": 0,
        "cooling_regulation_level": 0,
        "duct_pressure": 0,
        "voc_level": 0,
        "rhx_operation_level": 8403,
        "rhx_efficiency": 0,
        "rhx_defrost_pressure_level": 0,
        "heat_exchanger_regulator_lvl": 0,
        "room_temp_set_point": 16,
        "min_temperature_set_point": 0,
        "max_temperature_set_point": 0
    },
    {
        "timestamp": "2025-02-07T17:40:01.531070",
        "co2": 492,
        "co2_sensor_data": 0,
        "outdoor_temperature": 5976,
        "supply_air_flow_pressure": 0,
        "supply_air_flow": 15,
        "ahu_filter_pressure_level": 1709,
        "fan_levels": 10000,
        "reheat_regulation_level": 0,
        "cooling_regulation_level": 0,
        "duct_pressure": 0,
        "voc_level": 0,
        "rhx_operation_level": 8401,
        "rhx_efficiency": 0,
        "rhx_defrost_pressure_level": 0,
        "heat_exchanger_regulator_lvl": 0,
        "room_temp_set_point": 16,
        "min_temperature_set_point": 0,
        "max_temperature_set_point": 0
    },
    {
        "timestamp": "2025-02-07T17:50:01.531704",
        "co2": 491,
        "co2_sensor_data": 0,
        "outdoor_temperature": 5976,
        "supply_air_flow_pressure": 0,
        "supply_air_flow": 15,
        "ahu_filter_pressure_level": 3428,
        "fan_levels": 6155,
        "reheat_regulation_level": 0,
        "cooling_regulation_level": 0,
        "duct_pressure": 0,
        "voc_level": 0,
        "rhx_operation_level": 8398,
        "rhx_efficiency": 0,
        "rhx_defrost_pressure_level": 0,
        "heat_exchanger_regulator_lvl": 0,
        "room_temp_set_point": 16,
        "min_temperature_set_point": 0,
        "max_temperature_set_point": 0
    },
    {
        "timestamp": "2025-02-07T18:00:01.578063",
        "co2": 496,
        "co2_sensor_data": 0,
        "outdoor_temperature": 5976,
        "supply_air_flow_pressure": 0,
        "supply_air_flow": 15,
        "ahu_filter_pressure_level": 2353,
        "fan_levels": 10000,
        "reheat_regulation_level": 0,
        "cooling_regulation_level": 0,
        "duct_pressure": 0,
        "voc_level": 0,
        "rhx_operation_level": 8400,
        "rhx_efficiency": 0,
        "rhx_defrost_pressure_level": 0,
        "heat_exchanger_regulator_lvl": 0,
        "room_temp_set_point": 16,
        "min_temperature_set_point": 0,
        "max_temperature_set_point": 0
    },
    {
        "timestamp": "2025-02-07T18:10:01.734394",
        "co2": 492,
        "co2_sensor_data": 0,
        "outdoor_temperature": 5976,
        "supply_air_flow_pressure": 0,
        "supply_air_flow": 15,
        "ahu_filter_pressure_level": 2272,
        "fan_levels": 9217,
        "reheat_regulation_level": 0,
        "cooling_regulation_level": 0,
        "duct_pressure": 0,
        "voc_level": 0,
        "rhx_operation_level": 8400,
        "rhx_efficiency": 0,
        "rhx_defrost_pressure_level": 0,
        "heat_exchanger_regulator_lvl": 0,
        "room_temp_set_point": 16,
        "min_temperature_set_point": 0,
        "max_temperature_set_point": 0
    },
    {
        "timestamp": "2025-02-07T18:20:01.859972",
        "co2": 495,
        "co2_sensor_data": 0,
        "outdoor_temperature": 5976,
        "supply_air_flow_pressure": 0,
        "supply_air_flow": 15,
        "ahu_filter_pressure_level": 2822,
        "fan_levels": 10000,
        "reheat_regulation_level": 0,
        "cooling_regulation_level": 0,
        "duct_pressure": 0,
        "voc_level": 0,
        "rhx_operation_level": 8400,
        "rhx_efficiency": 0,
        "rhx_defrost_pressure_level": 0,
        "heat_exchanger_regulator_lvl": 0,
        "room_temp_set_point": 16,
        "min_temperature_set_point": 0,
        "max_temperature_set_point": 0
    },
    {
        "timestamp": "2025-02-07T18:30:01.920328",
        "co2": 487,
        "co2_sensor_data": 0,
        "outdoor_temperature": 5976,
        "supply_air_flow_pressure": 0,
        "supply_air_flow": 15,
        "ahu_filter_pressure_level": 1356,
        "fan_levels": 10000,
        "reheat_regulation_level": 0,
        "cooling_regulation_level": 0,
        "duct_pressure": 0,
        "voc_level": 0,
        "rhx_operation_level": 8400,
        "rhx_efficiency": 0,
        "rhx_defrost_pressure_level": 0,
        "heat_exchanger_regulator_lvl": 0,
        "room_temp_set_point": 16,
        "min_temperature_set_point": 0,
        "max_temperature_set_point": 0
    },
    {
        "timestamp": "2025-02-07T18:40:01.933275",
        "co2": 490,
        "co2_sensor_data": 0,
        "outdoor_temperature": 5976,
        "supply_air_flow_pressure": 0,
        "supply_air_flow": 14,
        "ahu_filter_pressure_level": 3499,
        "fan_levels": 10000,
        "reheat_regulation_level": 0,
        "cooling_regulation_level": 0,
        "duct_pressure": 0,
        "voc_level": 0,
        "rhx_operation_level": 8399,
        "rhx_efficiency": 0,
        "rhx_defrost_pressure_level": 0,
        "heat_exchanger_regulator_lvl": 0,
        "room_temp_set_point": 16,
        "min_temperature_set_point": 0,
        "max_temperature_set_point": 0
    },
    {
        "timestamp": "2025-02-07T18:50:02.109679",
        "co2": 491,
        "co2_sensor_data": 0,
        "outdoor_temperature": 5976,
        "supply_air_flow_pressure": 0,
        "supply_air_flow": 15,
        "ahu_filter_pressure_level": 1869,
        "fan_levels": 10000,
        "reheat_regulation_level": 0,
        "cooling_regulation_level": 0,
        "duct_pressure": 0,
        "voc_level": 0,
        "rhx_operation_level": 8400,
        "rhx_efficiency": 0,
        "rhx_defrost_pressure_level": 0,
        "heat_exchanger_regulator_lvl": 0,
        "room_temp_set_point": 16,
        "min_temperature_set_point": 0,
        "max_temperature_set_point": 0
    },
    {
        "timestamp": "2025-02-07T19:00:02.155196",
        "co2": 494,
        "co2_sensor_data": 0,
        "outdoor_temperature": 5976,
        "supply_air_flow_pressure": 0,
        "supply_air_flow": 15,
        "ahu_filter_pressure_level": 2621,
        "fan_levels": 7983,
        "reheat_regulation_level": 0,
        "cooling_regulation_level": 0,
        "duct_pressure": 0,
        "voc_level": 0,
        "rhx_operation_level": 8403,
        "rhx_efficiency": 0,
        "rhx_defrost_pressure_level": 0,
        "heat_exchanger_regulator_lvl": 0,
        "room_temp_set_point": 16,
        "min_temperature_set_point": 0,
        "max_temperature_set_point": 0
    },
    {
        "timestamp": "2025-02-07T19:10:01.272347",
        "co2": 486,
        "co2_sensor_data": 0,
        "outdoor_temperature": 5976,
        "supply_air_flow_pressure": 0,
        "supply_air_flow": 15,
        "ahu_filter_pressure_level": 2651,
        "fan_levels": 10000,
        "reheat_regulation_level": 0,
        "cooling_regulation_level": 0,
        "duct_pressure": 0,
        "voc_level": 0,
        "rhx_operation_level": 8400,
        "rhx_efficiency": 0,
        "rhx_defrost_pressure_level": 0,
        "heat_exchanger_regulator_lvl": 0,
        "room_temp_set_point": 16,
        "min_temperature_set_point": 0,
        "max_temperature_set_point": 0
    },
    {
        "timestamp": "2025-02-07T19:20:01.373792",
        "co2": 486,
        "co2_sensor_data": 0,
        "outdoor_temperature": 5976,
        "supply_air_flow_pressure": 0,
        "supply_air_flow": 15,
        "ahu_filter_pressure_level": 1699,
        "fan_levels": 10000,
        "reheat_regulation_level": 0,
        "cooling_regulation_level": 0,
        "duct_pressure": 0,
        "voc_level": 0,
        "rhx_operation_level": 8399,
        "rhx_efficiency": 0,
        "rhx_defrost_pressure_level": 0,
        "heat_exchanger_regulator_lvl": 0,
        "room_temp_set_point": 16,
        "min_temperature_set_point": 0,
        "max_temperature_set_point": 0
    },
    {
        "timestamp": "2025-02-07T19:30:01.482819",
        "co2": 482,
        "co2_sensor_data": 0,
        "outdoor_temperature": 5976,
        "supply_air_flow_pressure": 0,
        "supply_air_flow": 14,
        "ahu_filter_pressure_level": 3502,
        "fan_levels": 10000,
        "reheat_regulation_level": 0,
        "cooling_regulation_level": 0,
        "duct_pressure": 0,
        "voc_level": 0,
        "rhx_operation_level": 8400,
        "rhx_efficiency": 0,
        "rhx_defrost_pressure_level": 0,
        "heat_exchanger_regulator_lvl": 0,
        "room_temp_set_point": 16,
        "min_temperature_set_point": 0,
        "max_temperature_set_point": 0
    },
    {
        "timestamp": "2025-02-07T19:40:01.631498",
        "co2": 484,
        "co2_sensor_data": 0,
        "outdoor_temperature": 5976,
        "supply_air_flow_pressure": 0,
        "supply_air_flow": 15,
        "ahu_filter_pressure_level": 2020,
        "fan_levels": 10000,
        "reheat_regulation_level": 0,
        "cooling_regulation_level": 0,
        "duct_pressure": 0,
        "voc_level": 0,
        "rhx_operation_level": 8400,
        "rhx_efficiency": 0,
        "rhx_defrost_pressure_level": 0,
        "heat_exchanger_regulator_lvl": 0,
        "room_temp_set_point": 16,
        "min_temperature_set_point": 0,
        "max_temperature_set_point": 0
    },
    {
        "timestamp": "2025-02-07T19:50:01.617854",
        "co2": 478,
        "co2_sensor_data": 0,
        "outdoor_temperature": 5976,
        "supply_air_flow_pressure": 0,
        "supply_air_flow": 15,
        "ahu_filter_pressure_level": 2655,
        "fan_levels": 8410,
        "reheat_regulation_level": 0,
        "cooling_regulation_level": 0,
        "duct_pressure": 0,
        "voc_level": 0,
        "rhx_operation_level": 8400,
        "rhx_efficiency": 0,
        "rhx_defrost_pressure_level": 0,
        "heat_exchanger_regulator_lvl": 0,
        "room_temp_set_point": 16,
        "min_temperature_set_point": 0,
        "max_temperature_set_point": 0
    },
    {
        "timestamp": "2025-02-07T20:00:01.622529",
        "co2": 481,
        "co2_sensor_data": 0,
        "outdoor_temperature": 5976,
        "supply_air_flow_pressure": 0,
        "supply_air_flow": 15,
        "ahu_filter_pressure_level": 2767,
        "fan_levels": 10000,
        "reheat_regulation_level": 0,
        "cooling_regulation_level": 0,
        "duct_pressure": 0,
        "voc_level": 0,
        "rhx_operation_level": 8400,
        "rhx_efficiency": 0,
        "rhx_defrost_pressure_level": 0,
        "heat_exchanger_regulator_lvl": 0,
        "room_temp_set_point": 16,
        "min_temperature_set_point": 0,
        "max_temperature_set_point": 0
    },
    {
        "timestamp": "2025-02-07T20:10:01.955126",
        "co2": 475,
        "co2_sensor_data": 0,
        "outdoor_temperature": 5976,
        "supply_air_flow_pressure": 0,
        "supply_air_flow": 15,
        "ahu_filter_pressure_level": 1843,
        "fan_levels": 10000,
        "reheat_regulation_level": 0,
        "cooling_regulation_level": 0,
        "duct_pressure": 0,
        "voc_level": 0,
        "rhx_operation_level": 8398,
        "rhx_efficiency": 0,
        "rhx_defrost_pressure_level": 0,
        "heat_exchanger_regulator_lvl": 0,
        "room_temp_set_point": 16,
        "min_temperature_set_point": 0,
        "max_temperature_set_point": 0
    },
    {
        "timestamp": "2025-02-07T20:20:02.083510",
        "co2": 479,
        "co2_sensor_data": 0,
        "outdoor_temperature": 5976,
        "supply_air_flow_pressure": 0,
        "supply_air_flow": 15,
        "ahu_filter_pressure_level": 3664,
        "fan_levels": 9881,
        "reheat_regulation_level": 0,
        "cooling_regulation_level": 0,
        "duct_pressure": 0,
        "voc_level": 0,
        "rhx_operation_level": 8401,
        "rhx_efficiency": 0,
        "rhx_defrost_pressure_level": 0,
        "heat_exchanger_regulator_lvl": 0,
        "room_temp_set_point": 16,
        "min_temperature_set_point": 0,
        "max_temperature_set_point": 0
    },
    {
        "timestamp": "2025-02-07T20:30:01.271769",
        "co2": 478,
        "co2_sensor_data": 0,
        "outdoor_temperature": 5976,
        "supply_air_flow_pressure": 0,
        "supply_air_flow": 14,
        "ahu_filter_pressure_level": 2187,
        "fan_levels": 10000,
        "reheat_regulation_level": 0,
        "cooling_regulation_level": 0,
        "duct_pressure": 0,
        "voc_level": 0,
        "rhx_operation_level": 8400,
        "rhx_efficiency": 0,
        "rhx_defrost_pressure_level": 0,
        "heat_exchanger_regulator_lvl": 0,
        "room_temp_set_point": 16,
        "min_temperature_set_point": 0,
        "max_temperature_set_point": 0
    },
    {
        "timestamp": "2025-02-07T20:40:01.326198",
        "co2": 483,
        "co2_sensor_data": 0,
        "outdoor_temperature": 5976,
        "supply_air_flow_pressure": 0,
        "supply_air_flow": 15,
        "ahu_filter_pressure_level": 2486,
        "fan_levels": 9227,
        "reheat_regulation_level": 0,
        "cooling_regulation_level": 0,
        "duct_pressure": 0,
        "voc_level": 0,
        "rhx_operation_level": 8400,
        "rhx_efficiency": 0,
        "rhx_defrost_pressure_level": 0,
        "heat_exchanger_regulator_lvl": 0,
        "room_temp_set_point": 16,
        "min_temperature_set_point": 0,
        "max_temperature_set_point": 0
    },
    {
        "timestamp": "2025-02-07T20:50:01.401602",
        "co2": 483,
        "co2_sensor_data": 0,
        "outdoor_temperature": 5976,
        "supply_air_flow_pressure": 0,
        "supply_air_flow": 14,
        "ahu_filter_pressure_level": 2893,
        "fan_levels": 10000,
        "reheat_regulation_level": 0,
        "cooling_regulation_level": 0,
        "duct_pressure": 0,
        "voc_level": 0,
        "rhx_operation_level": 8400,
        "rhx_efficiency": 0,
        "rhx_defrost_pressure_level": 0,
        "heat_exchanger_regulator_lvl": 0,
        "room_temp_set_point": 16,
        "min_temperature_set_point": 0,
        "max_temperature_set_point": 0
    },
    {
        "timestamp": "2025-02-07T21:00:01.645783",
        "co2": 482,
        "co2_sensor_data": 0,
        "outdoor_temperature": 5976,
        "supply_air_flow_pressure": 0,
        "supply_air_flow": 15,
        "ahu_filter_pressure_level": 1737,
        "fan_levels": 10000,
        "reheat_regulation_level": 0,
        "cooling_regulation_level": 0,
        "duct_pressure": 0,
        "voc_level": 0,
        "rhx_operation_level": 8400,
        "rhx_efficiency": 0,
        "rhx_defrost_pressure_level": 0,
        "heat_exchanger_regulator_lvl": 0,
        "room_temp_set_point": 16,
        "min_temperature_set_point": 0,
        "max_temperature_set_point": 0
    },
    {
        "timestamp": "2025-02-07T21:10:01.744515",
        "co2": 483,
        "co2_sensor_data": 0,
        "outdoor_temperature": 5976,
        "supply_air_flow_pressure": 0,
        "supply_air_flow": 14,
        "ahu_filter_pressure_level": 3742,
        "fan_levels": 6348,
        "reheat_regulation_level": 0,
        "cooling_regulation_level": 0,
        "duct_pressure": 0,
        "voc_level": 0,
        "rhx_operation_level": 8397,
        "rhx_efficiency": 0,
        "rhx_defrost_pressure_level": 0,
        "heat_exchanger_regulator_lvl": 0,
        "room_temp_set_point": 16,
        "min_temperature_set_point": 0,
        "max_temperature_set_point": 0
    },
    {
        "timestamp": "2025-02-07T21:20:01.800471",
        "co2": 484,
        "co2_sensor_data": 0,
        "outdoor_temperature": 5976,
        "supply_air_flow_pressure": 0,
        "supply_air_flow": 14,
        "ahu_filter_pressure_level": 2387,
        "fan_levels": 10000,
        "reheat_regulation_level": 0,
        "cooling_regulation_level": 0,
        "duct_pressure": 0,
        "voc_level": 0,
        "rhx_operation_level": 8402,
        "rhx_efficiency": 0,
        "rhx_defrost_pressure_level": 0,
        "heat_exchanger_regulator_lvl": 0,
        "room_temp_set_point": 16,
        "min_temperature_set_point": 0,
        "max_temperature_set_point": 0
    },
    {
        "timestamp": "2025-02-07T21:30:01.889373",
        "co2": 478,
        "co2_sensor_data": 0,
        "outdoor_temperature": 5976,
        "supply_air_flow_pressure": 0,
        "supply_air_flow": 14,
        "ahu_filter_pressure_level": 2258,
        "fan_levels": 10000,
        "reheat_regulation_level": 0,
        "cooling_regulation_level": 0,
        "duct_pressure": 0,
        "voc_level": 0,
        "rhx_operation_level": 8393,
        "rhx_efficiency": 0,
        "rhx_defrost_pressure_level": 0,
        "heat_exchanger_regulator_lvl": 0,
        "room_temp_set_point": 16,
        "min_temperature_set_point": 0,
        "max_temperature_set_point": 0
    },
    {
        "timestamp": "2025-02-07T21:40:02.132039",
        "co2": 481,
        "co2_sensor_data": 0,
        "outdoor_temperature": 5976,
        "supply_air_flow_pressure": 0,
        "supply_air_flow": 11,
        "ahu_filter_pressure_level": 3141,
        "fan_levels": 10000,
        "reheat_regulation_level": 0,
        "cooling_regulation_level": 0,
        "duct_pressure": 0,
        "voc_level": 0,
        "rhx_operation_level": 8400,
        "rhx_efficiency": 0,
        "rhx_defrost_pressure_level": 0,
        "heat_exchanger_regulator_lvl": 0,
        "room_temp_set_point": 16,
        "min_temperature_set_point": 0,
        "max_temperature_set_point": 0
    },
    {
        "timestamp": "2025-02-07T21:50:01.239117",
        "co2": 475,
        "co2_sensor_data": 0,
        "outdoor_temperature": 5976,
        "supply_air_flow_pressure": 0,
        "supply_air_flow": 14,
        "ahu_filter_pressure_level": 1738,
        "fan_levels": 10000,
        "reheat_regulation_level": 0,
        "cooling_regulation_level": 0,
        "duct_pressure": 0,
        "voc_level": 0,
        "rhx_operation_level": 8401,
        "rhx_efficiency": 0,
        "rhx_defrost_pressure_level": 0,
        "heat_exchanger_regulator_lvl": 0,
        "room_temp_set_point": 16,
        "min_temperature_set_point": 0,
        "max_temperature_set_point": 0
    },
    {
        "timestamp": "2025-02-07T22:00:01.320785",
        "co2": 476,
        "co2_sensor_data": 0,
        "outdoor_temperature": 5976,
        "supply_air_flow_pressure": 0,
        "supply_air_flow": 14,
        "ahu_filter_pressure_level": 3260,
        "fan_levels": 6934,
        "reheat_regulation_level": 0,
        "cooling_regulation_level": 0,
        "duct_pressure": 0,
        "voc_level": 0,
        "rhx_operation_level": 8404,
        "rhx_efficiency": 0,
        "rhx_defrost_pressure_level": 0,
        "heat_exchanger_regulator_lvl": 0,
        "room_temp_set_point": 16,
        "min_temperature_set_point": 0,
        "max_temperature_set_point": 0
    },
    {
        "timestamp": "2025-02-07T22:10:01.452369",
        "co2": 475,
        "co2_sensor_data": 0,
        "outdoor_temperature": 5976,
        "supply_air_flow_pressure": 0,
        "supply_air_flow": 14,
        "ahu_filter_pressure_level": 2612,
        "fan_levels": 10000,
        "reheat_regulation_level": 0,
        "cooling_regulation_level": 0,
        "duct_pressure": 0,
        "voc_level": 0,
        "rhx_operation_level": 8400,
        "rhx_efficiency": 0,
        "rhx_defrost_pressure_level": 0,
        "heat_exchanger_regulator_lvl": 0,
        "room_temp_set_point": 16,
        "min_temperature_set_point": 0,
        "max_temperature_set_point": 0
    },
    {
        "timestamp": "2025-02-07T22:20:01.550242",
        "co2": 474,
        "co2_sensor_data": 0,
        "outdoor_temperature": 5976,
        "supply_air_flow_pressure": 0,
        "supply_air_flow": 15,
        "ahu_filter_pressure_level": 1774,
        "fan_levels": 10000,
        "reheat_regulation_level": 0,
        "cooling_regulation_level": 0,
        "duct_pressure": 0,
        "voc_level": 0,
        "rhx_operation_level": 8400,
        "rhx_efficiency": 0,
        "rhx_defrost_pressure_level": 0,
        "heat_exchanger_regulator_lvl": 0,
        "room_temp_set_point": 16,
        "min_temperature_set_point": 0,
        "max_temperature_set_point": 0
    },
    {
        "timestamp": "2025-02-07T22:30:01.656824",
        "co2": 477,
        "co2_sensor_data": 0,
        "outdoor_temperature": 5976,
        "supply_air_flow_pressure": 0,
        "supply_air_flow": 15,
        "ahu_filter_pressure_level": 3195,
        "fan_levels": 10000,
        "reheat_regulation_level": 0,
        "cooling_regulation_level": 0,
        "duct_pressure": 0,
        "voc_level": 0,
        "rhx_operation_level": 8400,
        "rhx_efficiency": 0,
        "rhx_defrost_pressure_level": 0,
        "heat_exchanger_regulator_lvl": 0,
        "room_temp_set_point": 16,
        "min_temperature_set_point": 0,
        "max_temperature_set_point": 0
    },
    {
        "timestamp": "2025-02-07T22:40:01.727573",
        "co2": 471,
        "co2_sensor_data": 0,
        "outdoor_temperature": 5976,
        "supply_air_flow_pressure": 0,
        "supply_air_flow": 15,
        "ahu_filter_pressure_level": 1845,
        "fan_levels": 10000,
        "reheat_regulation_level": 0,
        "cooling_regulation_level": 0,
        "duct_pressure": 0,
        "voc_level": 0,
        "rhx_operation_level": 8400,
        "rhx_efficiency": 0,
        "rhx_defrost_pressure_level": 0,
        "heat_exchanger_regulator_lvl": 0,
        "room_temp_set_point": 16,
        "min_temperature_set_point": 0,
        "max_temperature_set_point": 0
    },
    {
        "timestamp": "2025-02-07T22:50:01.819983",
        "co2": 468,
        "co2_sensor_data": 0,
        "outdoor_temperature": 5976,
        "supply_air_flow_pressure": 0,
        "supply_air_flow": 15,
        "ahu_filter_pressure_level": 2840,
        "fan_levels": 7326,
        "reheat_regulation_level": 0,
        "cooling_regulation_level": 0,
        "duct_pressure": 0,
        "voc_level": 0,
        "rhx_operation_level": 8398,
        "rhx_efficiency": 0,
        "rhx_defrost_pressure_level": 0,
        "heat_exchanger_regulator_lvl": 0,
        "room_temp_set_point": 16,
        "min_temperature_set_point": 0,
        "max_temperature_set_point": 0
    },
    {
        "timestamp": "2025-02-07T23:00:01.950129",
        "co2": 469,
        "co2_sensor_data": 0,
        "outdoor_temperature": 5976,
        "supply_air_flow_pressure": 0,
        "supply_air_flow": 15,
        "ahu_filter_pressure_level": 1751,
        "fan_levels": 10000,
        "reheat_regulation_level": 0,
        "cooling_regulation_level": 0,
        "duct_pressure": 0,
        "voc_level": 0,
        "rhx_operation_level": 8400,
        "rhx_efficiency": 0,
        "rhx_defrost_pressure_level": 0,
        "heat_exchanger_regulator_lvl": 0,
        "room_temp_set_point": 16,
        "min_temperature_set_point": 0,
        "max_temperature_set_point": 0
    },
    {
        "timestamp": "2025-02-07T23:10:02.117860",
        "co2": 468,
        "co2_sensor_data": 0,
        "outdoor_temperature": 5976,
        "supply_air_flow_pressure": 0,
        "supply_air_flow": 15,
        "ahu_filter_pressure_level": 2430,
        "fan_levels": 9693,
        "reheat_regulation_level": 0,
        "cooling_regulation_level": 0,
        "duct_pressure": 0,
        "voc_level": 0,
        "rhx_operation_level": 8402,
        "rhx_efficiency": 0,
        "rhx_defrost_pressure_level": 0,
        "heat_exchanger_regulator_lvl": 0,
        "room_temp_set_point": 16,
        "min_temperature_set_point": 0,
        "max_temperature_set_point": 0
    },
    {
        "timestamp": "2025-02-07T23:20:01.318408",
        "co2": 463,
        "co2_sensor_data": 0,
        "outdoor_temperature": 5976,
        "supply_air_flow_pressure": 0,
        "supply_air_flow": 15,
        "ahu_filter_pressure_level": 3051,
        "fan_levels": 10000,
        "reheat_regulation_level": 0,
        "cooling_regulation_level": 0,
        "duct_pressure": 0,
        "voc_level": 0,
        "rhx_operation_level": 8400,
        "rhx_efficiency": 0,
        "rhx_defrost_pressure_level": 0,
        "heat_exchanger_regulator_lvl": 0,
        "room_temp_set_point": 16,
        "min_temperature_set_point": 0,
        "max_temperature_set_point": 0
    },
    {
        "timestamp": "2025-02-07T23:30:01.423089",
        "co2": 462,
        "co2_sensor_data": 0,
        "outdoor_temperature": 5976,
        "supply_air_flow_pressure": 0,
        "supply_air_flow": 15,
        "ahu_filter_pressure_level": 1758,
        "fan_levels": 10000,
        "reheat_regulation_level": 0,
        "cooling_regulation_level": 0,
        "duct_pressure": 0,
        "voc_level": 0,
        "rhx_operation_level": 8401,
        "rhx_efficiency": 0,
        "rhx_defrost_pressure_level": 0,
        "heat_exchanger_regulator_lvl": 0,
        "room_temp_set_point": 16,
        "min_temperature_set_point": 0,
        "max_temperature_set_point": 0
    },
    {
        "timestamp": "2025-02-07T23:40:01.625037",
        "co2": 462,
        "co2_sensor_data": 0,
        "outdoor_temperature": 5976,
        "supply_air_flow_pressure": 0,
        "supply_air_flow": 15,
        "ahu_filter_pressure_level": 3542,
        "fan_levels": 5978,
        "reheat_regulation_level": 0,
        "cooling_regulation_level": 0,
        "duct_pressure": 0,
        "voc_level": 0,
        "rhx_operation_level": 8398,
        "rhx_efficiency": 0,
        "rhx_defrost_pressure_level": 0,
        "heat_exchanger_regulator_lvl": 0,
        "room_temp_set_point": 16,
        "min_temperature_set_point": 0,
        "max_temperature_set_point": 0
    },
    {
        "timestamp": "2025-02-07T23:50:01.719233",
        "co2": 464,
        "co2_sensor_data": 0,
        "outdoor_temperature": 5976,
        "supply_air_flow_pressure": 0,
        "supply_air_flow": 15,
        "ahu_filter_pressure_level": 2298,
        "fan_levels": 10000,
        "reheat_regulation_level": 0,
        "cooling_regulation_level": 0,
        "duct_pressure": 0,
        "voc_level": 0,
        "rhx_operation_level": 8400,
        "rhx_efficiency": 0,
        "rhx_defrost_pressure_level": 0,
        "heat_exchanger_regulator_lvl": 0,
        "room_temp_set_point": 16,
        "min_temperature_set_point": 0,
        "max_temperature_set_point": 0
    }
]