[
    {
        "timestamp": "2025-02-06T00:00:01.974034",
        "co2": 434,
        "co2_sensor_data": 0,
        "outdoor_temperature": 5974,
        "supply_air_flow_pressure": 0,
        "supply_air_flow": 16,
        "ahu_filter_pressure_level": 2586,
        "fan_levels": 10000,
        "reheat_regulation_level": 0,
        "cooling_regulation_level": 0,
        "duct_pressure": 0,
        "voc_level": 0,
        "rhx_operation_level": 8337,
        "rhx_efficiency": 0,
        "rhx_defrost_pressure_level": 0,
        "heat_exchanger_regulator_lvl": 0,
        "room_temp_set_point": 16,
        "min_temperature_set_point": 0,
        "max_temperature_set_point": 0
    },
    {
        "timestamp": "2025-02-06T00:10:01.682480",
        "co2": 435,
        "co2_sensor_data": 0,
        "outdoor_temperature": 5974,
        "supply_air_flow_pressure": 0,
        "supply_air_flow": 15,
        "ahu_filter_pressure_level": 1710,
        "fan_levels": 9878,
        "reheat_regulation_level": 0,
        "cooling_regulation_level": 0,
        "duct_pressure": 0,
        "voc_level": 0,
        "rhx_operation_level": 8401,
        "rhx_efficiency": 0,
        "rhx_defrost_pressure_level": 0,
        "heat_exchanger_regulator_lvl": 0,
        "room_temp_set_point": 16,
        "min_temperature_set_point": 0,
        "max_temperature_set_point": 0
    },
    {
        "timestamp": "2025-02-06T00:20:01.811222",
        "co2": 433,
        "co2_sensor_data": 0,
        "outdoor_temperature": 5974,
        "supply_air_flow_pressure": 0,
        "supply_air_flow": 15,
        "ahu_filter_pressure_level": 3027,
        "fan_levels": 10000,
        "reheat_regulation_level": 0,
        "cooling_regulation_level": 0,
        "duct_pressure": 0,
        "voc_level": 0,
        "rhx_operation_level": 8402,
        "rhx_efficiency": 0,
        "rhx_defrost_pressure_level": 0,
        "heat_exchanger_regulator_lvl": 0,
        "room_temp_set_point": 16,
        "min_temperature_set_point": 0,
        "max_temperature_set_point": 0
    },
    {
        "timestamp": "2025-02-06T00:30:01.824664",
        "co2": 434,
        "co2_sensor_data": 0,
        "outdoor_temperature": 5974,
        "supply_air_flow_pressure": 0,
        "supply_air_flow": 16,
        "ahu_filter_pressure_level": 1453,
        "fan_levels": 10000,
        "reheat_regulation_level": 0,
        "cooling_regulation_level": 0,
        "duct_pressure": 0,
        "voc_level": 0,
        "rhx_operation_level": 8400,
        "rhx_efficiency": 0,
        "rhx_defrost_pressure_level": 0,
        "heat_exchanger_regulator_lvl": 0,
        "room_temp_set_point": 16,
        "min_temperature_set_point": 0,
        "max_temperature_set_point": 0
    },
    {
        "timestamp": "2025-02-06T00:40:01.938202",
        "co2": 435,
        "co2_sensor_data": 0,
        "outdoor_temperature": 5974,
        "supply_air_flow_pressure": 0,
        "supply_air_flow": 15,
        "ahu_filter_pressure_level": 3705,
        "fan_levels": 7748,
        "reheat_regulation_level": 0,
        "cooling_regulation_level": 0,
        "duct_pressure": 0,
        "voc_level": 0,
        "rhx_operation_level": 8400,
        "rhx_efficiency": 0,
        "rhx_defrost_pressure_level": 0,
        "heat_exchanger_regulator_lvl": 0,
        "room_temp_set_point": 16,
        "min_temperature_set_point": 0,
        "max_temperature_set_point": 0
    },
    {
        "timestamp": "2025-02-06T00:50:01.994998",
        "co2": 433,
        "co2_sensor_data": 0,
        "outdoor_temperature": 5974,
        "supply_air_flow_pressure": 0,
        "supply_air_flow": 16,
        "ahu_filter_pressure_level": 1910,
        "fan_levels": 10000,
        "reheat_regulation_level": 0,
        "cooling_regulation_level": 0,
        "duct_pressure": 0,
        "voc_level": 0,
        "rhx_operation_level": 8400,
        "rhx_efficiency": 0,
        "rhx_defrost_pressure_level": 0,
        "heat_exchanger_regulator_lvl": 0,
        "room_temp_set_point": 16,
        "min_temperature_set_point": 0,
        "max_temperature_set_point": 0
    },
    {
        "timestamp": "2025-02-06T01:00:01.966540",
        "co2": 433,
        "co2_sensor_data": 0,
        "outdoor_temperature": 5974,
        "supply_air_flow_pressure": 0,
        "supply_air_flow": 15,
        "ahu_filter_pressure_level": 2548,
        "fan_levels": 8599,
        "reheat_regulation_level": 0,
        "cooling_regulation_level": 0,
        "duct_pressure": 0,
        "voc_level": 0,
        "rhx_operation_level": 8402,
        "rhx_efficiency": 0,
        "rhx_defrost_pressure_level": 0,
        "heat_exchanger_regulator_lvl": 0,
        "room_temp_set_point": 16,
        "min_temperature_set_point": 0,
        "max_temperature_set_point": 0
    },
    {
        "timestamp": "2025-02-06T01:10:01.269981",
        "co2": 437,
        "co2_sensor_data": 0,
        "outdoor_temperature": 5974,
        "supply_air_flow_pressure": 0,
        "supply_air_flow": 15,
        "ahu_filter_pressure_level": 2242,
        "fan_levels": 10000,
        "reheat_regulation_level": 0,
        "cooling_regulation_level": 0,
        "duct_pressure": 0,
        "voc_level": 0,
        "rhx_operation_level": 8404,
        "rhx_efficiency": 0,
        "rhx_defrost_pressure_level": 0,
        "heat_exchanger_regulator_lvl": 0,
        "room_temp_set_point": 16,
        "min_temperature_set_point": 0,
        "max_temperature_set_point": 0
    },
    {
        "timestamp": "2025-02-06T01:20:01.185378",
        "co2": 436,
        "co2_sensor_data": 0,
        "outdoor_temperature": 5974,
        "supply_air_flow_pressure": 0,
        "supply_air_flow": 16,
        "ahu_filter_pressure_level": 2162,
        "fan_levels": 10000,
        "reheat_regulation_level": 0,
        "cooling_regulation_level": 0,
        "duct_pressure": 0,
        "voc_level": 0,
        "rhx_operation_level": 8400,
        "rhx_efficiency": 0,
        "rhx_defrost_pressure_level": 0,
        "heat_exchanger_regulator_lvl": 0,
        "room_temp_set_point": 16,
        "min_temperature_set_point": 0,
        "max_temperature_set_point": 0
    },
    {
        "timestamp": "2025-02-06T01:30:01.215434",
        "co2": 440,
        "co2_sensor_data": 0,
        "outdoor_temperature": 5974,
        "supply_air_flow_pressure": 0,
        "supply_air_flow": 15,
        "ahu_filter_pressure_level": 3373,
        "fan_levels": 10000,
        "reheat_regulation_level": 0,
        "cooling_regulation_level": 0,
        "duct_pressure": 0,
        "voc_level": 0,
        "rhx_operation_level": 8400,
        "rhx_efficiency": 0,
        "rhx_defrost_pressure_level": 0,
        "heat_exchanger_regulator_lvl": 0,
        "room_temp_set_point": 16,
        "min_temperature_set_point": 0,
        "max_temperature_set_point": 0
    },
    {
        "timestamp": "2025-02-06T01:40:01.204737",
        "co2": 438,
        "co2_sensor_data": 0,
        "outdoor_temperature": 5974,
        "supply_air_flow_pressure": 0,
        "supply_air_flow": 15,
        "ahu_filter_pressure_level": 1891,
        "fan_levels": 10000,
        "reheat_regulation_level": 0,
        "cooling_regulation_level": 0,
        "duct_pressure": 0,
        "voc_level": 0,
        "rhx_operation_level": 8402,
        "rhx_efficiency": 0,
        "rhx_defrost_pressure_level": 0,
        "heat_exchanger_regulator_lvl": 0,
        "room_temp_set_point": 16,
        "min_temperature_set_point": 0,
        "max_temperature_set_point": 0
    },
    {
        "timestamp": "2025-02-06T01:50:02.138868",
        "co2": 438,
        "co2_sensor_data": 0,
        "outdoor_temperature": 5974,
        "supply_air_flow_pressure": 0,
        "supply_air_flow": 15,
        "ahu_filter_pressure_level": 2733,
        "fan_levels": 8075,
        "reheat_regulation_level": 0,
        "cooling_regulation_level": 0,
        "duct_pressure": 0,
        "voc_level": 0,
        "rhx_operation_level": 8400,
        "rhx_efficiency": 0,
        "rhx_defrost_pressure_level": 0,
        "heat_exchanger_regulator_lvl": 0,
        "room_temp_set_point": 16,
        "min_temperature_set_point": 0,
        "max_temperature_set_point": 0
    },
    {
        "timestamp": "2025-02-06T02:00:01.318498",
        "co2": 443,
        "co2_sensor_data": 0,
        "outdoor_temperature": 5974,
        "supply_air_flow_pressure": 0,
        "supply_air_flow": 15,
        "ahu_filter_pressure_level": 2752,
        "fan_levels": 10000,
        "reheat_regulation_level": 0,
        "cooling_regulation_level": 0,
        "duct_pressure": 0,
        "voc_level": 0,
        "rhx_operation_level": 8398,
        "rhx_efficiency": 0,
        "rhx_defrost_pressure_level": 0,
        "heat_exchanger_regulator_lvl": 0,
        "room_temp_set_point": 16,
        "min_temperature_set_point": 0,
        "max_temperature_set_point": 0
    },
    {
        "timestamp": "2025-02-06T02:10:01.205866",
        "co2": 437,
        "co2_sensor_data": 0,
        "outdoor_temperature": 5974,
        "supply_air_flow_pressure": 0,
        "supply_air_flow": 16,
        "ahu_filter_pressure_level": 1698,
        "fan_levels": 10000,
        "reheat_regulation_level": 0,
        "cooling_regulation_level": 0,
        "duct_pressure": 0,
        "voc_level": 0,
        "rhx_operation_level": 8400,
        "rhx_efficiency": 0,
        "rhx_defrost_pressure_level": 0,
        "heat_exchanger_regulator_lvl": 0,
        "room_temp_set_point": 16,
        "min_temperature_set_point": 0,
        "max_temperature_set_point": 0
    },
    {
        "timestamp": "2025-02-06T02:20:01.182619",
        "co2": 439,
        "co2_sensor_data": 0,
        "outdoor_temperature": 5974,
        "supply_air_flow_pressure": 0,
        "supply_air_flow": 15,
        "ahu_filter_pressure_level": 3589,
        "fan_levels": 10000,
        "reheat_regulation_level": 0,
        "cooling_regulation_level": 0,
        "duct_pressure": 0,
        "voc_level": 0,
        "rhx_operation_level": 8401,
        "rhx_efficiency": 0,
        "rhx_defrost_pressure_level": 0,
        "heat_exchanger_regulator_lvl": 0,
        "room_temp_set_point": 16,
        "min_temperature_set_point": 0,
        "max_temperature_set_point": 0
    },
    {
        "timestamp": "2025-02-06T02:30:01.180831",
        "co2": 439,
        "co2_sensor_data": 0,
        "outdoor_temperature": 5974,
        "supply_air_flow_pressure": 0,
        "supply_air_flow": 15,
        "ahu_filter_pressure_level": 1843,
        "fan_levels": 10000,
        "reheat_regulation_level": 0,
        "cooling_regulation_level": 0,
        "duct_pressure": 0,
        "voc_level": 0,
        "rhx_operation_level": 8400,
        "rhx_efficiency": 0,
        "rhx_defrost_pressure_level": 0,
        "heat_exchanger_regulator_lvl": 0,
        "room_temp_set_point": 16,
        "min_temperature_set_point": 0,
        "max_temperature_set_point": 0
    },
    {
        "timestamp": "2025-02-06T02:40:01.213306",
        "co2": 436,
        "co2_sensor_data": 0,
        "outdoor_temperature": 5974,
        "supply_air_flow_pressure": 0,
        "supply_air_flow": 15,
        "ahu_filter_pressure_level": 2731,
        "fan_levels": 7970,
        "reheat_regulation_level": 0,
        "cooling_regulation_level": 0,
        "duct_pressure": 0,
        "voc_level": 0,
        "rhx_operation_level": 8401,
        "rhx_efficiency": 0,
        "rhx_defrost_pressure_level": 0,
        "heat_exchanger_regulator_lvl": 0,
        "room_temp_set_point": 16,
        "min_temperature_set_point": 0,
        "max_temperature_set_point": 0
    },
    {
        "timestamp": "2025-02-06T02:50:01.853161",
        "co2": 444,
        "co2_sensor_data": 0,
        "outdoor_temperature": 5974,
        "supply_air_flow_pressure": 0,
        "supply_air_flow": 15,
        "ahu_filter_pressure_level": 2872,
        "fan_levels": 10000,
        "reheat_regulation_level": 0,
        "cooling_regulation_level": 0,
        "duct_pressure": 0,
        "voc_level": 0,
        "rhx_operation_level": 8398,
        "rhx_efficiency": 0,
        "rhx_defrost_pressure_level": 0,
        "heat_exchanger_regulator_lvl": 0,
        "room_temp_set_point": 16,
        "min_temperature_set_point": 0,
        "max_temperature_set_point": 0
    },
    {
        "timestamp": "2025-02-06T03:00:01.837584",
        "co2": 440,
        "co2_sensor_data": 0,
        "outdoor_temperature": 5974,
        "supply_air_flow_pressure": 0,
        "supply_air_flow": 16,
        "ahu_filter_pressure_level": 1562,
        "fan_levels": 10000,
        "reheat_regulation_level": 0,
        "cooling_regulation_level": 0,
        "duct_pressure": 0,
        "voc_level": 0,
        "rhx_operation_level": 8401,
        "rhx_efficiency": 0,
        "rhx_defrost_pressure_level": 0,
        "heat_exchanger_regulator_lvl": 0,
        "room_temp_set_point": 16,
        "min_temperature_set_point": 0,
        "max_temperature_set_point": 0
    },
    {
        "timestamp": "2025-02-06T03:10:01.962148",
        "co2": 440,
        "co2_sensor_data": 0,
        "outdoor_temperature": 5975,
        "supply_air_flow_pressure": 0,
        "supply_air_flow": 15,
        "ahu_filter_pressure_level": 3573,
        "fan_levels": 10000,
        "reheat_regulation_level": 0,
        "cooling_regulation_level": 0,
        "duct_pressure": 0,
        "voc_level": 0,
        "rhx_operation_level": 8409,
        "rhx_efficiency": 0,
        "rhx_defrost_pressure_level": 0,
        "heat_exchanger_regulator_lvl": 0,
        "room_temp_set_point": 16,
        "min_temperature_set_point": 0,
        "max_temperature_set_point": 0
    },
    {
        "timestamp": "2025-02-06T03:20:01.943906",
        "co2": 444,
        "co2_sensor_data": 0,
        "outdoor_temperature": 5975,
        "supply_air_flow_pressure": 0,
        "supply_air_flow": 15,
        "ahu_filter_pressure_level": 2100,
        "fan_levels": 10000,
        "reheat_regulation_level": 0,
        "cooling_regulation_level": 0,
        "duct_pressure": 0,
        "voc_level": 0,
        "rhx_operation_level": 8399,
        "rhx_efficiency": 0,
        "rhx_defrost_pressure_level": 0,
        "heat_exchanger_regulator_lvl": 0,
        "room_temp_set_point": 16,
        "min_temperature_set_point": 0,
        "max_temperature_set_point": 0
    },
    {
        "timestamp": "2025-02-06T03:30:01.804131",
        "co2": 441,
        "co2_sensor_data": 0,
        "outdoor_temperature": 5975,
        "supply_air_flow_pressure": 0,
        "supply_air_flow": 15,
        "ahu_filter_pressure_level": 2495,
        "fan_levels": 9000,
        "reheat_regulation_level": 0,
        "cooling_regulation_level": 0,
        "duct_pressure": 0,
        "voc_level": 0,
        "rhx_operation_level": 8401,
        "rhx_efficiency": 0,
        "rhx_defrost_pressure_level": 0,
        "heat_exchanger_regulator_lvl": 0,
        "room_temp_set_point": 16,
        "min_temperature_set_point": 0,
        "max_temperature_set_point": 0
    },
    {
        "timestamp": "2025-02-06T03:40:01.812916",
        "co2": 434,
        "co2_sensor_data": 0,
        "outdoor_temperature": 5975,
        "supply_air_flow_pressure": 0,
        "supply_air_flow": 15,
        "ahu_filter_pressure_level": 3037,
        "fan_levels": 10000,
        "reheat_regulation_level": 0,
        "cooling_regulation_level": 0,
        "duct_pressure": 0,
        "voc_level": 0,
        "rhx_operation_level": 8402,
        "rhx_efficiency": 0,
        "rhx_defrost_pressure_level": 0,
        "heat_exchanger_regulator_lvl": 0,
        "room_temp_set_point": 16,
        "min_temperature_set_point": 0,
        "max_temperature_set_point": 0
    },
    {
        "timestamp": "2025-02-06T03:50:01.803755",
        "co2": 439,
        "co2_sensor_data": 0,
        "outdoor_temperature": 5975,
        "supply_air_flow_pressure": 0,
        "supply_air_flow": 14,
        "ahu_filter_pressure_level": 1735,
        "fan_levels": 10000,
        "reheat_regulation_level": 0,
        "cooling_regulation_level": 0,
        "duct_pressure": 0,
        "voc_level": 0,
        "rhx_operation_level": 8342,
        "rhx_efficiency": 0,
        "rhx_defrost_pressure_level": 0,
        "heat_exchanger_regulator_lvl": 0,
        "room_temp_set_point": 16,
        "min_temperature_set_point": 0,
        "max_temperature_set_point": 0
    },
    {
        "timestamp": "2025-02-06T04:00:01.692540",
        "co2": 442,
        "co2_sensor_data": 0,
        "outdoor_temperature": 5975,
        "supply_air_flow_pressure": 0,
        "supply_air_flow": 15,
        "ahu_filter_pressure_level": 3819,
        "fan_levels": 3088,
        "reheat_regulation_level": 0,
        "cooling_regulation_level": 0,
        "duct_pressure": 0,
        "voc_level": 0,
        "rhx_operation_level": 8399,
        "rhx_efficiency": 0,
        "rhx_defrost_pressure_level": 0,
        "heat_exchanger_regulator_lvl": 0,
        "room_temp_set_point": 16,
        "min_temperature_set_point": 0,
        "max_temperature_set_point": 0
    },
    {
        "timestamp": "2025-02-06T04:10:01.707719",
        "co2": 441,
        "co2_sensor_data": 0,
        "outdoor_temperature": 5975,
        "supply_air_flow_pressure": 0,
        "supply_air_flow": 15,
        "ahu_filter_pressure_level": 2458,
        "fan_levels": 10000,
        "reheat_regulation_level": 0,
        "cooling_regulation_level": 0,
        "duct_pressure": 0,
        "voc_level": 0,
        "rhx_operation_level": 8402,
        "rhx_efficiency": 0,
        "rhx_defrost_pressure_level": 0,
        "heat_exchanger_regulator_lvl": 0,
        "room_temp_set_point": 16,
        "min_temperature_set_point": 0,
        "max_temperature_set_point": 0
    },
    {
        "timestamp": "2025-02-06T04:20:01.733471",
        "co2": 444,
        "co2_sensor_data": 0,
        "outdoor_temperature": 5975,
        "supply_air_flow_pressure": 0,
        "supply_air_flow": 15,
        "ahu_filter_pressure_level": 2247,
        "fan_levels": 10000,
        "reheat_regulation_level": 0,
        "cooling_regulation_level": 0,
        "duct_pressure": 0,
        "voc_level": 0,
        "rhx_operation_level": 8400,
        "rhx_efficiency": 0,
        "rhx_defrost_pressure_level": 0,
        "heat_exchanger_regulator_lvl": 0,
        "room_temp_set_point": 16,
        "min_temperature_set_point": 0,
        "max_temperature_set_point": 0
    },
    {
        "timestamp": "2025-02-06T04:30:01.779104",
        "co2": 441,
        "co2_sensor_data": 0,
        "outdoor_temperature": 5975,
        "supply_air_flow_pressure": 0,
        "supply_air_flow": 14,
        "ahu_filter_pressure_level": 3057,
        "fan_levels": 10000,
        "reheat_regulation_level": 0,
        "cooling_regulation_level": 0,
        "duct_pressure": 0,
        "voc_level": 0,
        "rhx_operation_level": 8400,
        "rhx_efficiency": 0,
        "rhx_defrost_pressure_level": 0,
        "heat_exchanger_regulator_lvl": 0,
        "room_temp_set_point": 16,
        "min_temperature_set_point": 0,
        "max_temperature_set_point": 0
    },
    {
        "timestamp": "2025-02-06T04:40:01.935359",
        "co2": 443,
        "co2_sensor_data": 0,
        "outdoor_temperature": 5975,
        "supply_air_flow_pressure": 0,
        "supply_air_flow": 14,
        "ahu_filter_pressure_level": 1881,
        "fan_levels": 10000,
        "reheat_regulation_level": 0,
        "cooling_regulation_level": 0,
        "duct_pressure": 0,
        "voc_level": 0,
        "rhx_operation_level": 8404,
        "rhx_efficiency": 0,
        "rhx_defrost_pressure_level": 0,
        "heat_exchanger_regulator_lvl": 0,
        "room_temp_set_point": 16,
        "min_temperature_set_point": 0,
        "max_temperature_set_point": 0
    },
    {
        "timestamp": "2025-02-06T04:50:02.048466",
        "co2": 449,
        "co2_sensor_data": 0,
        "outdoor_temperature": 5975,
        "supply_air_flow_pressure": 0,
        "supply_air_flow": 15,
        "ahu_filter_pressure_level": 2979,
        "fan_levels": 7809,
        "reheat_regulation_level": 0,
        "cooling_regulation_level": 0,
        "duct_pressure": 0,
        "voc_level": 0,
        "rhx_operation_level": 8400,
        "rhx_efficiency": 0,
        "rhx_defrost_pressure_level": 0,
        "heat_exchanger_regulator_lvl": 0,
        "room_temp_set_point": 16,
        "min_temperature_set_point": 0,
        "max_temperature_set_point": 0
    },
    {
        "timestamp": "2025-02-06T05:00:01.243084",
        "co2": 444,
        "co2_sensor_data": 0,
        "outdoor_temperature": 5975,
        "supply_air_flow_pressure": 0,
        "supply_air_flow": 15,
        "ahu_filter_pressure_level": 2749,
        "fan_levels": 10000,
        "reheat_regulation_level": 0,
        "cooling_regulation_level": 0,
        "duct_pressure": 0,
        "voc_level": 0,
        "rhx_operation_level": 8401,
        "rhx_efficiency": 0,
        "rhx_defrost_pressure_level": 0,
        "heat_exchanger_regulator_lvl": 0,
        "room_temp_set_point": 16,
        "min_temperature_set_point": 0,
        "max_temperature_set_point": 0
    },
    {
        "timestamp": "2025-02-06T05:10:01.305475",
        "co2": 447,
        "co2_sensor_data": 0,
        "outdoor_temperature": 5975,
        "supply_air_flow_pressure": 0,
        "supply_air_flow": 15,
        "ahu_filter_pressure_level": 1737,
        "fan_levels": 10000,
        "reheat_regulation_level": 0,
        "cooling_regulation_level": 0,
        "duct_pressure": 0,
        "voc_level": 0,
        "rhx_operation_level": 8401,
        "rhx_efficiency": 0,
        "rhx_defrost_pressure_level": 0,
        "heat_exchanger_regulator_lvl": 0,
        "room_temp_set_point": 16,
        "min_temperature_set_point": 0,
        "max_temperature_set_point": 0
    },
    {
        "timestamp": "2025-02-06T05:20:01.699733",
        "co2": 446,
        "co2_sensor_data": 0,
        "outdoor_temperature": 5975,
        "supply_air_flow_pressure": 0,
        "supply_air_flow": 14,
        "ahu_filter_pressure_level": 3517,
        "fan_levels": 10000,
        "reheat_regulation_level": 0,
        "cooling_regulation_level": 0,
        "duct_pressure": 0,
        "voc_level": 0,
        "rhx_operation_level": 8400,
        "rhx_efficiency": 0,
        "rhx_defrost_pressure_level": 0,
        "heat_exchanger_regulator_lvl": 0,
        "room_temp_set_point": 16,
        "min_temperature_set_point": 0,
        "max_temperature_set_point": 0
    },
    {
        "timestamp": "2025-02-06T05:30:01.844582",
        "co2": 446,
        "co2_sensor_data": 0,
        "outdoor_temperature": 5975,
        "supply_air_flow_pressure": 0,
        "supply_air_flow": 15,
        "ahu_filter_pressure_level": 2196,
        "fan_levels": 10000,
        "reheat_regulation_level": 0,
        "cooling_regulation_level": 0,
        "duct_pressure": 0,
        "voc_level": 0,
        "rhx_operation_level": 8400,
        "rhx_efficiency": 0,
        "rhx_defrost_pressure_level": 0,
        "heat_exchanger_regulator_lvl": 0,
        "room_temp_set_point": 16,
        "min_temperature_set_point": 0,
        "max_temperature_set_point": 0
    },
    {
        "timestamp": "2025-02-06T05:40:02.113004",
        "co2": 451,
        "co2_sensor_data": 0,
        "outdoor_temperature": 5975,
        "supply_air_flow_pressure": 0,
        "supply_air_flow": 14,
        "ahu_filter_pressure_level": 2438,
        "fan_levels": 9871,
        "reheat_regulation_level": 0,
        "cooling_regulation_level": 0,
        "duct_pressure": 0,
        "voc_level": 0,
        "rhx_operation_level": 8394,
        "rhx_efficiency": 0,
        "rhx_defrost_pressure_level": 0,
        "heat_exchanger_regulator_lvl": 0,
        "room_temp_set_point": 16,
        "min_temperature_set_point": 0,
        "max_temperature_set_point": 0
    },
    {
        "timestamp": "2025-02-06T05:50:01.283778",
        "co2": 453,
        "co2_sensor_data": 0,
        "outdoor_temperature": 5975,
        "supply_air_flow_pressure": 0,
        "supply_air_flow": 15,
        "ahu_filter_pressure_level": 3039,
        "fan_levels": 10000,
        "reheat_regulation_level": 0,
        "cooling_regulation_level": 0,
        "duct_pressure": 0,
        "voc_level": 0,
        "rhx_operation_level": 8399,
        "rhx_efficiency": 0,
        "rhx_defrost_pressure_level": 0,
        "heat_exchanger_regulator_lvl": 0,
        "room_temp_set_point": 16,
        "min_temperature_set_point": 0,
        "max_temperature_set_point": 0
    },
    {
        "timestamp": "2025-02-06T06:00:01.316880",
        "co2": 452,
        "co2_sensor_data": 0,
        "outdoor_temperature": 5975,
        "supply_air_flow_pressure": 0,
        "supply_air_flow": 15,
        "ahu_filter_pressure_level": 2035,
        "fan_levels": 10000,
        "reheat_regulation_level": 0,
        "cooling_regulation_level": 0,
        "duct_pressure": 0,
        "voc_level": 0,
        "rhx_operation_level": 8400,
        "rhx_efficiency": 0,
        "rhx_defrost_pressure_level": 0,
        "heat_exchanger_regulator_lvl": 0,
        "room_temp_set_point": 16,
        "min_temperature_set_point": 0,
        "max_temperature_set_point": 0
    },
    {
        "timestamp": "2025-02-06T06:10:01.542780",
        "co2": 450,
        "co2_sensor_data": 0,
        "outdoor_temperature": 5975,
        "supply_air_flow_pressure": 0,
        "supply_air_flow": 15,
        "ahu_filter_pressure_level": 3081,
        "fan_levels": 7509,
        "reheat_regulation_level": 0,
        "cooling_regulation_level": 0,
        "duct_pressure": 0,
        "voc_level": 0,
        "rhx_operation_level": 8397,
        "rhx_efficiency": 0,
        "rhx_defrost_pressure_level": 0,
        "heat_exchanger_regulator_lvl": 0,
        "room_temp_set_point": 16,
        "min_temperature_set_point": 0,
        "max_temperature_set_point": 0
    },
    {
        "timestamp": "2025-02-06T06:20:01.625830",
        "co2": 449,
        "co2_sensor_data": 0,
        "outdoor_temperature": 5975,
        "supply_air_flow_pressure": 0,
        "supply_air_flow": 14,
        "ahu_filter_pressure_level": 2707,
        "fan_levels": 10000,
        "reheat_regulation_level": 0,
        "cooling_regulation_level": 0,
        "duct_pressure": 0,
        "voc_level": 0,
        "rhx_operation_level": 8402,
        "rhx_efficiency": 0,
        "rhx_defrost_pressure_level": 0,
        "heat_exchanger_regulator_lvl": 0,
        "room_temp_set_point": 16,
        "min_temperature_set_point": 0,
        "max_temperature_set_point": 0
    },
    {
        "timestamp": "2025-02-06T06:30:01.812240",
        "co2": 457,
        "co2_sensor_data": 0,
        "outdoor_temperature": 5975,
        "supply_air_flow_pressure": 0,
        "supply_air_flow": 15,
        "ahu_filter_pressure_level": 2164,
        "fan_levels": 10000,
        "reheat_regulation_level": 0,
        "cooling_regulation_level": 0,
        "duct_pressure": 0,
        "voc_level": 0,
        "rhx_operation_level": 8401,
        "rhx_efficiency": 0,
        "rhx_defrost_pressure_level": 0,
        "heat_exchanger_regulator_lvl": 0,
        "room_temp_set_point": 16,
        "min_temperature_set_point": 0,
        "max_temperature_set_point": 0
    },
    {
        "timestamp": "2025-02-06T06:40:01.909167",
        "co2": 454,
        "co2_sensor_data": 0,
        "outdoor_temperature": 5975,
        "supply_air_flow_pressure": 0,
        "supply_air_flow": 36,
        "ahu_filter_pressure_level": 3657,
        "fan_levels": 9983,
        "reheat_regulation_level": 0,
        "cooling_regulation_level": 0,
        "duct_pressure": 0,
        "voc_level": 0,
        "rhx_operation_level": 8338,
        "rhx_efficiency": 0,
        "rhx_defrost_pressure_level": 0,
        "heat_exchanger_regulator_lvl": 0,
        "room_temp_set_point": 16,
        "min_temperature_set_point": 0,
        "max_temperature_set_point": 0
    },
    {
        "timestamp": "2025-02-06T06:50:01.895577",
        "co2": 455,
        "co2_sensor_data": 0,
        "outdoor_temperature": 5975,
        "supply_air_flow_pressure": 0,
        "supply_air_flow": 36,
        "ahu_filter_pressure_level": 1786,
        "fan_levels": 10000,
        "reheat_regulation_level": 0,
        "cooling_regulation_level": 0,
        "duct_pressure": 0,
        "voc_level": 0,
        "rhx_operation_level": 8300,
        "rhx_efficiency": 0,
        "rhx_defrost_pressure_level": 0,
        "heat_exchanger_regulator_lvl": 0,
        "room_temp_set_point": 16,
        "min_temperature_set_point": 0,
        "max_temperature_set_point": 0
    },
    {
        "timestamp": "2025-02-06T07:00:01.964097",
        "co2": 452,
        "co2_sensor_data": 0,
        "outdoor_temperature": 5975,
        "supply_air_flow_pressure": 0,
        "supply_air_flow": 36,
        "ahu_filter_pressure_level": 2627,
        "fan_levels": 8370,
        "reheat_regulation_level": 0,
        "cooling_regulation_level": 0,
        "duct_pressure": 0,
        "voc_level": 0,
        "rhx_operation_level": 8303,
        "rhx_efficiency": 0,
        "rhx_defrost_pressure_level": 0,
        "heat_exchanger_regulator_lvl": 0,
        "room_temp_set_point": 16,
        "min_temperature_set_point": 0,
        "max_temperature_set_point": 0
    },
    {
        "timestamp": "2025-02-06T07:10:02.093321",
        "co2": 453,
        "co2_sensor_data": 0,
        "outdoor_temperature": 5975,
        "supply_air_flow_pressure": 0,
        "supply_air_flow": 36,
        "ahu_filter_pressure_level": 3129,
        "fan_levels": 10000,
        "reheat_regulation_level": 0,
        "cooling_regulation_level": 0,
        "duct_pressure": 0,
        "voc_level": 0,
        "rhx_operation_level": 8301,
        "rhx_efficiency": 0,
        "rhx_defrost_pressure_level": 0,
        "heat_exchanger_regulator_lvl": 0,
        "room_temp_set_point": 16,
        "min_temperature_set_point": 0,
        "max_temperature_set_point": 0
    },
    {
        "timestamp": "2025-02-06T07:20:01.352106",
        "co2": 457,
        "co2_sensor_data": 0,
        "outdoor_temperature": 5975,
        "supply_air_flow_pressure": 0,
        "supply_air_flow": 36,
        "ahu_filter_pressure_level": 1266,
        "fan_levels": 10000,
        "reheat_regulation_level": 0,
        "cooling_regulation_level": 0,
        "duct_pressure": 0,
        "voc_level": 0,
        "rhx_operation_level": 8302,
        "rhx_efficiency": 0,
        "rhx_defrost_pressure_level": 0,
        "heat_exchanger_regulator_lvl": 0,
        "room_temp_set_point": 16,
        "min_temperature_set_point": 0,
        "max_temperature_set_point": 0
    },
    {
        "timestamp": "2025-02-06T07:30:01.508896",
        "co2": 468,
        "co2_sensor_data": 0,
        "outdoor_temperature": 5975,
        "supply_air_flow_pressure": 0,
        "supply_air_flow": 36,
        "ahu_filter_pressure_level": 3769,
        "fan_levels": 7912,
        "reheat_regulation_level": 0,
        "cooling_regulation_level": 0,
        "duct_pressure": 0,
        "voc_level": 0,
        "rhx_operation_level": 8301,
        "rhx_efficiency": 0,
        "rhx_defrost_pressure_level": 0,
        "heat_exchanger_regulator_lvl": 0,
        "room_temp_set_point": 16,
        "min_temperature_set_point": 0,
        "max_temperature_set_point": 0
    },
    {
        "timestamp": "2025-02-06T07:40:01.617684",
        "co2": 462,
        "co2_sensor_data": 0,
        "outdoor_temperature": 5975,
        "supply_air_flow_pressure": 0,
        "supply_air_flow": 36,
        "ahu_filter_pressure_level": 2287,
        "fan_levels": 10000,
        "reheat_regulation_level": 0,
        "cooling_regulation_level": 0,
        "duct_pressure": 0,
        "voc_level": 0,
        "rhx_operation_level": 8301,
        "rhx_efficiency": 0,
        "rhx_defrost_pressure_level": 0,
        "heat_exchanger_regulator_lvl": 0,
        "room_temp_set_point": 16,
        "min_temperature_set_point": 0,
        "max_temperature_set_point": 0
    },
    {
        "timestamp": "2025-02-06T07:50:01.793911",
        "co2": 477,
        "co2_sensor_data": 0,
        "outdoor_temperature": 5975,
        "supply_air_flow_pressure": 0,
        "supply_air_flow": 37,
        "ahu_filter_pressure_level": 2715,
        "fan_levels": 6739,
        "reheat_regulation_level": 0,
        "cooling_regulation_level": 0,
        "duct_pressure": 0,
        "voc_level": 0,
        "rhx_operation_level": 8300,
        "rhx_efficiency": 0,
        "rhx_defrost_pressure_level": 0,
        "heat_exchanger_regulator_lvl": 0,
        "room_temp_set_point": 16,
        "min_temperature_set_point": 0,
        "max_temperature_set_point": 0
    },
    {
        "timestamp": "2025-02-06T08:00:02.056177",
        "co2": 470,
        "co2_sensor_data": 0,
        "outdoor_temperature": 5975,
        "supply_air_flow_pressure": 0,
        "supply_air_flow": 37,
        "ahu_filter_pressure_level": 2937,
        "fan_levels": 10000,
        "reheat_regulation_level": 0,
        "cooling_regulation_level": 0,
        "duct_pressure": 0,
        "voc_level": 0,
        "rhx_operation_level": 8300,
        "rhx_efficiency": 0,
        "rhx_defrost_pressure_level": 0,
        "heat_exchanger_regulator_lvl": 0,
        "room_temp_set_point": 16,
        "min_temperature_set_point": 0,
        "max_temperature_set_point": 0
    },
    {
        "timestamp": "2025-02-06T08:10:01.402485",
        "co2": 475,
        "co2_sensor_data": 0,
        "outdoor_temperature": 5975,
        "supply_air_flow_pressure": 0,
        "supply_air_flow": 37,
        "ahu_filter_pressure_level": 1655,
        "fan_levels": 7403,
        "reheat_regulation_level": 0,
        "cooling_regulation_level": 0,
        "duct_pressure": 0,
        "voc_level": 0,
        "rhx_operation_level": 8300,
        "rhx_efficiency": 0,
        "rhx_defrost_pressure_level": 0,
        "heat_exchanger_regulator_lvl": 0,
        "room_temp_set_point": 16,
        "min_temperature_set_point": 0,
        "max_temperature_set_point": 0
    },
    {
        "timestamp": "2025-02-06T08:20:01.609699",
        "co2": 479,
        "co2_sensor_data": 0,
        "outdoor_temperature": 5975,
        "supply_air_flow_pressure": 0,
        "supply_air_flow": 35,
        "ahu_filter_pressure_level": 3320,
        "fan_levels": 10000,
        "reheat_regulation_level": 0,
        "cooling_regulation_level": 0,
        "duct_pressure": 0,
        "voc_level": 0,
        "rhx_operation_level": 8300,
        "rhx_efficiency": 0,
        "rhx_defrost_pressure_level": 0,
        "heat_exchanger_regulator_lvl": 0,
        "room_temp_set_point": 16,
        "min_temperature_set_point": 0,
        "max_temperature_set_point": 0
    },
    {
        "timestamp": "2025-02-06T08:30:01.903923",
        "co2": 482,
        "co2_sensor_data": 0,
        "outdoor_temperature": 5975,
        "supply_air_flow_pressure": 0,
        "supply_air_flow": 36,
        "ahu_filter_pressure_level": 1311,
        "fan_levels": 10000,
        "reheat_regulation_level": 0,
        "cooling_regulation_level": 0,
        "duct_pressure": 0,
        "voc_level": 0,
        "rhx_operation_level": 8300,
        "rhx_efficiency": 0,
        "rhx_defrost_pressure_level": 0,
        "heat_exchanger_regulator_lvl": 0,
        "room_temp_set_point": 16,
        "min_temperature_set_point": 0,
        "max_temperature_set_point": 0
    },
    {
        "timestamp": "2025-02-06T08:40:02.005471",
        "co2": 491,
        "co2_sensor_data": 0,
        "outdoor_temperature": 5975,
        "supply_air_flow_pressure": 0,
        "supply_air_flow": 36,
        "ahu_filter_pressure_level": 3768,
        "fan_levels": 7729,
        "reheat_regulation_level": 0,
        "cooling_regulation_level": 0,
        "duct_pressure": 0,
        "voc_level": 0,
        "rhx_operation_level": 8303,
        "rhx_efficiency": 0,
        "rhx_defrost_pressure_level": 0,
        "heat_exchanger_regulator_lvl": 0,
        "room_temp_set_point": 16,
        "min_temperature_set_point": 0,
        "max_temperature_set_point": 0
    },
    {
        "timestamp": "2025-02-06T08:50:01.480101",
        "co2": 495,
        "co2_sensor_data": 0,
        "outdoor_temperature": 5975,
        "supply_air_flow_pressure": 0,
        "supply_air_flow": 36,
        "ahu_filter_pressure_level": 2063,
        "fan_levels": 10000,
        "reheat_regulation_level": 0,
        "cooling_regulation_level": 0,
        "duct_pressure": 0,
        "voc_level": 0,
        "rhx_operation_level": 8300,
        "rhx_efficiency": 0,
        "rhx_defrost_pressure_level": 0,
        "heat_exchanger_regulator_lvl": 0,
        "room_temp_set_point": 16,
        "min_temperature_set_point": 0,
        "max_temperature_set_point": 0
    },
    {
        "timestamp": "2025-02-06T09:00:01.247804",
        "co2": 495,
        "co2_sensor_data": 0,
        "outdoor_temperature": 5975,
        "supply_air_flow_pressure": 0,
        "supply_air_flow": 36,
        "ahu_filter_pressure_level": 2987,
        "fan_levels": 5283,
        "reheat_regulation_level": 0,
        "cooling_regulation_level": 0,
        "duct_pressure": 0,
        "voc_level": 0,
        "rhx_operation_level": 8302,
        "rhx_efficiency": 0,
        "rhx_defrost_pressure_level": 0,
        "heat_exchanger_regulator_lvl": 0,
        "room_temp_set_point": 16,
        "min_temperature_set_point": 0,
        "max_temperature_set_point": 0
    },
    {
        "timestamp": "2025-02-06T09:10:01.634241",
        "co2": 487,
        "co2_sensor_data": 0,
        "outdoor_temperature": 5975,
        "supply_air_flow_pressure": 0,
        "supply_air_flow": 35,
        "ahu_filter_pressure_level": 2539,
        "fan_levels": 10000,
        "reheat_regulation_level": 0,
        "cooling_regulation_level": 0,
        "duct_pressure": 0,
        "voc_level": 0,
        "rhx_operation_level": 8300,
        "rhx_efficiency": 0,
        "rhx_defrost_pressure_level": 0,
        "heat_exchanger_regulator_lvl": 0,
        "room_temp_set_point": 16,
        "min_temperature_set_point": 0,
        "max_temperature_set_point": 0
    },
    {
        "timestamp": "2025-02-06T09:20:01.855333",
        "co2": 481,
        "co2_sensor_data": 0,
        "outdoor_temperature": 5975,
        "supply_air_flow_pressure": 0,
        "supply_air_flow": 36,
        "ahu_filter_pressure_level": 2704,
        "fan_levels": 3859,
        "reheat_regulation_level": 0,
        "cooling_regulation_level": 0,
        "duct_pressure": 0,
        "voc_level": 0,
        "rhx_operation_level": 8300,
        "rhx_efficiency": 0,
        "rhx_defrost_pressure_level": 0,
        "heat_exchanger_regulator_lvl": 0,
        "room_temp_set_point": 16,
        "min_temperature_set_point": 0,
        "max_temperature_set_point": 0
    },
    {
        "timestamp": "2025-02-06T09:30:02.157795",
        "co2": 472,
        "co2_sensor_data": 0,
        "outdoor_temperature": 5975,
        "supply_air_flow_pressure": 0,
        "supply_air_flow": 36,
        "ahu_filter_pressure_level": 1707,
        "fan_levels": 10000,
        "reheat_regulation_level": 0,
        "cooling_regulation_level": 0,
        "duct_pressure": 0,
        "voc_level": 0,
        "rhx_operation_level": 8300,
        "rhx_efficiency": 0,
        "rhx_defrost_pressure_level": 0,
        "heat_exchanger_regulator_lvl": 0,
        "room_temp_set_point": 16,
        "min_temperature_set_point": 0,
        "max_temperature_set_point": 0
    },
    {
        "timestamp": "2025-02-06T09:40:01.338109",
        "co2": 477,
        "co2_sensor_data": 0,
        "outdoor_temperature": 5975,
        "supply_air_flow_pressure": 0,
        "supply_air_flow": 36,
        "ahu_filter_pressure_level": 3578,
        "fan_levels": 4245,
        "reheat_regulation_level": 0,
        "cooling_regulation_level": 0,
        "duct_pressure": 0,
        "voc_level": 0,
        "rhx_operation_level": 8301,
        "rhx_efficiency": 0,
        "rhx_defrost_pressure_level": 0,
        "heat_exchanger_regulator_lvl": 0,
        "room_temp_set_point": 16,
        "min_temperature_set_point": 0,
        "max_temperature_set_point": 0
    },
    {
        "timestamp": "2025-02-06T09:50:01.516264",
        "co2": 483,
        "co2_sensor_data": 0,
        "outdoor_temperature": 5975,
        "supply_air_flow_pressure": 0,
        "supply_air_flow": 36,
        "ahu_filter_pressure_level": 1331,
        "fan_levels": 8055,
        "reheat_regulation_level": 0,
        "cooling_regulation_level": 0,
        "duct_pressure": 0,
        "voc_level": 0,
        "rhx_operation_level": 8300,
        "rhx_efficiency": 0,
        "rhx_defrost_pressure_level": 0,
        "heat_exchanger_regulator_lvl": 0,
        "room_temp_set_point": 16,
        "min_temperature_set_point": 0,
        "max_temperature_set_point": 0
    },
    {
        "timestamp": "2025-02-06T10:00:01.625282",
        "co2": 497,
        "co2_sensor_data": 0,
        "outdoor_temperature": 5975,
        "supply_air_flow_pressure": 0,
        "supply_air_flow": 36,
        "ahu_filter_pressure_level": 3375,
        "fan_levels": 10000,
        "reheat_regulation_level": 0,
        "cooling_regulation_level": 0,
        "duct_pressure": 0,
        "voc_level": 0,
        "rhx_operation_level": 8302,
        "rhx_efficiency": 0,
        "rhx_defrost_pressure_level": 0,
        "heat_exchanger_regulator_lvl": 0,
        "room_temp_set_point": 16,
        "min_temperature_set_point": 0,
        "max_temperature_set_point": 0
    },
    {
        "timestamp": "2025-02-06T10:10:01.885066",
        "co2": 497,
        "co2_sensor_data": 0,
        "outdoor_temperature": 5975,
        "supply_air_flow_pressure": 0,
        "supply_air_flow": 37,
        "ahu_filter_pressure_level": 2143,
        "fan_levels": 4624,
        "reheat_regulation_level": 0,
        "cooling_regulation_level": 0,
        "duct_pressure": 0,
        "voc_level": 0,
        "rhx_operation_level": 8300,
        "rhx_efficiency": 0,
        "rhx_defrost_pressure_level": 0,
        "heat_exchanger_regulator_lvl": 0,
        "room_temp_set_point": 16,
        "min_temperature_set_point": 0,
        "max_temperature_set_point": 0
    },
    {
        "timestamp": "2025-02-06T10:20:02.094459",
        "co2": 500,
        "co2_sensor_data": 0,
        "outdoor_temperature": 5975,
        "supply_air_flow_pressure": 0,
        "supply_air_flow": 36,
        "ahu_filter_pressure_level": 2281,
        "fan_levels": 10000,
        "reheat_regulation_level": 0,
        "cooling_regulation_level": 0,
        "duct_pressure": 0,
        "voc_level": 0,
        "rhx_operation_level": 8300,
        "rhx_efficiency": 0,
        "rhx_defrost_pressure_level": 0,
        "heat_exchanger_regulator_lvl": 0,
        "room_temp_set_point": 16,
        "min_temperature_set_point": 0,
        "max_temperature_set_point": 0
    },
    {
        "timestamp": "2025-02-06T10:30:01.183403",
        "co2": 504,
        "co2_sensor_data": 0,
        "outdoor_temperature": 5975,
        "supply_air_flow_pressure": 0,
        "supply_air_flow": 36,
        "ahu_filter_pressure_level": 2853,
        "fan_levels": 4814,
        "reheat_regulation_level": 0,
        "cooling_regulation_level": 0,
        "duct_pressure": 0,
        "voc_level": 0,
        "rhx_operation_level": 8300,
        "rhx_efficiency": 0,
        "rhx_defrost_pressure_level": 0,
        "heat_exchanger_regulator_lvl": 0,
        "room_temp_set_point": 16,
        "min_temperature_set_point": 0,
        "max_temperature_set_point": 0
    },
    {
        "timestamp": "2025-02-06T10:40:01.550921",
        "co2": 504,
        "co2_sensor_data": 0,
        "outdoor_temperature": 5975,
        "supply_air_flow_pressure": 0,
        "supply_air_flow": 37,
        "ahu_filter_pressure_level": 1406,
        "fan_levels": 6369,
        "reheat_regulation_level": 0,
        "cooling_regulation_level": 0,
        "duct_pressure": 0,
        "voc_level": 0,
        "rhx_operation_level": 8300,
        "rhx_efficiency": 0,
        "rhx_defrost_pressure_level": 0,
        "heat_exchanger_regulator_lvl": 0,
        "room_temp_set_point": 16,
        "min_temperature_set_point": 0,
        "max_temperature_set_point": 0
    },
    {
        "timestamp": "2025-02-06T10:50:01.986242",
        "co2": 497,
        "co2_sensor_data": 0,
        "outdoor_temperature": 5975,
        "supply_air_flow_pressure": 0,
        "supply_air_flow": 37,
        "ahu_filter_pressure_level": 3328,
        "fan_levels": 10000,
        "reheat_regulation_level": 0,
        "cooling_regulation_level": 0,
        "duct_pressure": 0,
        "voc_level": 0,
        "rhx_operation_level": 8302,
        "rhx_efficiency": 0,
        "rhx_defrost_pressure_level": 0,
        "heat_exchanger_regulator_lvl": 0,
        "room_temp_set_point": 16,
        "min_temperature_set_point": 0,
        "max_temperature_set_point": 0
    },
    {
        "timestamp": "2025-02-06T11:00:02.076077",
        "co2": 499,
        "co2_sensor_data": 0,
        "outdoor_temperature": 5975,
        "supply_air_flow_pressure": 0,
        "supply_air_flow": 36,
        "ahu_filter_pressure_level": 2204,
        "fan_levels": 2566,
        "reheat_regulation_level": 0,
        "cooling_regulation_level": 0,
        "duct_pressure": 0,
        "voc_level": 0,
        "rhx_operation_level": 8300,
        "rhx_efficiency": 0,
        "rhx_defrost_pressure_level": 0,
        "heat_exchanger_regulator_lvl": 0,
        "room_temp_set_point": 16,
        "min_temperature_set_point": 0,
        "max_temperature_set_point": 0
    },
    {
        "timestamp": "2025-02-06T11:10:01.346243",
        "co2": 500,
        "co2_sensor_data": 0,
        "outdoor_temperature": 5975,
        "supply_air_flow_pressure": 0,
        "supply_air_flow": 36,
        "ahu_filter_pressure_level": 1989,
        "fan_levels": 4240,
        "reheat_regulation_level": 0,
        "cooling_regulation_level": 0,
        "duct_pressure": 0,
        "voc_level": 0,
        "rhx_operation_level": 8303,
        "rhx_efficiency": 0,
        "rhx_defrost_pressure_level": 0,
        "heat_exchanger_regulator_lvl": 0,
        "room_temp_set_point": 16,
        "min_temperature_set_point": 0,
        "max_temperature_set_point": 0
    },
    {
        "timestamp": "2025-02-06T11:20:01.542845",
        "co2": 502,
        "co2_sensor_data": 0,
        "outdoor_temperature": 5975,
        "supply_air_flow_pressure": 0,
        "supply_air_flow": 36,
        "ahu_filter_pressure_level": 2222,
        "fan_levels": 10000,
        "reheat_regulation_level": 0,
        "cooling_regulation_level": 0,
        "duct_pressure": 0,
        "voc_level": 0,
        "rhx_operation_level": 8300,
        "rhx_efficiency": 0,
        "rhx_defrost_pressure_level": 0,
        "heat_exchanger_regulator_lvl": 0,
        "room_temp_set_point": 16,
        "min_temperature_set_point": 0,
        "max_temperature_set_point": 0
    },
    {
        "timestamp": "2025-02-06T11:30:01.649534",
        "co2": 505,
        "co2_sensor_data": 0,
        "outdoor_temperature": 5975,
        "supply_air_flow_pressure": 0,
        "supply_air_flow": 36,
        "ahu_filter_pressure_level": 2983,
        "fan_levels": 1341,
        "reheat_regulation_level": 0,
        "cooling_regulation_level": 0,
        "duct_pressure": 0,
        "voc_level": 0,
        "rhx_operation_level": 8303,
        "rhx_efficiency": 0,
        "rhx_defrost_pressure_level": 0,
        "heat_exchanger_regulator_lvl": 0,
        "room_temp_set_point": 16,
        "min_temperature_set_point": 0,
        "max_temperature_set_point": 0
    },
    {
        "timestamp": "2025-02-06T11:40:01.756947",
        "co2": 507,
        "co2_sensor_data": 0,
        "outdoor_temperature": 5975,
        "supply_air_flow_pressure": 0,
        "supply_air_flow": 36,
        "ahu_filter_pressure_level": 2068,
        "fan_levels": 1633,
        "reheat_regulation_level": 0,
        "cooling_regulation_level": 0,
        "duct_pressure": 0,
        "voc_level": 0,
        "rhx_operation_level": 8300,
        "rhx_efficiency": 0,
        "rhx_defrost_pressure_level": 0,
        "heat_exchanger_regulator_lvl": 0,
        "room_temp_set_point": 16,
        "min_temperature_set_point": 0,
        "max_temperature_set_point": 0
    },
    {
        "timestamp": "2025-02-06T11:50:01.950632",
        "co2": 499,
        "co2_sensor_data": 0,
        "outdoor_temperature": 5975,
        "supply_air_flow_pressure": 0,
        "supply_air_flow": 36,
        "ahu_filter_pressure_level": 1973,
        "fan_levels": 2729,
        "reheat_regulation_level": 0,
        "cooling_regulation_level": 0,
        "duct_pressure": 0,
        "voc_level": 0,
        "rhx_operation_level": 8301,
        "rhx_efficiency": 0,
        "rhx_defrost_pressure_level": 0,
        "heat_exchanger_regulator_lvl": 0,
        "room_temp_set_point": 16,
        "min_temperature_set_point": 0,
        "max_temperature_set_point": 0
    },
    {
        "timestamp": "2025-02-06T12:00:01.910796",
        "co2": 497,
        "co2_sensor_data": 0,
        "outdoor_temperature": 5975,
        "supply_air_flow_pressure": 0,
        "supply_air_flow": 37,
        "ahu_filter_pressure_level": 1937,
        "fan_levels": 4324,
        "reheat_regulation_level": 0,
        "cooling_regulation_level": 0,
        "duct_pressure": 0,
        "voc_level": 0,
        "rhx_operation_level": 8300,
        "rhx_efficiency": 0,
        "rhx_defrost_pressure_level": 0,
        "heat_exchanger_regulator_lvl": 0,
        "room_temp_set_point": 16,
        "min_temperature_set_point": 0,
        "max_temperature_set_point": 0
    },
    {
        "timestamp": "2025-02-06T12:10:01.370818",
        "co2": 502,
        "co2_sensor_data": 0,
        "outdoor_temperature": 5975,
        "supply_air_flow_pressure": 0,
        "supply_air_flow": 36,
        "ahu_filter_pressure_level": 1277,
        "fan_levels": 9121,
        "reheat_regulation_level": 0,
        "cooling_regulation_level": 0,
        "duct_pressure": 0,
        "voc_level": 0,
        "rhx_operation_level": 8300,
        "rhx_efficiency": 0,
        "rhx_defrost_pressure_level": 0,
        "heat_exchanger_regulator_lvl": 0,
        "room_temp_set_point": 16,
        "min_temperature_set_point": 0,
        "max_temperature_set_point": 0
    },
    {
        "timestamp": "2025-02-06T12:20:01.419447",
        "co2": 527,
        "co2_sensor_data": 0,
        "outdoor_temperature": 5975,
        "supply_air_flow_pressure": 0,
        "supply_air_flow": 37,
        "ahu_filter_pressure_level": 3725,
        "fan_levels": 5152,
        "reheat_regulation_level": 0,
        "cooling_regulation_level": 0,
        "duct_pressure": 0,
        "voc_level": 0,
        "rhx_operation_level": 8300,
        "rhx_efficiency": 0,
        "rhx_defrost_pressure_level": 0,
        "heat_exchanger_regulator_lvl": 0,
        "room_temp_set_point": 16,
        "min_temperature_set_point": 0,
        "max_temperature_set_point": 0
    },
    {
        "timestamp": "2025-02-06T12:30:01.755027",
        "co2": 580,
        "co2_sensor_data": 0,
        "outdoor_temperature": 5975,
        "supply_air_flow_pressure": 0,
        "supply_air_flow": 36,
        "ahu_filter_pressure_level": 2106,
        "fan_levels": 4443,
        "reheat_regulation_level": 0,
        "cooling_regulation_level": 0,
        "duct_pressure": 0,
        "voc_level": 0,
        "rhx_operation_level": 8302,
        "rhx_efficiency": 0,
        "rhx_defrost_pressure_level": 0,
        "heat_exchanger_regulator_lvl": 0,
        "room_temp_set_point": 16,
        "min_temperature_set_point": 0,
        "max_temperature_set_point": 0
    },
    {
        "timestamp": "2025-02-06T12:40:01.917516",
        "co2": 602,
        "co2_sensor_data": 0,
        "outdoor_temperature": 5975,
        "supply_air_flow_pressure": 0,
        "supply_air_flow": 36,
        "ahu_filter_pressure_level": 2012,
        "fan_levels": 4387,
        "reheat_regulation_level": 0,
        "cooling_regulation_level": 0,
        "duct_pressure": 0,
        "voc_level": 0,
        "rhx_operation_level": 8307,
        "rhx_efficiency": 0,
        "rhx_defrost_pressure_level": 0,
        "heat_exchanger_regulator_lvl": 0,
        "room_temp_set_point": 16,
        "min_temperature_set_point": 0,
        "max_temperature_set_point": 0
    },
    {
        "timestamp": "2025-02-06T12:50:02.053853",
        "co2": 586,
        "co2_sensor_data": 0,
        "outdoor_temperature": 5975,
        "supply_air_flow_pressure": 0,
        "supply_air_flow": 36,
        "ahu_filter_pressure_level": 1981,
        "fan_levels": 4438,
        "reheat_regulation_level": 0,
        "cooling_regulation_level": 0,
        "duct_pressure": 0,
        "voc_level": 0,
        "rhx_operation_level": 8305,
        "rhx_efficiency": 0,
        "rhx_defrost_pressure_level": 0,
        "heat_exchanger_regulator_lvl": 0,
        "room_temp_set_point": 16,
        "min_temperature_set_point": 0,
        "max_temperature_set_point": 0
    },
    {
        "timestamp": "2025-02-06T13:00:02.006998",
        "co2": 558,
        "co2_sensor_data": 0,
        "outdoor_temperature": 5975,
        "supply_air_flow_pressure": 0,
        "supply_air_flow": 37,
        "ahu_filter_pressure_level": 1973,
        "fan_levels": 4448,
        "reheat_regulation_level": 0,
        "cooling_regulation_level": 0,
        "duct_pressure": 0,
        "voc_level": 0,
        "rhx_operation_level": 8315,
        "rhx_efficiency": 0,
        "rhx_defrost_pressure_level": 0,
        "heat_exchanger_regulator_lvl": 0,
        "room_temp_set_point": 16,
        "min_temperature_set_point": 0,
        "max_temperature_set_point": 0
    },
    {
        "timestamp": "2025-02-06T13:10:01.426591",
        "co2": 525,
        "co2_sensor_data": 0,
        "outdoor_temperature": 5975,
        "supply_air_flow_pressure": 0,
        "supply_air_flow": 36,
        "ahu_filter_pressure_level": 1962,
        "fan_levels": 4685,
        "reheat_regulation_level": 0,
        "cooling_regulation_level": 0,
        "duct_pressure": 0,
        "voc_level": 0,
        "rhx_operation_level": 8300,
        "rhx_efficiency": 0,
        "rhx_defrost_pressure_level": 0,
        "heat_exchanger_regulator_lvl": 0,
        "room_temp_set_point": 16,
        "min_temperature_set_point": 0,
        "max_temperature_set_point": 0
    },
    {
        "timestamp": "2025-02-06T13:20:01.528812",
        "co2": 508,
        "co2_sensor_data": 0,
        "outdoor_temperature": 5975,
        "supply_air_flow_pressure": 0,
        "supply_air_flow": 36,
        "ahu_filter_pressure_level": 1962,
        "fan_levels": 5082,
        "reheat_regulation_level": 0,
        "cooling_regulation_level": 0,
        "duct_pressure": 0,
        "voc_level": 0,
        "rhx_operation_level": 8305,
        "rhx_efficiency": 0,
        "rhx_defrost_pressure_level": 0,
        "heat_exchanger_regulator_lvl": 0,
        "room_temp_set_point": 16,
        "min_temperature_set_point": 0,
        "max_temperature_set_point": 0
    },
    {
        "timestamp": "2025-02-06T13:30:01.653464",
        "co2": 495,
        "co2_sensor_data": 0,
        "outdoor_temperature": 5975,
        "supply_air_flow_pressure": 0,
        "supply_air_flow": 36,
        "ahu_filter_pressure_level": 1745,
        "fan_levels": 10000,
        "reheat_regulation_level": 0,
        "cooling_regulation_level": 0,
        "duct_pressure": 0,
        "voc_level": 0,
        "rhx_operation_level": 8302,
        "rhx_efficiency": 0,
        "rhx_defrost_pressure_level": 0,
        "heat_exchanger_regulator_lvl": 0,
        "room_temp_set_point": 16,
        "min_temperature_set_point": 0,
        "max_temperature_set_point": 0
    },
    {
        "timestamp": "2025-02-06T13:40:01.729556",
        "co2": 500,
        "co2_sensor_data": 0,
        "outdoor_temperature": 5975,
        "supply_air_flow_pressure": 0,
        "supply_air_flow": 37,
        "ahu_filter_pressure_level": 3252,
        "fan_levels": 4276,
        "reheat_regulation_level": 0,
        "cooling_regulation_level": 0,
        "duct_pressure": 0,
        "voc_level": 0,
        "rhx_operation_level": 8308,
        "rhx_efficiency": 0,
        "rhx_defrost_pressure_level": 0,
        "heat_exchanger_regulator_lvl": 0,
        "room_temp_set_point": 16,
        "min_temperature_set_point": 0,
        "max_temperature_set_point": 0
    },
    {
        "timestamp": "2025-02-06T13:50:01.981731",
        "co2": 493,
        "co2_sensor_data": 0,
        "outdoor_temperature": 5975,
        "supply_air_flow_pressure": 0,
        "supply_air_flow": 36,
        "ahu_filter_pressure_level": 2143,
        "fan_levels": 2515,
        "reheat_regulation_level": 0,
        "cooling_regulation_level": 0,
        "duct_pressure": 0,
        "voc_level": 0,
        "rhx_operation_level": 8300,
        "rhx_efficiency": 0,
        "rhx_defrost_pressure_level": 0,
        "heat_exchanger_regulator_lvl": 0,
        "room_temp_set_point": 16,
        "min_temperature_set_point": 0,
        "max_temperature_set_point": 0
    },
    {
        "timestamp": "2025-02-06T14:00:01.867627",
        "co2": 489,
        "co2_sensor_data": 0,
        "outdoor_temperature": 5975,
        "supply_air_flow_pressure": 0,
        "supply_air_flow": 36,
        "ahu_filter_pressure_level": 2043,
        "fan_levels": 1613,
        "reheat_regulation_level": 0,
        "cooling_regulation_level": 0,
        "duct_pressure": 0,
        "voc_level": 0,
        "rhx_operation_level": 8307,
        "rhx_efficiency": 0,
        "rhx_defrost_pressure_level": 0,
        "heat_exchanger_regulator_lvl": 0,
        "room_temp_set_point": 16,
        "min_temperature_set_point": 0,
        "max_temperature_set_point": 0
    },
    {
        "timestamp": "2025-02-06T14:10:01.234168",
        "co2": 492,
        "co2_sensor_data": 0,
        "outdoor_temperature": 5975,
        "supply_air_flow_pressure": 0,
        "supply_air_flow": 37,
        "ahu_filter_pressure_level": 2012,
        "fan_levels": 1083,
        "reheat_regulation_level": 0,
        "cooling_regulation_level": 0,
        "duct_pressure": 0,
        "voc_level": 0,
        "rhx_operation_level": 8300,
        "rhx_efficiency": 0,
        "rhx_defrost_pressure_level": 0,
        "heat_exchanger_regulator_lvl": 0,
        "room_temp_set_point": 16,
        "min_temperature_set_point": 0,
        "max_temperature_set_point": 0
    },
    {
        "timestamp": "2025-02-06T14:20:01.775778",
        "co2": 495,
        "co2_sensor_data": 0,
        "outdoor_temperature": 5975,
        "supply_air_flow_pressure": 0,
        "supply_air_flow": 37,
        "ahu_filter_pressure_level": 1998,
        "fan_levels": 515,
        "reheat_regulation_level": 0,
        "cooling_regulation_level": 0,
        "duct_pressure": 0,
        "voc_level": 0,
        "rhx_operation_level": 8304,
        "rhx_efficiency": 0,
        "rhx_defrost_pressure_level": 0,
        "heat_exchanger_regulator_lvl": 0,
        "room_temp_set_point": 16,
        "min_temperature_set_point": 0,
        "max_temperature_set_point": 0
    },
    {
        "timestamp": "2025-02-06T14:30:01.962354",
        "co2": 488,
        "co2_sensor_data": 0,
        "outdoor_temperature": 5975,
        "supply_air_flow_pressure": 0,
        "supply_air_flow": 36,
        "ahu_filter_pressure_level": 1998,
        "fan_levels": 0,
        "reheat_regulation_level": 0,
        "cooling_regulation_level": 0,
        "duct_pressure": 0,
        "voc_level": 0,
        "rhx_operation_level": 8307,
        "rhx_efficiency": 0,
        "rhx_defrost_pressure_level": 0,
        "heat_exchanger_regulator_lvl": 0,
        "room_temp_set_point": 16,
        "min_temperature_set_point": 0,
        "max_temperature_set_point": 0
    },
    {
        "timestamp": "2025-02-06T14:40:01.987888",
        "co2": 495,
        "co2_sensor_data": 0,
        "outdoor_temperature": 5975,
        "supply_air_flow_pressure": 0,
        "supply_air_flow": 36,
        "ahu_filter_pressure_level": 1993,
        "fan_levels": 0,
        "reheat_regulation_level": 0,
        "cooling_regulation_level": 0,
        "duct_pressure": 0,
        "voc_level": 0,
        "rhx_operation_level": 8309,
        "rhx_efficiency": 0,
        "rhx_defrost_pressure_level": 0,
        "heat_exchanger_regulator_lvl": 0,
        "room_temp_set_point": 16,
        "min_temperature_set_point": 0,
        "max_temperature_set_point": 0
    },
    {
        "timestamp": "2025-02-06T14:50:02.045950",
        "co2": 499,
        "co2_sensor_data": 0,
        "outdoor_temperature": 5975,
        "supply_air_flow_pressure": 0,
        "supply_air_flow": 36,
        "ahu_filter_pressure_level": 1993,
        "fan_levels": 0,
        "reheat_regulation_level": 0,
        "cooling_regulation_level": 0,
        "duct_pressure": 0,
        "voc_level": 0,
        "rhx_operation_level": 8293,
        "rhx_efficiency": 0,
        "rhx_defrost_pressure_level": 0,
        "heat_exchanger_regulator_lvl": 0,
        "room_temp_set_point": 16,
        "min_temperature_set_point": 0,
        "max_temperature_set_point": 0
    },
    {
        "timestamp": "2025-02-06T15:00:01.190141",
        "co2": 494,
        "co2_sensor_data": 0,
        "outdoor_temperature": 5975,
        "supply_air_flow_pressure": 0,
        "supply_air_flow": 36,
        "ahu_filter_pressure_level": 1956,
        "fan_levels": 0,
        "reheat_regulation_level": 0,
        "cooling_regulation_level": 0,
        "duct_pressure": 0,
        "voc_level": 0,
        "rhx_operation_level": 7109,
        "rhx_efficiency": 0,
        "rhx_defrost_pressure_level": 0,
        "heat_exchanger_regulator_lvl": 0,
        "room_temp_set_point": 16,
        "min_temperature_set_point": 0,
        "max_temperature_set_point": 0
    },
    {
        "timestamp": "2025-02-06T15:10:01.380136",
        "co2": 492,
        "co2_sensor_data": 0,
        "outdoor_temperature": 5975,
        "supply_air_flow_pressure": 0,
        "supply_air_flow": 37,
        "ahu_filter_pressure_level": 1948,
        "fan_levels": 0,
        "reheat_regulation_level": 0,
        "cooling_regulation_level": 0,
        "duct_pressure": 0,
        "voc_level": 0,
        "rhx_operation_level": 7841,
        "rhx_efficiency": 0,
        "rhx_defrost_pressure_level": 0,
        "heat_exchanger_regulator_lvl": 0,
        "room_temp_set_point": 16,
        "min_temperature_set_point": 0,
        "max_temperature_set_point": 0
    },
    {
        "timestamp": "2025-02-06T15:20:01.625781",
        "co2": 495,
        "co2_sensor_data": 0,
        "outdoor_temperature": 5975,
        "supply_air_flow_pressure": 0,
        "supply_air_flow": 37,
        "ahu_filter_pressure_level": 1948,
        "fan_levels": 0,
        "reheat_regulation_level": 0,
        "cooling_regulation_level": 0,
        "duct_pressure": 0,
        "voc_level": 0,
        "rhx_operation_level": 8300,
        "rhx_efficiency": 0,
        "rhx_defrost_pressure_level": 0,
        "heat_exchanger_regulator_lvl": 0,
        "room_temp_set_point": 16,
        "min_temperature_set_point": 0,
        "max_temperature_set_point": 0
    },
    {
        "timestamp": "2025-02-06T15:30:01.650170",
        "co2": 489,
        "co2_sensor_data": 0,
        "outdoor_temperature": 5975,
        "supply_air_flow_pressure": 0,
        "supply_air_flow": 37,
        "ahu_filter_pressure_level": 1950,
        "fan_levels": 0,
        "reheat_regulation_level": 0,
        "cooling_regulation_level": 0,
        "duct_pressure": 0,
        "voc_level": 0,
        "rhx_operation_level": 8304,
        "rhx_efficiency": 0,
        "rhx_defrost_pressure_level": 0,
        "heat_exchanger_regulator_lvl": 0,
        "room_temp_set_point": 16,
        "min_temperature_set_point": 0,
        "max_temperature_set_point": 0
    },
    {
        "timestamp": "2025-02-06T15:40:01.466555",
        "co2": 495,
        "co2_sensor_data": 0,
        "outdoor_temperature": 5975,
        "supply_air_flow_pressure": 0,
        "supply_air_flow": 15,
        "ahu_filter_pressure_level": 1943,
        "fan_levels": 966,
        "reheat_regulation_level": 0,
        "cooling_regulation_level": 0,
        "duct_pressure": 0,
        "voc_level": 0,
        "rhx_operation_level": 8297,
        "rhx_efficiency": 0,
        "rhx_defrost_pressure_level": 0,
        "heat_exchanger_regulator_lvl": 0,
        "room_temp_set_point": 16,
        "min_temperature_set_point": 0,
        "max_temperature_set_point": 0
    },
    {
        "timestamp": "2025-02-06T15:50:01.652226",
        "co2": 500,
        "co2_sensor_data": 0,
        "outdoor_temperature": 5975,
        "supply_air_flow_pressure": 0,
        "supply_air_flow": 15,
        "ahu_filter_pressure_level": 1943,
        "fan_levels": 2534,
        "reheat_regulation_level": 0,
        "cooling_regulation_level": 0,
        "duct_pressure": 0,
        "voc_level": 0,
        "rhx_operation_level": 8400,
        "rhx_efficiency": 0,
        "rhx_defrost_pressure_level": 0,
        "heat_exchanger_regulator_lvl": 0,
        "room_temp_set_point": 16,
        "min_temperature_set_point": 0,
        "max_temperature_set_point": 0
    },
    {
        "timestamp": "2025-02-06T16:00:02.115593",
        "co2": 496,
        "co2_sensor_data": 0,
        "outdoor_temperature": 5975,
        "supply_air_flow_pressure": 0,
        "supply_air_flow": 16,
        "ahu_filter_pressure_level": 1943,
        "fan_levels": 4575,
        "reheat_regulation_level": 0,
        "cooling_regulation_level": 0,
        "duct_pressure": 0,
        "voc_level": 0,
        "rhx_operation_level": 8400,
        "rhx_efficiency": 0,
        "rhx_defrost_pressure_level": 0,
        "heat_exchanger_regulator_lvl": 0,
        "room_temp_set_point": 16,
        "min_temperature_set_point": 0,
        "max_temperature_set_point": 0
    },
    {
        "timestamp": "2025-02-06T16:10:01.171374",
        "co2": 500,
        "co2_sensor_data": 0,
        "outdoor_temperature": 5975,
        "supply_air_flow_pressure": 0,
        "supply_air_flow": 16,
        "ahu_filter_pressure_level": 1651,
        "fan_levels": 10000,
        "reheat_regulation_level": 0,
        "cooling_regulation_level": 0,
        "duct_pressure": 0,
        "voc_level": 0,
        "rhx_operation_level": 8402,
        "rhx_efficiency": 0,
        "rhx_defrost_pressure_level": 0,
        "heat_exchanger_regulator_lvl": 0,
        "room_temp_set_point": 16,
        "min_temperature_set_point": 0,
        "max_temperature_set_point": 0
    },
    {
        "timestamp": "2025-02-06T16:20:02.135530",
        "co2": 507,
        "co2_sensor_data": 0,
        "outdoor_temperature": 5975,
        "supply_air_flow_pressure": 0,
        "supply_air_flow": 15,
        "ahu_filter_pressure_level": 3443,
        "fan_levels": 3236,
        "reheat_regulation_level": 0,
        "cooling_regulation_level": 0,
        "duct_pressure": 0,
        "voc_level": 0,
        "rhx_operation_level": 8400,
        "rhx_efficiency": 0,
        "rhx_defrost_pressure_level": 0,
        "heat_exchanger_regulator_lvl": 0,
        "room_temp_set_point": 16,
        "min_temperature_set_point": 0,
        "max_temperature_set_point": 0
    },
    {
        "timestamp": "2025-02-06T16:30:01.167141",
        "co2": 509,
        "co2_sensor_data": 0,
        "outdoor_temperature": 5975,
        "supply_air_flow_pressure": 0,
        "supply_air_flow": 15,
        "ahu_filter_pressure_level": 1497,
        "fan_levels": 5969,
        "reheat_regulation_level": 0,
        "cooling_regulation_level": 0,
        "duct_pressure": 0,
        "voc_level": 0,
        "rhx_operation_level": 8400,
        "rhx_efficiency": 0,
        "rhx_defrost_pressure_level": 0,
        "heat_exchanger_regulator_lvl": 0,
        "room_temp_set_point": 16,
        "min_temperature_set_point": 0,
        "max_temperature_set_point": 0
    },
    {
        "timestamp": "2025-02-06T16:40:01.208914",
        "co2": 509,
        "co2_sensor_data": 0,
        "outdoor_temperature": 5975,
        "supply_air_flow_pressure": 0,
        "supply_air_flow": 15,
        "ahu_filter_pressure_level": 2895,
        "fan_levels": 10000,
        "reheat_regulation_level": 0,
        "cooling_regulation_level": 0,
        "duct_pressure": 0,
        "voc_level": 0,
        "rhx_operation_level": 8400,
        "rhx_efficiency": 0,
        "rhx_defrost_pressure_level": 0,
        "heat_exchanger_regulator_lvl": 0,
        "room_temp_set_point": 16,
        "min_temperature_set_point": 0,
        "max_temperature_set_point": 0
    },
    {
        "timestamp": "2025-02-06T16:50:01.499179",
        "co2": 514,
        "co2_sensor_data": 0,
        "outdoor_temperature": 5975,
        "supply_air_flow_pressure": 0,
        "supply_air_flow": 15,
        "ahu_filter_pressure_level": 2156,
        "fan_levels": 5230,
        "reheat_regulation_level": 0,
        "cooling_regulation_level": 0,
        "duct_pressure": 0,
        "voc_level": 0,
        "rhx_operation_level": 8400,
        "rhx_efficiency": 0,
        "rhx_defrost_pressure_level": 0,
        "heat_exchanger_regulator_lvl": 0,
        "room_temp_set_point": 16,
        "min_temperature_set_point": 0,
        "max_temperature_set_point": 0
    },
    {
        "timestamp": "2025-02-06T17:00:01.540580",
        "co2": 516,
        "co2_sensor_data": 0,
        "outdoor_temperature": 5975,
        "supply_air_flow_pressure": 0,
        "supply_air_flow": 15,
        "ahu_filter_pressure_level": 2240,
        "fan_levels": 10000,
        "reheat_regulation_level": 0,
        "cooling_regulation_level": 0,
        "duct_pressure": 0,
        "voc_level": 0,
        "rhx_operation_level": 8400,
        "rhx_efficiency": 0,
        "rhx_defrost_pressure_level": 0,
        "heat_exchanger_regulator_lvl": 0,
        "room_temp_set_point": 16,
        "min_temperature_set_point": 0,
        "max_temperature_set_point": 0
    },
    {
        "timestamp": "2025-02-06T17:10:01.779754",
        "co2": 514,
        "co2_sensor_data": 0,
        "outdoor_temperature": 5975,
        "supply_air_flow_pressure": 0,
        "supply_air_flow": 15,
        "ahu_filter_pressure_level": 2300,
        "fan_levels": 6571,
        "reheat_regulation_level": 0,
        "cooling_regulation_level": 0,
        "duct_pressure": 0,
        "voc_level": 0,
        "rhx_operation_level": 8399,
        "rhx_efficiency": 0,
        "rhx_defrost_pressure_level": 0,
        "heat_exchanger_regulator_lvl": 0,
        "room_temp_set_point": 16,
        "min_temperature_set_point": 0,
        "max_temperature_set_point": 0
    },
    {
        "timestamp": "2025-02-06T17:20:02.028811",
        "co2": 517,
        "co2_sensor_data": 0,
        "outdoor_temperature": 5975,
        "supply_air_flow_pressure": 0,
        "supply_air_flow": 15,
        "ahu_filter_pressure_level": 2597,
        "fan_levels": 10000,
        "reheat_regulation_level": 0,
        "cooling_regulation_level": 0,
        "duct_pressure": 0,
        "voc_level": 0,
        "rhx_operation_level": 8401,
        "rhx_efficiency": 0,
        "rhx_defrost_pressure_level": 0,
        "heat_exchanger_regulator_lvl": 0,
        "room_temp_set_point": 16,
        "min_temperature_set_point": 0,
        "max_temperature_set_point": 0
    },
    {
        "timestamp": "2025-02-06T17:30:02.047574",
        "co2": 513,
        "co2_sensor_data": 0,
        "outdoor_temperature": 5975,
        "supply_air_flow_pressure": 0,
        "supply_air_flow": 15,
        "ahu_filter_pressure_level": 1578,
        "fan_levels": 9683,
        "reheat_regulation_level": 0,
        "cooling_regulation_level": 0,
        "duct_pressure": 0,
        "voc_level": 0,
        "rhx_operation_level": 8399,
        "rhx_efficiency": 0,
        "rhx_defrost_pressure_level": 0,
        "heat_exchanger_regulator_lvl": 0,
        "room_temp_set_point": 16,
        "min_temperature_set_point": 0,
        "max_temperature_set_point": 0
    },
    {
        "timestamp": "2025-02-06T17:40:02.039825",
        "co2": 508,
        "co2_sensor_data": 0,
        "outdoor_temperature": 5975,
        "supply_air_flow_pressure": 0,
        "supply_air_flow": 15,
        "ahu_filter_pressure_level": 2867,
        "fan_levels": 10000,
        "reheat_regulation_level": 0,
        "cooling_regulation_level": 0,
        "duct_pressure": 0,
        "voc_level": 0,
        "rhx_operation_level": 8400,
        "rhx_efficiency": 0,
        "rhx_defrost_pressure_level": 0,
        "heat_exchanger_regulator_lvl": 0,
        "room_temp_set_point": 16,
        "min_temperature_set_point": 0,
        "max_temperature_set_point": 0
    },
    {
        "timestamp": "2025-02-06T17:50:01.172268",
        "co2": 503,
        "co2_sensor_data": 0,
        "outdoor_temperature": 5975,
        "supply_air_flow_pressure": 0,
        "supply_air_flow": 15,
        "ahu_filter_pressure_level": 1456,
        "fan_levels": 10000,
        "reheat_regulation_level": 0,
        "cooling_regulation_level": 0,
        "duct_pressure": 0,
        "voc_level": 0,
        "rhx_operation_level": 8403,
        "rhx_efficiency": 0,
        "rhx_defrost_pressure_level": 0,
        "heat_exchanger_regulator_lvl": 0,
        "room_temp_set_point": 16,
        "min_temperature_set_point": 0,
        "max_temperature_set_point": 0
    },
    {
        "timestamp": "2025-02-06T18:00:01.278567",
        "co2": 503,
        "co2_sensor_data": 0,
        "outdoor_temperature": 5975,
        "supply_air_flow_pressure": 0,
        "supply_air_flow": 15,
        "ahu_filter_pressure_level": 3703,
        "fan_levels": 7016,
        "reheat_regulation_level": 0,
        "cooling_regulation_level": 0,
        "duct_pressure": 0,
        "voc_level": 0,
        "rhx_operation_level": 8401,
        "rhx_efficiency": 0,
        "rhx_defrost_pressure_level": 0,
        "heat_exchanger_regulator_lvl": 0,
        "room_temp_set_point": 16,
        "min_temperature_set_point": 0,
        "max_temperature_set_point": 0
    },
    {
        "timestamp": "2025-02-06T18:10:01.501911",
        "co2": 493,
        "co2_sensor_data": 0,
        "outdoor_temperature": 5975,
        "supply_air_flow_pressure": 0,
        "supply_air_flow": 15,
        "ahu_filter_pressure_level": 2023,
        "fan_levels": 10000,
        "reheat_regulation_level": 0,
        "cooling_regulation_level": 0,
        "duct_pressure": 0,
        "voc_level": 0,
        "rhx_operation_level": 8400,
        "rhx_efficiency": 0,
        "rhx_defrost_pressure_level": 0,
        "heat_exchanger_regulator_lvl": 0,
        "room_temp_set_point": 16,
        "min_temperature_set_point": 0,
        "max_temperature_set_point": 0
    },
    {
        "timestamp": "2025-02-06T18:20:01.518839",
        "co2": 490,
        "co2_sensor_data": 0,
        "outdoor_temperature": 5975,
        "supply_air_flow_pressure": 0,
        "supply_air_flow": 15,
        "ahu_filter_pressure_level": 2496,
        "fan_levels": 8451,
        "reheat_regulation_level": 0,
        "cooling_regulation_level": 0,
        "duct_pressure": 0,
        "voc_level": 0,
        "rhx_operation_level": 8400,
        "rhx_efficiency": 0,
        "rhx_defrost_pressure_level": 0,
        "heat_exchanger_regulator_lvl": 0,
        "room_temp_set_point": 16,
        "min_temperature_set_point": 0,
        "max_temperature_set_point": 0
    },
    {
        "timestamp": "2025-02-06T18:30:01.666915",
        "co2": 488,
        "co2_sensor_data": 0,
        "outdoor_temperature": 5975,
        "supply_air_flow_pressure": 0,
        "supply_air_flow": 15,
        "ahu_filter_pressure_level": 2736,
        "fan_levels": 10000,
        "reheat_regulation_level": 0,
        "cooling_regulation_level": 0,
        "duct_pressure": 0,
        "voc_level": 0,
        "rhx_operation_level": 8401,
        "rhx_efficiency": 0,
        "rhx_defrost_pressure_level": 0,
        "heat_exchanger_regulator_lvl": 0,
        "room_temp_set_point": 16,
        "min_temperature_set_point": 0,
        "max_temperature_set_point": 0
    },
    {
        "timestamp": "2025-02-06T18:40:01.649238",
        "co2": 487,
        "co2_sensor_data": 0,
        "outdoor_temperature": 5975,
        "supply_air_flow_pressure": 0,
        "supply_air_flow": 15,
        "ahu_filter_pressure_level": 1743,
        "fan_levels": 10000,
        "reheat_regulation_level": 0,
        "cooling_regulation_level": 0,
        "duct_pressure": 0,
        "voc_level": 0,
        "rhx_operation_level": 8400,
        "rhx_efficiency": 0,
        "rhx_defrost_pressure_level": 0,
        "heat_exchanger_regulator_lvl": 0,
        "room_temp_set_point": 16,
        "min_temperature_set_point": 0,
        "max_temperature_set_point": 0
    },
    {
        "timestamp": "2025-02-06T18:50:01.674155",
        "co2": 483,
        "co2_sensor_data": 0,
        "outdoor_temperature": 5975,
        "supply_air_flow_pressure": 0,
        "supply_air_flow": 14,
        "ahu_filter_pressure_level": 3703,
        "fan_levels": 7677,
        "reheat_regulation_level": 0,
        "cooling_regulation_level": 0,
        "duct_pressure": 0,
        "voc_level": 0,
        "rhx_operation_level": 8399,
        "rhx_efficiency": 0,
        "rhx_defrost_pressure_level": 0,
        "heat_exchanger_regulator_lvl": 0,
        "room_temp_set_point": 16,
        "min_temperature_set_point": 0,
        "max_temperature_set_point": 0
    },
    {
        "timestamp": "2025-02-06T19:00:01.762864",
        "co2": 483,
        "co2_sensor_data": 0,
        "outdoor_temperature": 5975,
        "supply_air_flow_pressure": 0,
        "supply_air_flow": 15,
        "ahu_filter_pressure_level": 2338,
        "fan_levels": 10000,
        "reheat_regulation_level": 0,
        "cooling_regulation_level": 0,
        "duct_pressure": 0,
        "voc_level": 0,
        "rhx_operation_level": 8398,
        "rhx_efficiency": 0,
        "rhx_defrost_pressure_level": 0,
        "heat_exchanger_regulator_lvl": 0,
        "room_temp_set_point": 16,
        "min_temperature_set_point": 0,
        "max_temperature_set_point": 0
    },
    {
        "timestamp": "2025-02-06T19:10:01.853114",
        "co2": 483,
        "co2_sensor_data": 0,
        "outdoor_temperature": 5975,
        "supply_air_flow_pressure": 0,
        "supply_air_flow": 15,
        "ahu_filter_pressure_level": 2350,
        "fan_levels": 10000,
        "reheat_regulation_level": 0,
        "cooling_regulation_level": 0,
        "duct_pressure": 0,
        "voc_level": 0,
        "rhx_operation_level": 8400,
        "rhx_efficiency": 0,
        "rhx_defrost_pressure_level": 0,
        "heat_exchanger_regulator_lvl": 0,
        "room_temp_set_point": 16,
        "min_temperature_set_point": 0,
        "max_temperature_set_point": 0
    },
    {
        "timestamp": "2025-02-06T19:20:02.040697",
        "co2": 487,
        "co2_sensor_data": 0,
        "outdoor_temperature": 5975,
        "supply_air_flow_pressure": 0,
        "supply_air_flow": 15,
        "ahu_filter_pressure_level": 2540,
        "fan_levels": 10000,
        "reheat_regulation_level": 0,
        "cooling_regulation_level": 0,
        "duct_pressure": 0,
        "voc_level": 0,
        "rhx_operation_level": 8400,
        "rhx_efficiency": 0,
        "rhx_defrost_pressure_level": 0,
        "heat_exchanger_regulator_lvl": 0,
        "room_temp_set_point": 16,
        "min_temperature_set_point": 0,
        "max_temperature_set_point": 0
    },
    {
        "timestamp": "2025-02-06T19:30:02.077117",
        "co2": 488,
        "co2_sensor_data": 0,
        "outdoor_temperature": 5975,
        "supply_air_flow_pressure": 0,
        "supply_air_flow": 15,
        "ahu_filter_pressure_level": 1851,
        "fan_levels": 10000,
        "reheat_regulation_level": 0,
        "cooling_regulation_level": 0,
        "duct_pressure": 0,
        "voc_level": 0,
        "rhx_operation_level": 8400,
        "rhx_efficiency": 0,
        "rhx_defrost_pressure_level": 0,
        "heat_exchanger_regulator_lvl": 0,
        "room_temp_set_point": 16,
        "min_temperature_set_point": 0,
        "max_temperature_set_point": 0
    },
    {
        "timestamp": "2025-02-06T19:40:01.522774",
        "co2": 485,
        "co2_sensor_data": 0,
        "outdoor_temperature": 5975,
        "supply_air_flow_pressure": 0,
        "supply_air_flow": 14,
        "ahu_filter_pressure_level": 3651,
        "fan_levels": 10000,
        "reheat_regulation_level": 0,
        "cooling_regulation_level": 0,
        "duct_pressure": 0,
        "voc_level": 0,
        "rhx_operation_level": 8400,
        "rhx_efficiency": 0,
        "rhx_defrost_pressure_level": 0,
        "heat_exchanger_regulator_lvl": 0,
        "room_temp_set_point": 16,
        "min_temperature_set_point": 0,
        "max_temperature_set_point": 0
    },
    {
        "timestamp": "2025-02-06T19:50:01.576454",
        "co2": 484,
        "co2_sensor_data": 0,
        "outdoor_temperature": 5975,
        "supply_air_flow_pressure": 0,
        "supply_air_flow": 15,
        "ahu_filter_pressure_level": 2234,
        "fan_levels": 10000,
        "reheat_regulation_level": 0,
        "cooling_regulation_level": 0,
        "duct_pressure": 0,
        "voc_level": 0,
        "rhx_operation_level": 8399,
        "rhx_efficiency": 0,
        "rhx_defrost_pressure_level": 0,
        "heat_exchanger_regulator_lvl": 0,
        "room_temp_set_point": 16,
        "min_temperature_set_point": 0,
        "max_temperature_set_point": 0
    },
    {
        "timestamp": "2025-02-06T20:00:01.729937",
        "co2": 488,
        "co2_sensor_data": 0,
        "outdoor_temperature": 5975,
        "supply_air_flow_pressure": 0,
        "supply_air_flow": 14,
        "ahu_filter_pressure_level": 2386,
        "fan_levels": 10000,
        "reheat_regulation_level": 0,
        "cooling_regulation_level": 0,
        "duct_pressure": 0,
        "voc_level": 0,
        "rhx_operation_level": 8400,
        "rhx_efficiency": 0,
        "rhx_defrost_pressure_level": 0,
        "heat_exchanger_regulator_lvl": 0,
        "room_temp_set_point": 16,
        "min_temperature_set_point": 0,
        "max_temperature_set_point": 0
    },
    {
        "timestamp": "2025-02-06T20:10:01.967670",
        "co2": 487,
        "co2_sensor_data": 0,
        "outdoor_temperature": 5975,
        "supply_air_flow_pressure": 0,
        "supply_air_flow": 14,
        "ahu_filter_pressure_level": 3154,
        "fan_levels": 10000,
        "reheat_regulation_level": 0,
        "cooling_regulation_level": 0,
        "duct_pressure": 0,
        "voc_level": 0,
        "rhx_operation_level": 8398,
        "rhx_efficiency": 0,
        "rhx_defrost_pressure_level": 0,
        "heat_exchanger_regulator_lvl": 0,
        "room_temp_set_point": 16,
        "min_temperature_set_point": 0,
        "max_temperature_set_point": 0
    },
    {
        "timestamp": "2025-02-06T20:20:01.232785",
        "co2": 483,
        "co2_sensor_data": 0,
        "outdoor_temperature": 5975,
        "supply_air_flow_pressure": 0,
        "supply_air_flow": 15,
        "ahu_filter_pressure_level": 1973,
        "fan_levels": 10000,
        "reheat_regulation_level": 0,
        "cooling_regulation_level": 0,
        "duct_pressure": 0,
        "voc_level": 0,
        "rhx_operation_level": 8400,
        "rhx_efficiency": 0,
        "rhx_defrost_pressure_level": 0,
        "heat_exchanger_regulator_lvl": 0,
        "room_temp_set_point": 16,
        "min_temperature_set_point": 0,
        "max_temperature_set_point": 0
    },
    {
        "timestamp": "2025-02-06T20:30:01.373983",
        "co2": 486,
        "co2_sensor_data": 0,
        "outdoor_temperature": 5975,
        "supply_air_flow_pressure": 0,
        "supply_air_flow": 15,
        "ahu_filter_pressure_level": 2949,
        "fan_levels": 7691,
        "reheat_regulation_level": 0,
        "cooling_regulation_level": 0,
        "duct_pressure": 0,
        "voc_level": 0,
        "rhx_operation_level": 8396,
        "rhx_efficiency": 0,
        "rhx_defrost_pressure_level": 0,
        "heat_exchanger_regulator_lvl": 0,
        "room_temp_set_point": 16,
        "min_temperature_set_point": 0,
        "max_temperature_set_point": 0
    },
    {
        "timestamp": "2025-02-06T20:40:01.537542",
        "co2": 482,
        "co2_sensor_data": 0,
        "outdoor_temperature": 5975,
        "supply_air_flow_pressure": 0,
        "supply_air_flow": 14,
        "ahu_filter_pressure_level": 2740,
        "fan_levels": 10000,
        "reheat_regulation_level": 0,
        "cooling_regulation_level": 0,
        "duct_pressure": 0,
        "voc_level": 0,
        "rhx_operation_level": 8399,
        "rhx_efficiency": 0,
        "rhx_defrost_pressure_level": 0,
        "heat_exchanger_regulator_lvl": 0,
        "room_temp_set_point": 16,
        "min_temperature_set_point": 0,
        "max_temperature_set_point": 0
    },
    {
        "timestamp": "2025-02-06T20:50:01.582886",
        "co2": 480,
        "co2_sensor_data": 0,
        "outdoor_temperature": 5975,
        "supply_air_flow_pressure": 0,
        "supply_air_flow": 15,
        "ahu_filter_pressure_level": 2012,
        "fan_levels": 10000,
        "reheat_regulation_level": 0,
        "cooling_regulation_level": 0,
        "duct_pressure": 0,
        "voc_level": 0,
        "rhx_operation_level": 8402,
        "rhx_efficiency": 0,
        "rhx_defrost_pressure_level": 0,
        "heat_exchanger_regulator_lvl": 0,
        "room_temp_set_point": 16,
        "min_temperature_set_point": 0,
        "max_temperature_set_point": 0
    },
    {
        "timestamp": "2025-02-06T21:00:01.790412",
        "co2": 483,
        "co2_sensor_data": 0,
        "outdoor_temperature": 5975,
        "supply_air_flow_pressure": 0,
        "supply_air_flow": 15,
        "ahu_filter_pressure_level": 3616,
        "fan_levels": 10000,
        "reheat_regulation_level": 0,
        "cooling_regulation_level": 0,
        "duct_pressure": 0,
        "voc_level": 0,
        "rhx_operation_level": 8400,
        "rhx_efficiency": 0,
        "rhx_defrost_pressure_level": 0,
        "heat_exchanger_regulator_lvl": 0,
        "room_temp_set_point": 16,
        "min_temperature_set_point": 0,
        "max_temperature_set_point": 0
    },
    {
        "timestamp": "2025-02-06T21:10:02.071618",
        "co2": 480,
        "co2_sensor_data": 0,
        "outdoor_temperature": 5975,
        "supply_air_flow_pressure": 0,
        "supply_air_flow": 14,
        "ahu_filter_pressure_level": 2190,
        "fan_levels": 10000,
        "reheat_regulation_level": 0,
        "cooling_regulation_level": 0,
        "duct_pressure": 0,
        "voc_level": 0,
        "rhx_operation_level": 8403,
        "rhx_efficiency": 0,
        "rhx_defrost_pressure_level": 0,
        "heat_exchanger_regulator_lvl": 0,
        "room_temp_set_point": 16,
        "min_temperature_set_point": 0,
        "max_temperature_set_point": 0
    },
    {
        "timestamp": "2025-02-06T21:20:01.241086",
        "co2": 480,
        "co2_sensor_data": 0,
        "outdoor_temperature": 5975,
        "supply_air_flow_pressure": 0,
        "supply_air_flow": 15,
        "ahu_filter_pressure_level": 2478,
        "fan_levels": 9718,
        "reheat_regulation_level": 0,
        "cooling_regulation_level": 0,
        "duct_pressure": 0,
        "voc_level": 0,
        "rhx_operation_level": 8400,
        "rhx_efficiency": 0,
        "rhx_defrost_pressure_level": 0,
        "heat_exchanger_regulator_lvl": 0,
        "room_temp_set_point": 16,
        "min_temperature_set_point": 0,
        "max_temperature_set_point": 0
    },
    {
        "timestamp": "2025-02-06T21:30:01.642808",
        "co2": 477,
        "co2_sensor_data": 0,
        "outdoor_temperature": 5975,
        "supply_air_flow_pressure": 0,
        "supply_air_flow": 15,
        "ahu_filter_pressure_level": 2950,
        "fan_levels": 10000,
        "reheat_regulation_level": 0,
        "cooling_regulation_level": 0,
        "duct_pressure": 0,
        "voc_level": 0,
        "rhx_operation_level": 8401,
        "rhx_efficiency": 0,
        "rhx_defrost_pressure_level": 0,
        "heat_exchanger_regulator_lvl": 0,
        "room_temp_set_point": 16,
        "min_temperature_set_point": 0,
        "max_temperature_set_point": 0
    },
    {
        "timestamp": "2025-02-06T21:40:02.073885",
        "co2": 478,
        "co2_sensor_data": 0,
        "outdoor_temperature": 5975,
        "supply_air_flow_pressure": 0,
        "supply_air_flow": 14,
        "ahu_filter_pressure_level": 2068,
        "fan_levels": 10000,
        "reheat_regulation_level": 0,
        "cooling_regulation_level": 0,
        "duct_pressure": 0,
        "voc_level": 0,
        "rhx_operation_level": 8399,
        "rhx_efficiency": 0,
        "rhx_defrost_pressure_level": 0,
        "heat_exchanger_regulator_lvl": 0,
        "room_temp_set_point": 16,
        "min_temperature_set_point": 0,
        "max_temperature_set_point": 0
    },
    {
        "timestamp": "2025-02-06T21:50:01.268121",
        "co2": 483,
        "co2_sensor_data": 0,
        "outdoor_temperature": 5975,
        "supply_air_flow_pressure": 0,
        "supply_air_flow": 15,
        "ahu_filter_pressure_level": 3588,
        "fan_levels": 6950,
        "reheat_regulation_level": 0,
        "cooling_regulation_level": 0,
        "duct_pressure": 0,
        "voc_level": 0,
        "rhx_operation_level": 8400,
        "rhx_efficiency": 0,
        "rhx_defrost_pressure_level": 0,
        "heat_exchanger_regulator_lvl": 0,
        "room_temp_set_point": 16,
        "min_temperature_set_point": 0,
        "max_temperature_set_point": 0
    },
    {
        "timestamp": "2025-02-06T22:00:01.371167",
        "co2": 481,
        "co2_sensor_data": 0,
        "outdoor_temperature": 5975,
        "supply_air_flow_pressure": 0,
        "supply_air_flow": 15,
        "ahu_filter_pressure_level": 2725,
        "fan_levels": 10000,
        "reheat_regulation_level": 0,
        "cooling_regulation_level": 0,
        "duct_pressure": 0,
        "voc_level": 0,
        "rhx_operation_level": 8401,
        "rhx_efficiency": 0,
        "rhx_defrost_pressure_level": 0,
        "heat_exchanger_regulator_lvl": 0,
        "room_temp_set_point": 16,
        "min_temperature_set_point": 0,
        "max_temperature_set_point": 0
    },
    {
        "timestamp": "2025-02-06T22:10:01.544017",
        "co2": 482,
        "co2_sensor_data": 0,
        "outdoor_temperature": 5975,
        "supply_air_flow_pressure": 0,
        "supply_air_flow": 14,
        "ahu_filter_pressure_level": 2006,
        "fan_levels": 10000,
        "reheat_regulation_level": 0,
        "cooling_regulation_level": 0,
        "duct_pressure": 0,
        "voc_level": 0,
        "rhx_operation_level": 8400,
        "rhx_efficiency": 0,
        "rhx_defrost_pressure_level": 0,
        "heat_exchanger_regulator_lvl": 0,
        "room_temp_set_point": 16,
        "min_temperature_set_point": 0,
        "max_temperature_set_point": 0
    },
    {
        "timestamp": "2025-02-06T22:20:01.827490",
        "co2": 478,
        "co2_sensor_data": 0,
        "outdoor_temperature": 5975,
        "supply_air_flow_pressure": 0,
        "supply_air_flow": 15,
        "ahu_filter_pressure_level": 3487,
        "fan_levels": 10000,
        "reheat_regulation_level": 0,
        "cooling_regulation_level": 0,
        "duct_pressure": 0,
        "voc_level": 0,
        "rhx_operation_level": 8400,
        "rhx_efficiency": 0,
        "rhx_defrost_pressure_level": 0,
        "heat_exchanger_regulator_lvl": 0,
        "room_temp_set_point": 16,
        "min_temperature_set_point": 0,
        "max_temperature_set_point": 0
    },
    {
        "timestamp": "2025-02-06T22:30:01.897874",
        "co2": 477,
        "co2_sensor_data": 0,
        "outdoor_temperature": 5975,
        "supply_air_flow_pressure": 0,
        "supply_air_flow": 15,
        "ahu_filter_pressure_level": 2175,
        "fan_levels": 10000,
        "reheat_regulation_level": 0,
        "cooling_regulation_level": 0,
        "duct_pressure": 0,
        "voc_level": 0,
        "rhx_operation_level": 8400,
        "rhx_efficiency": 0,
        "rhx_defrost_pressure_level": 0,
        "heat_exchanger_regulator_lvl": 0,
        "room_temp_set_point": 16,
        "min_temperature_set_point": 0,
        "max_temperature_set_point": 0
    },
    {
        "timestamp": "2025-02-06T22:40:02.027539",
        "co2": 482,
        "co2_sensor_data": 0,
        "outdoor_temperature": 5975,
        "supply_air_flow_pressure": 0,
        "supply_air_flow": 14,
        "ahu_filter_pressure_level": 2543,
        "fan_levels": 9489,
        "reheat_regulation_level": 0,
        "cooling_regulation_level": 0,
        "duct_pressure": 0,
        "voc_level": 0,
        "rhx_operation_level": 8397,
        "rhx_efficiency": 0,
        "rhx_defrost_pressure_level": 0,
        "heat_exchanger_regulator_lvl": 0,
        "room_temp_set_point": 16,
        "min_temperature_set_point": 0,
        "max_temperature_set_point": 0
    },
    {
        "timestamp": "2025-02-06T22:50:01.526799",
        "co2": 481,
        "co2_sensor_data": 0,
        "outdoor_temperature": 5975,
        "supply_air_flow_pressure": 0,
        "supply_air_flow": 14,
        "ahu_filter_pressure_level": 2940,
        "fan_levels": 10000,
        "reheat_regulation_level": 0,
        "cooling_regulation_level": 0,
        "duct_pressure": 0,
        "voc_level": 0,
        "rhx_operation_level": 8401,
        "rhx_efficiency": 0,
        "rhx_defrost_pressure_level": 0,
        "heat_exchanger_regulator_lvl": 0,
        "room_temp_set_point": 16,
        "min_temperature_set_point": 0,
        "max_temperature_set_point": 0
    },
    {
        "timestamp": "2025-02-06T23:00:01.889373",
        "co2": 476,
        "co2_sensor_data": 0,
        "outdoor_temperature": 5975,
        "supply_air_flow_pressure": 0,
        "supply_air_flow": 15,
        "ahu_filter_pressure_level": 2031,
        "fan_levels": 10000,
        "reheat_regulation_level": 0,
        "cooling_regulation_level": 0,
        "duct_pressure": 0,
        "voc_level": 0,
        "rhx_operation_level": 8400,
        "rhx_efficiency": 0,
        "rhx_defrost_pressure_level": 0,
        "heat_exchanger_regulator_lvl": 0,
        "room_temp_set_point": 16,
        "min_temperature_set_point": 0,
        "max_temperature_set_point": 0
    },
    {
        "timestamp": "2025-02-06T23:10:02.122265",
        "co2": 477,
        "co2_sensor_data": 0,
        "outdoor_temperature": 5975,
        "supply_air_flow_pressure": 0,
        "supply_air_flow": 14,
        "ahu_filter_pressure_level": 3711,
        "fan_levels": 3690,
        "reheat_regulation_level": 0,
        "cooling_regulation_level": 0,
        "duct_pressure": 0,
        "voc_level": 0,
        "rhx_operation_level": 8400,
        "rhx_efficiency": 0,
        "rhx_defrost_pressure_level": 0,
        "heat_exchanger_regulator_lvl": 0,
        "room_temp_set_point": 16,
        "min_temperature_set_point": 0,
        "max_temperature_set_point": 0
    },
    {
        "timestamp": "2025-02-06T23:20:01.242872",
        "co2": 479,
        "co2_sensor_data": 0,
        "outdoor_temperature": 5975,
        "supply_air_flow_pressure": 0,
        "supply_air_flow": 14,
        "ahu_filter_pressure_level": 2536,
        "fan_levels": 10000,
        "reheat_regulation_level": 0,
        "cooling_regulation_level": 0,
        "duct_pressure": 0,
        "voc_level": 0,
        "rhx_operation_level": 8401,
        "rhx_efficiency": 0,
        "rhx_defrost_pressure_level": 0,
        "heat_exchanger_regulator_lvl": 0,
        "room_temp_set_point": 16,
        "min_temperature_set_point": 0,
        "max_temperature_set_point": 0
    },
    {
        "timestamp": "2025-02-06T23:30:01.330793",
        "co2": 476,
        "co2_sensor_data": 0,
        "outdoor_temperature": 5975,
        "supply_air_flow_pressure": 0,
        "supply_air_flow": 14,
        "ahu_filter_pressure_level": 2240,
        "fan_levels": 10000,
        "reheat_regulation_level": 0,
        "cooling_regulation_level": 0,
        "duct_pressure": 0,
        "voc_level": 0,
        "rhx_operation_level": 8400,
        "rhx_efficiency": 0,
        "rhx_defrost_pressure_level": 0,
        "heat_exchanger_regulator_lvl": 0,
        "room_temp_set_point": 16,
        "min_temperature_set_point": 0,
        "max_temperature_set_point": 0
    },
    {
        "timestamp": "2025-02-06T23:40:01.471212",
        "co2": 469,
        "co2_sensor_data": 0,
        "outdoor_temperature": 5975,
        "supply_air_flow_pressure": 0,
        "supply_air_flow": 14,
        "ahu_filter_pressure_level": 3357,
        "fan_levels": 10000,
        "reheat_regulation_level": 0,
        "cooling_regulation_level": 0,
        "duct_pressure": 0,
        "voc_level": 0,
        "rhx_operation_level": 8396,
        "rhx_efficiency": 0,
        "rhx_defrost_pressure_level": 0,
        "heat_exchanger_regulator_lvl": 0,
        "room_temp_set_point": 16,
        "min_temperature_set_point": 0,
        "max_temperature_set_point": 0
    },
    {
        "timestamp": "2025-02-06T23:50:01.680893",
        "co2": 472,
        "co2_sensor_data": 0,
        "outdoor_temperature": 5975,
        "supply_air_flow_pressure": 0,
        "supply_air_flow": 14,
        "ahu_filter_pressure_level": 2119,
        "fan_levels": 10000,
        "reheat_regulation_level": 0,
        "cooling_regulation_level": 0,
        "duct_pressure": 0,
        "voc_level": 0,
        "rhx_operation_level": 8404,
        "rhx_efficiency": 0,
        "rhx_defrost_pressure_level": 0,
        "heat_exchanger_regulator_lvl": 0,
        "room_temp_set_point": 16,
        "min_temperature_set_point": 0,
        "max_temperature_set_point": 0
    }
]