[
    {
        "timestamp": "2025-02-19T00:00:02.066789",
        "co2": 436,
        "co2_sensor_data": 0,
        "outdoor_temperature": 5987,
        "supply_air_flow_pressure": 0,
        "supply_air_flow": 14,
        "ahu_filter_pressure_level": 2791,
        "fan_levels": 10000,
        "reheat_regulation_level": 0,
        "cooling_regulation_level": 0,
        "duct_pressure": 0,
        "voc_level": 0,
        "rhx_operation_level": 8396,
        "rhx_efficiency": 0,
        "rhx_defrost_pressure_level": 0,
        "heat_exchanger_regulator_lvl": 0,
        "room_temp_set_point": 16,
        "min_temperature_set_point": 0,
        "max_temperature_set_point": 0
    },
    {
        "timestamp": "2025-02-19T00:10:01.957366",
        "co2": 439,
        "co2_sensor_data": 0,
        "outdoor_temperature": 5987,
        "supply_air_flow_pressure": 0,
        "supply_air_flow": 14,
        "ahu_filter_pressure_level": 2451,
        "fan_levels": 10000,
        "reheat_regulation_level": 0,
        "cooling_regulation_level": 0,
        "duct_pressure": 0,
        "voc_level": 0,
        "rhx_operation_level": 8400,
        "rhx_efficiency": 0,
        "rhx_defrost_pressure_level": 0,
        "heat_exchanger_regulator_lvl": 0,
        "room_temp_set_point": 16,
        "min_temperature_set_point": 0,
        "max_temperature_set_point": 0
    },
    {
        "timestamp": "2025-02-19T00:20:01.731199",
        "co2": 435,
        "co2_sensor_data": 0,
        "outdoor_temperature": 5987,
        "supply_air_flow_pressure": 0,
        "supply_air_flow": 14,
        "ahu_filter_pressure_level": 2615,
        "fan_levels": 10000,
        "reheat_regulation_level": 0,
        "cooling_regulation_level": 0,
        "duct_pressure": 0,
        "voc_level": 0,
        "rhx_operation_level": 8400,
        "rhx_efficiency": 0,
        "rhx_defrost_pressure_level": 0,
        "heat_exchanger_regulator_lvl": 0,
        "room_temp_set_point": 16,
        "min_temperature_set_point": 0,
        "max_temperature_set_point": 0
    },
    {
        "timestamp": "2025-02-19T00:30:01.667949",
        "co2": 439,
        "co2_sensor_data": 0,
        "outdoor_temperature": 5987,
        "supply_air_flow_pressure": 0,
        "supply_air_flow": 14,
        "ahu_filter_pressure_level": 3665,
        "fan_levels": 10000,
        "reheat_regulation_level": 0,
        "cooling_regulation_level": 0,
        "duct_pressure": 0,
        "voc_level": 0,
        "rhx_operation_level": 8397,
        "rhx_efficiency": 0,
        "rhx_defrost_pressure_level": 0,
        "heat_exchanger_regulator_lvl": 0,
        "room_temp_set_point": 16,
        "min_temperature_set_point": 0,
        "max_temperature_set_point": 0
    },
    {
        "timestamp": "2025-02-19T00:40:01.462638",
        "co2": 435,
        "co2_sensor_data": 0,
        "outdoor_temperature": 5987,
        "supply_air_flow_pressure": 0,
        "supply_air_flow": 14,
        "ahu_filter_pressure_level": 3012,
        "fan_levels": 10000,
        "reheat_regulation_level": 0,
        "cooling_regulation_level": 0,
        "duct_pressure": 0,
        "voc_level": 0,
        "rhx_operation_level": 8398,
        "rhx_efficiency": 0,
        "rhx_defrost_pressure_level": 0,
        "heat_exchanger_regulator_lvl": 0,
        "room_temp_set_point": 16,
        "min_temperature_set_point": 0,
        "max_temperature_set_point": 0
    },
    {
        "timestamp": "2025-02-19T00:50:02.171154",
        "co2": 434,
        "co2_sensor_data": 0,
        "outdoor_temperature": 5987,
        "supply_air_flow_pressure": 0,
        "supply_air_flow": 14,
        "ahu_filter_pressure_level": 2650,
        "fan_levels": 10000,
        "reheat_regulation_level": 0,
        "cooling_regulation_level": 0,
        "duct_pressure": 0,
        "voc_level": 0,
        "rhx_operation_level": 8399,
        "rhx_efficiency": 0,
        "rhx_defrost_pressure_level": 0,
        "heat_exchanger_regulator_lvl": 0,
        "room_temp_set_point": 16,
        "min_temperature_set_point": 0,
        "max_temperature_set_point": 0
    },
    {
        "timestamp": "2025-02-19T01:00:02.048781",
        "co2": 432,
        "co2_sensor_data": 0,
        "outdoor_temperature": 5987,
        "supply_air_flow_pressure": 0,
        "supply_air_flow": 14,
        "ahu_filter_pressure_level": 2363,
        "fan_levels": 10000,
        "reheat_regulation_level": 0,
        "cooling_regulation_level": 0,
        "duct_pressure": 0,
        "voc_level": 0,
        "rhx_operation_level": 8398,
        "rhx_efficiency": 0,
        "rhx_defrost_pressure_level": 0,
        "heat_exchanger_regulator_lvl": 0,
        "room_temp_set_point": 16,
        "min_temperature_set_point": 0,
        "max_temperature_set_point": 0
    },
    {
        "timestamp": "2025-02-19T01:10:01.887638",
        "co2": 432,
        "co2_sensor_data": 0,
        "outdoor_temperature": 5987,
        "supply_air_flow_pressure": 0,
        "supply_air_flow": 14,
        "ahu_filter_pressure_level": 3751,
        "fan_levels": 5059,
        "reheat_regulation_level": 0,
        "cooling_regulation_level": 0,
        "duct_pressure": 0,
        "voc_level": 0,
        "rhx_operation_level": 8398,
        "rhx_efficiency": 0,
        "rhx_defrost_pressure_level": 0,
        "heat_exchanger_regulator_lvl": 0,
        "room_temp_set_point": 16,
        "min_temperature_set_point": 0,
        "max_temperature_set_point": 0
    },
    {
        "timestamp": "2025-02-19T01:20:01.928616",
        "co2": 428,
        "co2_sensor_data": 0,
        "outdoor_temperature": 5987,
        "supply_air_flow_pressure": 0,
        "supply_air_flow": 14,
        "ahu_filter_pressure_level": 3082,
        "fan_levels": 10000,
        "reheat_regulation_level": 0,
        "cooling_regulation_level": 0,
        "duct_pressure": 0,
        "voc_level": 0,
        "rhx_operation_level": 8400,
        "rhx_efficiency": 0,
        "rhx_defrost_pressure_level": 0,
        "heat_exchanger_regulator_lvl": 0,
        "room_temp_set_point": 16,
        "min_temperature_set_point": 0,
        "max_temperature_set_point": 0
    },
    {
        "timestamp": "2025-02-19T01:30:01.676504",
        "co2": 436,
        "co2_sensor_data": 0,
        "outdoor_temperature": 5987,
        "supply_air_flow_pressure": 0,
        "supply_air_flow": 14,
        "ahu_filter_pressure_level": 2684,
        "fan_levels": 10000,
        "reheat_regulation_level": 0,
        "cooling_regulation_level": 0,
        "duct_pressure": 0,
        "voc_level": 0,
        "rhx_operation_level": 8396,
        "rhx_efficiency": 0,
        "rhx_defrost_pressure_level": 0,
        "heat_exchanger_regulator_lvl": 0,
        "room_temp_set_point": 16,
        "min_temperature_set_point": 0,
        "max_temperature_set_point": 0
    },
    {
        "timestamp": "2025-02-19T01:40:01.647417",
        "co2": 431,
        "co2_sensor_data": 0,
        "outdoor_temperature": 5987,
        "supply_air_flow_pressure": 0,
        "supply_air_flow": 14,
        "ahu_filter_pressure_level": 2293,
        "fan_levels": 10000,
        "reheat_regulation_level": 0,
        "cooling_regulation_level": 0,
        "duct_pressure": 0,
        "voc_level": 0,
        "rhx_operation_level": 8402,
        "rhx_efficiency": 0,
        "rhx_defrost_pressure_level": 0,
        "heat_exchanger_regulator_lvl": 0,
        "room_temp_set_point": 16,
        "min_temperature_set_point": 0,
        "max_temperature_set_point": 0
    },
    {
        "timestamp": "2025-02-19T01:50:01.461278",
        "co2": 429,
        "co2_sensor_data": 0,
        "outdoor_temperature": 5987,
        "supply_air_flow_pressure": 0,
        "supply_air_flow": 14,
        "ahu_filter_pressure_level": 3422,
        "fan_levels": 9418,
        "reheat_regulation_level": 0,
        "cooling_regulation_level": 0,
        "duct_pressure": 0,
        "voc_level": 0,
        "rhx_operation_level": 8393,
        "rhx_efficiency": 0,
        "rhx_defrost_pressure_level": 0,
        "heat_exchanger_regulator_lvl": 0,
        "room_temp_set_point": 16,
        "min_temperature_set_point": 0,
        "max_temperature_set_point": 0
    },
    {
        "timestamp": "2025-02-19T02:00:01.556969",
        "co2": 430,
        "co2_sensor_data": 0,
        "outdoor_temperature": 5987,
        "supply_air_flow_pressure": 0,
        "supply_air_flow": 14,
        "ahu_filter_pressure_level": 3248,
        "fan_levels": 10000,
        "reheat_regulation_level": 0,
        "cooling_regulation_level": 0,
        "duct_pressure": 0,
        "voc_level": 0,
        "rhx_operation_level": 8399,
        "rhx_efficiency": 0,
        "rhx_defrost_pressure_level": 0,
        "heat_exchanger_regulator_lvl": 0,
        "room_temp_set_point": 16,
        "min_temperature_set_point": 0,
        "max_temperature_set_point": 0
    },
    {
        "timestamp": "2025-02-19T02:10:01.262843",
        "co2": 429,
        "co2_sensor_data": 0,
        "outdoor_temperature": 5987,
        "supply_air_flow_pressure": 0,
        "supply_air_flow": 14,
        "ahu_filter_pressure_level": 2762,
        "fan_levels": 10000,
        "reheat_regulation_level": 0,
        "cooling_regulation_level": 0,
        "duct_pressure": 0,
        "voc_level": 0,
        "rhx_operation_level": 8400,
        "rhx_efficiency": 0,
        "rhx_defrost_pressure_level": 0,
        "heat_exchanger_regulator_lvl": 0,
        "room_temp_set_point": 16,
        "min_temperature_set_point": 0,
        "max_temperature_set_point": 0
    },
    {
        "timestamp": "2025-02-19T02:20:02.120792",
        "co2": 432,
        "co2_sensor_data": 0,
        "outdoor_temperature": 5987,
        "supply_air_flow_pressure": 0,
        "supply_air_flow": 14,
        "ahu_filter_pressure_level": 2372,
        "fan_levels": 10000,
        "reheat_regulation_level": 0,
        "cooling_regulation_level": 0,
        "duct_pressure": 0,
        "voc_level": 0,
        "rhx_operation_level": 8400,
        "rhx_efficiency": 0,
        "rhx_defrost_pressure_level": 0,
        "heat_exchanger_regulator_lvl": 0,
        "room_temp_set_point": 16,
        "min_temperature_set_point": 0,
        "max_temperature_set_point": 0
    },
    {
        "timestamp": "2025-02-19T02:30:01.921431",
        "co2": 432,
        "co2_sensor_data": 0,
        "outdoor_temperature": 5987,
        "supply_air_flow_pressure": 0,
        "supply_air_flow": 14,
        "ahu_filter_pressure_level": 3302,
        "fan_levels": 9724,
        "reheat_regulation_level": 0,
        "cooling_regulation_level": 0,
        "duct_pressure": 0,
        "voc_level": 0,
        "rhx_operation_level": 8402,
        "rhx_efficiency": 0,
        "rhx_defrost_pressure_level": 0,
        "heat_exchanger_regulator_lvl": 0,
        "room_temp_set_point": 16,
        "min_temperature_set_point": 0,
        "max_temperature_set_point": 0
    },
    {
        "timestamp": "2025-02-19T02:40:01.739432",
        "co2": 433,
        "co2_sensor_data": 0,
        "outdoor_temperature": 5987,
        "supply_air_flow_pressure": 0,
        "supply_air_flow": 14,
        "ahu_filter_pressure_level": 3293,
        "fan_levels": 10000,
        "reheat_regulation_level": 0,
        "cooling_regulation_level": 0,
        "duct_pressure": 0,
        "voc_level": 0,
        "rhx_operation_level": 8399,
        "rhx_efficiency": 0,
        "rhx_defrost_pressure_level": 0,
        "heat_exchanger_regulator_lvl": 0,
        "room_temp_set_point": 16,
        "min_temperature_set_point": 0,
        "max_temperature_set_point": 0
    },
    {
        "timestamp": "2025-02-19T02:50:01.472396",
        "co2": 426,
        "co2_sensor_data": 0,
        "outdoor_temperature": 5987,
        "supply_air_flow_pressure": 0,
        "supply_air_flow": 14,
        "ahu_filter_pressure_level": 2730,
        "fan_levels": 10000,
        "reheat_regulation_level": 0,
        "cooling_regulation_level": 0,
        "duct_pressure": 0,
        "voc_level": 0,
        "rhx_operation_level": 8400,
        "rhx_efficiency": 0,
        "rhx_defrost_pressure_level": 0,
        "heat_exchanger_regulator_lvl": 0,
        "room_temp_set_point": 16,
        "min_temperature_set_point": 0,
        "max_temperature_set_point": 0
    },
    {
        "timestamp": "2025-02-19T03:00:02.075059",
        "co2": 426,
        "co2_sensor_data": 0,
        "outdoor_temperature": 5988,
        "supply_air_flow_pressure": 0,
        "supply_air_flow": 14,
        "ahu_filter_pressure_level": 2286,
        "fan_levels": 10000,
        "reheat_regulation_level": 0,
        "cooling_regulation_level": 0,
        "duct_pressure": 0,
        "voc_level": 0,
        "rhx_operation_level": 8396,
        "rhx_efficiency": 0,
        "rhx_defrost_pressure_level": 0,
        "heat_exchanger_regulator_lvl": 0,
        "room_temp_set_point": 16,
        "min_temperature_set_point": 0,
        "max_temperature_set_point": 0
    },
    {
        "timestamp": "2025-02-19T03:10:01.691323",
        "co2": 431,
        "co2_sensor_data": 0,
        "outdoor_temperature": 5988,
        "supply_air_flow_pressure": 0,
        "supply_air_flow": 14,
        "ahu_filter_pressure_level": 3439,
        "fan_levels": 9667,
        "reheat_regulation_level": 0,
        "cooling_regulation_level": 0,
        "duct_pressure": 0,
        "voc_level": 0,
        "rhx_operation_level": 8393,
        "rhx_efficiency": 0,
        "rhx_defrost_pressure_level": 0,
        "heat_exchanger_regulator_lvl": 0,
        "room_temp_set_point": 16,
        "min_temperature_set_point": 0,
        "max_temperature_set_point": 0
    },
    {
        "timestamp": "2025-02-19T03:20:01.529046",
        "co2": 428,
        "co2_sensor_data": 0,
        "outdoor_temperature": 5988,
        "supply_air_flow_pressure": 0,
        "supply_air_flow": 14,
        "ahu_filter_pressure_level": 3184,
        "fan_levels": 10000,
        "reheat_regulation_level": 0,
        "cooling_regulation_level": 0,
        "duct_pressure": 0,
        "voc_level": 0,
        "rhx_operation_level": 8398,
        "rhx_efficiency": 0,
        "rhx_defrost_pressure_level": 0,
        "heat_exchanger_regulator_lvl": 0,
        "room_temp_set_point": 16,
        "min_temperature_set_point": 0,
        "max_temperature_set_point": 0
    },
    {
        "timestamp": "2025-02-19T03:30:01.246739",
        "co2": 430,
        "co2_sensor_data": 0,
        "outdoor_temperature": 5988,
        "supply_air_flow_pressure": 0,
        "supply_air_flow": 13,
        "ahu_filter_pressure_level": 2688,
        "fan_levels": 10000,
        "reheat_regulation_level": 0,
        "cooling_regulation_level": 0,
        "duct_pressure": 0,
        "voc_level": 0,
        "rhx_operation_level": 8400,
        "rhx_efficiency": 0,
        "rhx_defrost_pressure_level": 0,
        "heat_exchanger_regulator_lvl": 0,
        "room_temp_set_point": 16,
        "min_temperature_set_point": 0,
        "max_temperature_set_point": 0
    },
    {
        "timestamp": "2025-02-19T03:40:01.959809",
        "co2": 429,
        "co2_sensor_data": 0,
        "outdoor_temperature": 5988,
        "supply_air_flow_pressure": 0,
        "supply_air_flow": 14,
        "ahu_filter_pressure_level": 2287,
        "fan_levels": 10000,
        "reheat_regulation_level": 0,
        "cooling_regulation_level": 0,
        "duct_pressure": 0,
        "voc_level": 0,
        "rhx_operation_level": 8400,
        "rhx_efficiency": 0,
        "rhx_defrost_pressure_level": 0,
        "heat_exchanger_regulator_lvl": 0,
        "room_temp_set_point": 16,
        "min_temperature_set_point": 0,
        "max_temperature_set_point": 0
    },
    {
        "timestamp": "2025-02-19T03:50:01.943205",
        "co2": 431,
        "co2_sensor_data": 0,
        "outdoor_temperature": 5988,
        "supply_air_flow_pressure": 0,
        "supply_air_flow": 14,
        "ahu_filter_pressure_level": 3715,
        "fan_levels": 4770,
        "reheat_regulation_level": 0,
        "cooling_regulation_level": 0,
        "duct_pressure": 0,
        "voc_level": 0,
        "rhx_operation_level": 8395,
        "rhx_efficiency": 0,
        "rhx_defrost_pressure_level": 0,
        "heat_exchanger_regulator_lvl": 0,
        "room_temp_set_point": 16,
        "min_temperature_set_point": 0,
        "max_temperature_set_point": 0
    },
    {
        "timestamp": "2025-02-19T04:00:01.768857",
        "co2": 429,
        "co2_sensor_data": 0,
        "outdoor_temperature": 5988,
        "supply_air_flow_pressure": 0,
        "supply_air_flow": 14,
        "ahu_filter_pressure_level": 3048,
        "fan_levels": 10000,
        "reheat_regulation_level": 0,
        "cooling_regulation_level": 0,
        "duct_pressure": 0,
        "voc_level": 0,
        "rhx_operation_level": 8398,
        "rhx_efficiency": 0,
        "rhx_defrost_pressure_level": 0,
        "heat_exchanger_regulator_lvl": 0,
        "room_temp_set_point": 16,
        "min_temperature_set_point": 0,
        "max_temperature_set_point": 0
    },
    {
        "timestamp": "2025-02-19T04:10:01.579490",
        "co2": 425,
        "co2_sensor_data": 0,
        "outdoor_temperature": 5988,
        "supply_air_flow_pressure": 0,
        "supply_air_flow": 14,
        "ahu_filter_pressure_level": 2628,
        "fan_levels": 10000,
        "reheat_regulation_level": 0,
        "cooling_regulation_level": 0,
        "duct_pressure": 0,
        "voc_level": 0,
        "rhx_operation_level": 8400,
        "rhx_efficiency": 0,
        "rhx_defrost_pressure_level": 0,
        "heat_exchanger_regulator_lvl": 0,
        "room_temp_set_point": 16,
        "min_temperature_set_point": 0,
        "max_temperature_set_point": 0
    },
    {
        "timestamp": "2025-02-19T04:20:01.360413",
        "co2": 429,
        "co2_sensor_data": 0,
        "outdoor_temperature": 5988,
        "supply_air_flow_pressure": 0,
        "supply_air_flow": 14,
        "ahu_filter_pressure_level": 2358,
        "fan_levels": 10000,
        "reheat_regulation_level": 0,
        "cooling_regulation_level": 0,
        "duct_pressure": 0,
        "voc_level": 0,
        "rhx_operation_level": 8395,
        "rhx_efficiency": 0,
        "rhx_defrost_pressure_level": 0,
        "heat_exchanger_regulator_lvl": 0,
        "room_temp_set_point": 16,
        "min_temperature_set_point": 0,
        "max_temperature_set_point": 0
    },
    {
        "timestamp": "2025-02-19T04:30:02.154451",
        "co2": 426,
        "co2_sensor_data": 0,
        "outdoor_temperature": 5988,
        "supply_air_flow_pressure": 0,
        "supply_air_flow": 14,
        "ahu_filter_pressure_level": 3707,
        "fan_levels": 6914,
        "reheat_regulation_level": 0,
        "cooling_regulation_level": 0,
        "duct_pressure": 0,
        "voc_level": 0,
        "rhx_operation_level": 8399,
        "rhx_efficiency": 0,
        "rhx_defrost_pressure_level": 0,
        "heat_exchanger_regulator_lvl": 0,
        "room_temp_set_point": 16,
        "min_temperature_set_point": 0,
        "max_temperature_set_point": 0
    },
    {
        "timestamp": "2025-02-19T04:40:01.901531",
        "co2": 430,
        "co2_sensor_data": 0,
        "outdoor_temperature": 5988,
        "supply_air_flow_pressure": 0,
        "supply_air_flow": 14,
        "ahu_filter_pressure_level": 2976,
        "fan_levels": 10000,
        "reheat_regulation_level": 0,
        "cooling_regulation_level": 0,
        "duct_pressure": 0,
        "voc_level": 0,
        "rhx_operation_level": 8401,
        "rhx_efficiency": 0,
        "rhx_defrost_pressure_level": 0,
        "heat_exchanger_regulator_lvl": 0,
        "room_temp_set_point": 16,
        "min_temperature_set_point": 0,
        "max_temperature_set_point": 0
    },
    {
        "timestamp": "2025-02-19T04:50:01.795893",
        "co2": 431,
        "co2_sensor_data": 0,
        "outdoor_temperature": 5988,
        "supply_air_flow_pressure": 0,
        "supply_air_flow": 14,
        "ahu_filter_pressure_level": 2585,
        "fan_levels": 10000,
        "reheat_regulation_level": 0,
        "cooling_regulation_level": 0,
        "duct_pressure": 0,
        "voc_level": 0,
        "rhx_operation_level": 8399,
        "rhx_efficiency": 0,
        "rhx_defrost_pressure_level": 0,
        "heat_exchanger_regulator_lvl": 0,
        "room_temp_set_point": 16,
        "min_temperature_set_point": 0,
        "max_temperature_set_point": 0
    },
    {
        "timestamp": "2025-02-19T05:00:01.603319",
        "co2": 429,
        "co2_sensor_data": 0,
        "outdoor_temperature": 5988,
        "supply_air_flow_pressure": 0,
        "supply_air_flow": 14,
        "ahu_filter_pressure_level": 2458,
        "fan_levels": 10000,
        "reheat_regulation_level": 0,
        "cooling_regulation_level": 0,
        "duct_pressure": 0,
        "voc_level": 0,
        "rhx_operation_level": 8399,
        "rhx_efficiency": 0,
        "rhx_defrost_pressure_level": 0,
        "heat_exchanger_regulator_lvl": 0,
        "room_temp_set_point": 16,
        "min_temperature_set_point": 0,
        "max_temperature_set_point": 0
    },
    {
        "timestamp": "2025-02-19T05:10:01.704857",
        "co2": 429,
        "co2_sensor_data": 0,
        "outdoor_temperature": 5988,
        "supply_air_flow_pressure": 0,
        "supply_air_flow": 14,
        "ahu_filter_pressure_level": 3595,
        "fan_levels": 10000,
        "reheat_regulation_level": 0,
        "cooling_regulation_level": 0,
        "duct_pressure": 0,
        "voc_level": 0,
        "rhx_operation_level": 8399,
        "rhx_efficiency": 0,
        "rhx_defrost_pressure_level": 0,
        "heat_exchanger_regulator_lvl": 0,
        "room_temp_set_point": 16,
        "min_temperature_set_point": 0,
        "max_temperature_set_point": 0
    },
    {
        "timestamp": "2025-02-19T05:20:01.548664",
        "co2": 432,
        "co2_sensor_data": 0,
        "outdoor_temperature": 5988,
        "supply_air_flow_pressure": 0,
        "supply_air_flow": 14,
        "ahu_filter_pressure_level": 2851,
        "fan_levels": 10000,
        "reheat_regulation_level": 0,
        "cooling_regulation_level": 0,
        "duct_pressure": 0,
        "voc_level": 0,
        "rhx_operation_level": 8402,
        "rhx_efficiency": 0,
        "rhx_defrost_pressure_level": 0,
        "heat_exchanger_regulator_lvl": 0,
        "room_temp_set_point": 16,
        "min_temperature_set_point": 0,
        "max_temperature_set_point": 0
    },
    {
        "timestamp": "2025-02-19T05:30:01.317168",
        "co2": 423,
        "co2_sensor_data": 0,
        "outdoor_temperature": 5988,
        "supply_air_flow_pressure": 0,
        "supply_air_flow": 14,
        "ahu_filter_pressure_level": 2475,
        "fan_levels": 10000,
        "reheat_regulation_level": 0,
        "cooling_regulation_level": 0,
        "duct_pressure": 0,
        "voc_level": 0,
        "rhx_operation_level": 8401,
        "rhx_efficiency": 0,
        "rhx_defrost_pressure_level": 0,
        "heat_exchanger_regulator_lvl": 0,
        "room_temp_set_point": 16,
        "min_temperature_set_point": 0,
        "max_temperature_set_point": 0
    },
    {
        "timestamp": "2025-02-19T05:40:02.060546",
        "co2": 432,
        "co2_sensor_data": 0,
        "outdoor_temperature": 5988,
        "supply_air_flow_pressure": 0,
        "supply_air_flow": 14,
        "ahu_filter_pressure_level": 2651,
        "fan_levels": 10000,
        "reheat_regulation_level": 0,
        "cooling_regulation_level": 0,
        "duct_pressure": 0,
        "voc_level": 0,
        "rhx_operation_level": 8398,
        "rhx_efficiency": 0,
        "rhx_defrost_pressure_level": 0,
        "heat_exchanger_regulator_lvl": 0,
        "room_temp_set_point": 16,
        "min_temperature_set_point": 0,
        "max_temperature_set_point": 0
    },
    {
        "timestamp": "2025-02-19T05:50:01.207744",
        "co2": 429,
        "co2_sensor_data": 0,
        "outdoor_temperature": 5988,
        "supply_air_flow_pressure": 0,
        "supply_air_flow": 14,
        "ahu_filter_pressure_level": 3456,
        "fan_levels": 10000,
        "reheat_regulation_level": 0,
        "cooling_regulation_level": 0,
        "duct_pressure": 0,
        "voc_level": 0,
        "rhx_operation_level": 8403,
        "rhx_efficiency": 0,
        "rhx_defrost_pressure_level": 0,
        "heat_exchanger_regulator_lvl": 0,
        "room_temp_set_point": 16,
        "min_temperature_set_point": 0,
        "max_temperature_set_point": 0
    },
    {
        "timestamp": "2025-02-19T06:00:02.105818",
        "co2": 428,
        "co2_sensor_data": 0,
        "outdoor_temperature": 5988,
        "supply_air_flow_pressure": 0,
        "supply_air_flow": 13,
        "ahu_filter_pressure_level": 2737,
        "fan_levels": 10000,
        "reheat_regulation_level": 0,
        "cooling_regulation_level": 0,
        "duct_pressure": 0,
        "voc_level": 0,
        "rhx_operation_level": 8398,
        "rhx_efficiency": 0,
        "rhx_defrost_pressure_level": 0,
        "heat_exchanger_regulator_lvl": 0,
        "room_temp_set_point": 16,
        "min_temperature_set_point": 0,
        "max_temperature_set_point": 0
    },
    {
        "timestamp": "2025-02-19T06:10:01.857695",
        "co2": 431,
        "co2_sensor_data": 0,
        "outdoor_temperature": 5988,
        "supply_air_flow_pressure": 0,
        "supply_air_flow": 14,
        "ahu_filter_pressure_level": 2280,
        "fan_levels": 10000,
        "reheat_regulation_level": 0,
        "cooling_regulation_level": 0,
        "duct_pressure": 0,
        "voc_level": 0,
        "rhx_operation_level": 8400,
        "rhx_efficiency": 0,
        "rhx_defrost_pressure_level": 0,
        "heat_exchanger_regulator_lvl": 0,
        "room_temp_set_point": 16,
        "min_temperature_set_point": 0,
        "max_temperature_set_point": 0
    },
    {
        "timestamp": "2025-02-19T06:20:01.807226",
        "co2": 431,
        "co2_sensor_data": 0,
        "outdoor_temperature": 5988,
        "supply_air_flow_pressure": 0,
        "supply_air_flow": 13,
        "ahu_filter_pressure_level": 3502,
        "fan_levels": 10000,
        "reheat_regulation_level": 0,
        "cooling_regulation_level": 0,
        "duct_pressure": 0,
        "voc_level": 0,
        "rhx_operation_level": 8414,
        "rhx_efficiency": 0,
        "rhx_defrost_pressure_level": 0,
        "heat_exchanger_regulator_lvl": 0,
        "room_temp_set_point": 16,
        "min_temperature_set_point": 0,
        "max_temperature_set_point": 0
    },
    {
        "timestamp": "2025-02-19T06:30:01.475168",
        "co2": 428,
        "co2_sensor_data": 0,
        "outdoor_temperature": 5988,
        "supply_air_flow_pressure": 0,
        "supply_air_flow": 14,
        "ahu_filter_pressure_level": 3044,
        "fan_levels": 10000,
        "reheat_regulation_level": 0,
        "cooling_regulation_level": 0,
        "duct_pressure": 0,
        "voc_level": 0,
        "rhx_operation_level": 8400,
        "rhx_efficiency": 0,
        "rhx_defrost_pressure_level": 0,
        "heat_exchanger_regulator_lvl": 0,
        "room_temp_set_point": 16,
        "min_temperature_set_point": 0,
        "max_temperature_set_point": 0
    },
    {
        "timestamp": "2025-02-19T06:40:01.369132",
        "co2": 433,
        "co2_sensor_data": 0,
        "outdoor_temperature": 5988,
        "supply_air_flow_pressure": 0,
        "supply_air_flow": 34,
        "ahu_filter_pressure_level": 2788,
        "fan_levels": 10000,
        "reheat_regulation_level": 0,
        "cooling_regulation_level": 0,
        "duct_pressure": 0,
        "voc_level": 0,
        "rhx_operation_level": 8335,
        "rhx_efficiency": 0,
        "rhx_defrost_pressure_level": 0,
        "heat_exchanger_regulator_lvl": 0,
        "room_temp_set_point": 16,
        "min_temperature_set_point": 0,
        "max_temperature_set_point": 0
    },
    {
        "timestamp": "2025-02-19T06:50:02.053761",
        "co2": 426,
        "co2_sensor_data": 0,
        "outdoor_temperature": 5988,
        "supply_air_flow_pressure": 0,
        "supply_air_flow": 35,
        "ahu_filter_pressure_level": 2515,
        "fan_levels": 10000,
        "reheat_regulation_level": 0,
        "cooling_regulation_level": 0,
        "duct_pressure": 0,
        "voc_level": 0,
        "rhx_operation_level": 8300,
        "rhx_efficiency": 0,
        "rhx_defrost_pressure_level": 0,
        "heat_exchanger_regulator_lvl": 0,
        "room_temp_set_point": 16,
        "min_temperature_set_point": 0,
        "max_temperature_set_point": 0
    },
    {
        "timestamp": "2025-02-19T07:00:01.670078",
        "co2": 436,
        "co2_sensor_data": 0,
        "outdoor_temperature": 5988,
        "supply_air_flow_pressure": 0,
        "supply_air_flow": 35,
        "ahu_filter_pressure_level": 2511,
        "fan_levels": 10000,
        "reheat_regulation_level": 0,
        "cooling_regulation_level": 0,
        "duct_pressure": 0,
        "voc_level": 0,
        "rhx_operation_level": 8300,
        "rhx_efficiency": 0,
        "rhx_defrost_pressure_level": 0,
        "heat_exchanger_regulator_lvl": 0,
        "room_temp_set_point": 16,
        "min_temperature_set_point": 0,
        "max_temperature_set_point": 0
    },
    {
        "timestamp": "2025-02-19T07:10:01.488545",
        "co2": 437,
        "co2_sensor_data": 0,
        "outdoor_temperature": 5988,
        "supply_air_flow_pressure": 0,
        "supply_air_flow": 35,
        "ahu_filter_pressure_level": 3129,
        "fan_levels": 8772,
        "reheat_regulation_level": 0,
        "cooling_regulation_level": 0,
        "duct_pressure": 0,
        "voc_level": 0,
        "rhx_operation_level": 8300,
        "rhx_efficiency": 0,
        "rhx_defrost_pressure_level": 0,
        "heat_exchanger_regulator_lvl": 0,
        "room_temp_set_point": 16,
        "min_temperature_set_point": 0,
        "max_temperature_set_point": 0
    },
    {
        "timestamp": "2025-02-19T07:20:01.525599",
        "co2": 434,
        "co2_sensor_data": 0,
        "outdoor_temperature": 5988,
        "supply_air_flow_pressure": 0,
        "supply_air_flow": 34,
        "ahu_filter_pressure_level": 3622,
        "fan_levels": 10000,
        "reheat_regulation_level": 0,
        "cooling_regulation_level": 0,
        "duct_pressure": 0,
        "voc_level": 0,
        "rhx_operation_level": 8306,
        "rhx_efficiency": 0,
        "rhx_defrost_pressure_level": 0,
        "heat_exchanger_regulator_lvl": 0,
        "room_temp_set_point": 16,
        "min_temperature_set_point": 0,
        "max_temperature_set_point": 0
    },
    {
        "timestamp": "2025-02-19T07:30:01.330671",
        "co2": 439,
        "co2_sensor_data": 0,
        "outdoor_temperature": 5988,
        "supply_air_flow_pressure": 0,
        "supply_air_flow": 34,
        "ahu_filter_pressure_level": 3176,
        "fan_levels": 10000,
        "reheat_regulation_level": 0,
        "cooling_regulation_level": 0,
        "duct_pressure": 0,
        "voc_level": 0,
        "rhx_operation_level": 8304,
        "rhx_efficiency": 0,
        "rhx_defrost_pressure_level": 0,
        "heat_exchanger_regulator_lvl": 0,
        "room_temp_set_point": 16,
        "min_temperature_set_point": 0,
        "max_temperature_set_point": 0
    },
    {
        "timestamp": "2025-02-19T07:40:02.129176",
        "co2": 437,
        "co2_sensor_data": 0,
        "outdoor_temperature": 5988,
        "supply_air_flow_pressure": 0,
        "supply_air_flow": 34,
        "ahu_filter_pressure_level": 2223,
        "fan_levels": 10000,
        "reheat_regulation_level": 0,
        "cooling_regulation_level": 0,
        "duct_pressure": 0,
        "voc_level": 0,
        "rhx_operation_level": 8310,
        "rhx_efficiency": 0,
        "rhx_defrost_pressure_level": 0,
        "heat_exchanger_regulator_lvl": 0,
        "room_temp_set_point": 16,
        "min_temperature_set_point": 0,
        "max_temperature_set_point": 0
    },
    {
        "timestamp": "2025-02-19T07:50:01.719177",
        "co2": 440,
        "co2_sensor_data": 0,
        "outdoor_temperature": 5988,
        "supply_air_flow_pressure": 0,
        "supply_air_flow": 34,
        "ahu_filter_pressure_level": 3694,
        "fan_levels": 7703,
        "reheat_regulation_level": 0,
        "cooling_regulation_level": 0,
        "duct_pressure": 0,
        "voc_level": 0,
        "rhx_operation_level": 8302,
        "rhx_efficiency": 0,
        "rhx_defrost_pressure_level": 0,
        "heat_exchanger_regulator_lvl": 0,
        "room_temp_set_point": 16,
        "min_temperature_set_point": 0,
        "max_temperature_set_point": 0
    },
    {
        "timestamp": "2025-02-19T08:00:01.408753",
        "co2": 445,
        "co2_sensor_data": 0,
        "outdoor_temperature": 5988,
        "supply_air_flow_pressure": 0,
        "supply_air_flow": 34,
        "ahu_filter_pressure_level": 3220,
        "fan_levels": 10000,
        "reheat_regulation_level": 0,
        "cooling_regulation_level": 0,
        "duct_pressure": 0,
        "voc_level": 0,
        "rhx_operation_level": 8309,
        "rhx_efficiency": 0,
        "rhx_defrost_pressure_level": 0,
        "heat_exchanger_regulator_lvl": 0,
        "room_temp_set_point": 16,
        "min_temperature_set_point": 0,
        "max_temperature_set_point": 0
    },
    {
        "timestamp": "2025-02-19T08:10:01.375619",
        "co2": 448,
        "co2_sensor_data": 0,
        "outdoor_temperature": 5988,
        "supply_air_flow_pressure": 0,
        "supply_air_flow": 32,
        "ahu_filter_pressure_level": 2278,
        "fan_levels": 10000,
        "reheat_regulation_level": 0,
        "cooling_regulation_level": 0,
        "duct_pressure": 0,
        "voc_level": 0,
        "rhx_operation_level": 8309,
        "rhx_efficiency": 0,
        "rhx_defrost_pressure_level": 0,
        "heat_exchanger_regulator_lvl": 0,
        "room_temp_set_point": 16,
        "min_temperature_set_point": 0,
        "max_temperature_set_point": 0
    },
    {
        "timestamp": "2025-02-19T08:20:01.245189",
        "co2": 443,
        "co2_sensor_data": 0,
        "outdoor_temperature": 5988,
        "supply_air_flow_pressure": 0,
        "supply_air_flow": 34,
        "ahu_filter_pressure_level": 3781,
        "fan_levels": 6725,
        "reheat_regulation_level": 0,
        "cooling_regulation_level": 0,
        "duct_pressure": 0,
        "voc_level": 0,
        "rhx_operation_level": 8316,
        "rhx_efficiency": 0,
        "rhx_defrost_pressure_level": 0,
        "heat_exchanger_regulator_lvl": 0,
        "room_temp_set_point": 16,
        "min_temperature_set_point": 0,
        "max_temperature_set_point": 0
    },
    {
        "timestamp": "2025-02-19T08:30:01.859499",
        "co2": 452,
        "co2_sensor_data": 0,
        "outdoor_temperature": 5988,
        "supply_air_flow_pressure": 0,
        "supply_air_flow": 34,
        "ahu_filter_pressure_level": 2809,
        "fan_levels": 10000,
        "reheat_regulation_level": 0,
        "cooling_regulation_level": 0,
        "duct_pressure": 0,
        "voc_level": 0,
        "rhx_operation_level": 8307,
        "rhx_efficiency": 0,
        "rhx_defrost_pressure_level": 0,
        "heat_exchanger_regulator_lvl": 0,
        "room_temp_set_point": 16,
        "min_temperature_set_point": 0,
        "max_temperature_set_point": 0
    },
    {
        "timestamp": "2025-02-19T08:40:01.636029",
        "co2": 447,
        "co2_sensor_data": 0,
        "outdoor_temperature": 5988,
        "supply_air_flow_pressure": 0,
        "supply_air_flow": 34,
        "ahu_filter_pressure_level": 2603,
        "fan_levels": 10000,
        "reheat_regulation_level": 0,
        "cooling_regulation_level": 0,
        "duct_pressure": 0,
        "voc_level": 0,
        "rhx_operation_level": 8300,
        "rhx_efficiency": 0,
        "rhx_defrost_pressure_level": 0,
        "heat_exchanger_regulator_lvl": 0,
        "room_temp_set_point": 16,
        "min_temperature_set_point": 0,
        "max_temperature_set_point": 0
    },
    {
        "timestamp": "2025-02-19T08:50:01.964124",
        "co2": 439,
        "co2_sensor_data": 0,
        "outdoor_temperature": 5988,
        "supply_air_flow_pressure": 0,
        "supply_air_flow": 35,
        "ahu_filter_pressure_level": 3204,
        "fan_levels": 10000,
        "reheat_regulation_level": 0,
        "cooling_regulation_level": 0,
        "duct_pressure": 0,
        "voc_level": 0,
        "rhx_operation_level": 8303,
        "rhx_efficiency": 0,
        "rhx_defrost_pressure_level": 0,
        "heat_exchanger_regulator_lvl": 0,
        "room_temp_set_point": 16,
        "min_temperature_set_point": 0,
        "max_temperature_set_point": 0
    },
    {
        "timestamp": "2025-02-19T09:00:01.679791",
        "co2": 438,
        "co2_sensor_data": 0,
        "outdoor_temperature": 5988,
        "supply_air_flow_pressure": 0,
        "supply_air_flow": 35,
        "ahu_filter_pressure_level": 1871,
        "fan_levels": 10000,
        "reheat_regulation_level": 0,
        "cooling_regulation_level": 0,
        "duct_pressure": 0,
        "voc_level": 0,
        "rhx_operation_level": 8301,
        "rhx_efficiency": 0,
        "rhx_defrost_pressure_level": 0,
        "heat_exchanger_regulator_lvl": 0,
        "room_temp_set_point": 16,
        "min_temperature_set_point": 0,
        "max_temperature_set_point": 0
    },
    {
        "timestamp": "2025-02-19T09:10:01.568594",
        "co2": 440,
        "co2_sensor_data": 0,
        "outdoor_temperature": 5988,
        "supply_air_flow_pressure": 0,
        "supply_air_flow": 34,
        "ahu_filter_pressure_level": 3549,
        "fan_levels": 10000,
        "reheat_regulation_level": 0,
        "cooling_regulation_level": 0,
        "duct_pressure": 0,
        "voc_level": 0,
        "rhx_operation_level": 8300,
        "rhx_efficiency": 0,
        "rhx_defrost_pressure_level": 0,
        "heat_exchanger_regulator_lvl": 0,
        "room_temp_set_point": 16,
        "min_temperature_set_point": 0,
        "max_temperature_set_point": 0
    },
    {
        "timestamp": "2025-02-19T09:20:01.484294",
        "co2": 439,
        "co2_sensor_data": 0,
        "outdoor_temperature": 5988,
        "supply_air_flow_pressure": 0,
        "supply_air_flow": 34,
        "ahu_filter_pressure_level": 2237,
        "fan_levels": 10000,
        "reheat_regulation_level": 0,
        "cooling_regulation_level": 0,
        "duct_pressure": 0,
        "voc_level": 0,
        "rhx_operation_level": 8300,
        "rhx_efficiency": 0,
        "rhx_defrost_pressure_level": 0,
        "heat_exchanger_regulator_lvl": 0,
        "room_temp_set_point": 16,
        "min_temperature_set_point": 0,
        "max_temperature_set_point": 0
    },
    {
        "timestamp": "2025-02-19T09:30:01.179308",
        "co2": 443,
        "co2_sensor_data": 0,
        "outdoor_temperature": 5988,
        "supply_air_flow_pressure": 0,
        "supply_air_flow": 34,
        "ahu_filter_pressure_level": 3034,
        "fan_levels": 6331,
        "reheat_regulation_level": 0,
        "cooling_regulation_level": 0,
        "duct_pressure": 0,
        "voc_level": 0,
        "rhx_operation_level": 8302,
        "rhx_efficiency": 0,
        "rhx_defrost_pressure_level": 0,
        "heat_exchanger_regulator_lvl": 0,
        "room_temp_set_point": 16,
        "min_temperature_set_point": 0,
        "max_temperature_set_point": 0
    },
    {
        "timestamp": "2025-02-19T09:40:01.931428",
        "co2": 467,
        "co2_sensor_data": 0,
        "outdoor_temperature": 5988,
        "supply_air_flow_pressure": 0,
        "supply_air_flow": 35,
        "ahu_filter_pressure_level": 2683,
        "fan_levels": 10000,
        "reheat_regulation_level": 0,
        "cooling_regulation_level": 0,
        "duct_pressure": 0,
        "voc_level": 0,
        "rhx_operation_level": 8300,
        "rhx_efficiency": 0,
        "rhx_defrost_pressure_level": 0,
        "heat_exchanger_regulator_lvl": 0,
        "room_temp_set_point": 16,
        "min_temperature_set_point": 0,
        "max_temperature_set_point": 0
    },
    {
        "timestamp": "2025-02-19T09:50:02.107956",
        "co2": 479,
        "co2_sensor_data": 0,
        "outdoor_temperature": 5988,
        "supply_air_flow_pressure": 0,
        "supply_air_flow": 34,
        "ahu_filter_pressure_level": 3716,
        "fan_levels": 9294,
        "reheat_regulation_level": 0,
        "cooling_regulation_level": 0,
        "duct_pressure": 0,
        "voc_level": 0,
        "rhx_operation_level": 8300,
        "rhx_efficiency": 0,
        "rhx_defrost_pressure_level": 0,
        "heat_exchanger_regulator_lvl": 0,
        "room_temp_set_point": 16,
        "min_temperature_set_point": 0,
        "max_temperature_set_point": 0
    },
    {
        "timestamp": "2025-02-19T10:00:01.784169",
        "co2": 475,
        "co2_sensor_data": 0,
        "outdoor_temperature": 5988,
        "supply_air_flow_pressure": 0,
        "supply_air_flow": 34,
        "ahu_filter_pressure_level": 2240,
        "fan_levels": 10000,
        "reheat_regulation_level": 0,
        "cooling_regulation_level": 0,
        "duct_pressure": 0,
        "voc_level": 0,
        "rhx_operation_level": 8300,
        "rhx_efficiency": 0,
        "rhx_defrost_pressure_level": 0,
        "heat_exchanger_regulator_lvl": 0,
        "room_temp_set_point": 16,
        "min_temperature_set_point": 0,
        "max_temperature_set_point": 0
    },
    {
        "timestamp": "2025-02-19T10:10:01.455683",
        "co2": 457,
        "co2_sensor_data": 0,
        "outdoor_temperature": 5988,
        "supply_air_flow_pressure": 0,
        "supply_air_flow": 34,
        "ahu_filter_pressure_level": 3534,
        "fan_levels": 10000,
        "reheat_regulation_level": 0,
        "cooling_regulation_level": 0,
        "duct_pressure": 0,
        "voc_level": 0,
        "rhx_operation_level": 8300,
        "rhx_efficiency": 0,
        "rhx_defrost_pressure_level": 0,
        "heat_exchanger_regulator_lvl": 0,
        "room_temp_set_point": 16,
        "min_temperature_set_point": 0,
        "max_temperature_set_point": 0
    },
    {
        "timestamp": "2025-02-19T10:20:01.288806",
        "co2": 461,
        "co2_sensor_data": 0,
        "outdoor_temperature": 5988,
        "supply_air_flow_pressure": 0,
        "supply_air_flow": 34,
        "ahu_filter_pressure_level": 1259,
        "fan_levels": 10000,
        "reheat_regulation_level": 0,
        "cooling_regulation_level": 0,
        "duct_pressure": 0,
        "voc_level": 0,
        "rhx_operation_level": 8300,
        "rhx_efficiency": 0,
        "rhx_defrost_pressure_level": 0,
        "heat_exchanger_regulator_lvl": 0,
        "room_temp_set_point": 16,
        "min_temperature_set_point": 0,
        "max_temperature_set_point": 0
    },
    {
        "timestamp": "2025-02-19T10:30:01.432207",
        "co2": 454,
        "co2_sensor_data": 0,
        "outdoor_temperature": 5988,
        "supply_air_flow_pressure": 0,
        "supply_air_flow": 35,
        "ahu_filter_pressure_level": 3400,
        "fan_levels": 10000,
        "reheat_regulation_level": 0,
        "cooling_regulation_level": 0,
        "duct_pressure": 0,
        "voc_level": 0,
        "rhx_operation_level": 8304,
        "rhx_efficiency": 0,
        "rhx_defrost_pressure_level": 0,
        "heat_exchanger_regulator_lvl": 0,
        "room_temp_set_point": 16,
        "min_temperature_set_point": 0,
        "max_temperature_set_point": 0
    },
    {
        "timestamp": "2025-02-19T10:40:01.296192",
        "co2": 454,
        "co2_sensor_data": 0,
        "outdoor_temperature": 5988,
        "supply_air_flow_pressure": 0,
        "supply_air_flow": 34,
        "ahu_filter_pressure_level": 1539,
        "fan_levels": 7772,
        "reheat_regulation_level": 0,
        "cooling_regulation_level": 0,
        "duct_pressure": 0,
        "voc_level": 0,
        "rhx_operation_level": 8302,
        "rhx_efficiency": 0,
        "rhx_defrost_pressure_level": 0,
        "heat_exchanger_regulator_lvl": 0,
        "room_temp_set_point": 16,
        "min_temperature_set_point": 0,
        "max_temperature_set_point": 0
    },
    {
        "timestamp": "2025-02-19T10:50:01.925155",
        "co2": 460,
        "co2_sensor_data": 0,
        "outdoor_temperature": 5988,
        "supply_air_flow_pressure": 0,
        "supply_air_flow": 34,
        "ahu_filter_pressure_level": 3210,
        "fan_levels": 10000,
        "reheat_regulation_level": 0,
        "cooling_regulation_level": 0,
        "duct_pressure": 0,
        "voc_level": 0,
        "rhx_operation_level": 8307,
        "rhx_efficiency": 0,
        "rhx_defrost_pressure_level": 0,
        "heat_exchanger_regulator_lvl": 0,
        "room_temp_set_point": 16,
        "min_temperature_set_point": 0,
        "max_temperature_set_point": 0
    },
    {
        "timestamp": "2025-02-19T11:00:01.720903",
        "co2": 456,
        "co2_sensor_data": 0,
        "outdoor_temperature": 5988,
        "supply_air_flow_pressure": 0,
        "supply_air_flow": 35,
        "ahu_filter_pressure_level": 2395,
        "fan_levels": 9365,
        "reheat_regulation_level": 0,
        "cooling_regulation_level": 0,
        "duct_pressure": 0,
        "voc_level": 0,
        "rhx_operation_level": 8302,
        "rhx_efficiency": 0,
        "rhx_defrost_pressure_level": 0,
        "heat_exchanger_regulator_lvl": 0,
        "room_temp_set_point": 16,
        "min_temperature_set_point": 0,
        "max_temperature_set_point": 0
    },
    {
        "timestamp": "2025-02-19T11:10:01.724232",
        "co2": 462,
        "co2_sensor_data": 0,
        "outdoor_temperature": 5988,
        "supply_air_flow_pressure": 0,
        "supply_air_flow": 35,
        "ahu_filter_pressure_level": 3104,
        "fan_levels": 10000,
        "reheat_regulation_level": 0,
        "cooling_regulation_level": 0,
        "duct_pressure": 0,
        "voc_level": 0,
        "rhx_operation_level": 8300,
        "rhx_efficiency": 0,
        "rhx_defrost_pressure_level": 0,
        "heat_exchanger_regulator_lvl": 0,
        "room_temp_set_point": 16,
        "min_temperature_set_point": 0,
        "max_temperature_set_point": 0
    },
    {
        "timestamp": "2025-02-19T11:20:01.552500",
        "co2": 451,
        "co2_sensor_data": 0,
        "outdoor_temperature": 5988,
        "supply_air_flow_pressure": 0,
        "supply_air_flow": 35,
        "ahu_filter_pressure_level": 2467,
        "fan_levels": 9925,
        "reheat_regulation_level": 0,
        "cooling_regulation_level": 0,
        "duct_pressure": 0,
        "voc_level": 0,
        "rhx_operation_level": 8301,
        "rhx_efficiency": 0,
        "rhx_defrost_pressure_level": 0,
        "heat_exchanger_regulator_lvl": 0,
        "room_temp_set_point": 16,
        "min_temperature_set_point": 0,
        "max_temperature_set_point": 0
    },
    {
        "timestamp": "2025-02-19T11:30:01.281082",
        "co2": 456,
        "co2_sensor_data": 0,
        "outdoor_temperature": 5988,
        "supply_air_flow_pressure": 0,
        "supply_air_flow": 34,
        "ahu_filter_pressure_level": 3091,
        "fan_levels": 10000,
        "reheat_regulation_level": 0,
        "cooling_regulation_level": 0,
        "duct_pressure": 0,
        "voc_level": 0,
        "rhx_operation_level": 8300,
        "rhx_efficiency": 0,
        "rhx_defrost_pressure_level": 0,
        "heat_exchanger_regulator_lvl": 0,
        "room_temp_set_point": 16,
        "min_temperature_set_point": 0,
        "max_temperature_set_point": 0
    },
    {
        "timestamp": "2025-02-19T11:40:02.134316",
        "co2": 461,
        "co2_sensor_data": 0,
        "outdoor_temperature": 5988,
        "supply_air_flow_pressure": 0,
        "supply_air_flow": 35,
        "ahu_filter_pressure_level": 2341,
        "fan_levels": 9034,
        "reheat_regulation_level": 0,
        "cooling_regulation_level": 0,
        "duct_pressure": 0,
        "voc_level": 0,
        "rhx_operation_level": 8300,
        "rhx_efficiency": 0,
        "rhx_defrost_pressure_level": 0,
        "heat_exchanger_regulator_lvl": 0,
        "room_temp_set_point": 16,
        "min_temperature_set_point": 0,
        "max_temperature_set_point": 0
    },
    {
        "timestamp": "2025-02-19T11:50:01.982055",
        "co2": 481,
        "co2_sensor_data": 0,
        "outdoor_temperature": 5988,
        "supply_air_flow_pressure": 0,
        "supply_air_flow": 34,
        "ahu_filter_pressure_level": 3172,
        "fan_levels": 10000,
        "reheat_regulation_level": 0,
        "cooling_regulation_level": 0,
        "duct_pressure": 0,
        "voc_level": 0,
        "rhx_operation_level": 8300,
        "rhx_efficiency": 0,
        "rhx_defrost_pressure_level": 0,
        "heat_exchanger_regulator_lvl": 0,
        "room_temp_set_point": 16,
        "min_temperature_set_point": 0,
        "max_temperature_set_point": 0
    },
    {
        "timestamp": "2025-02-19T12:00:01.762543",
        "co2": 485,
        "co2_sensor_data": 0,
        "outdoor_temperature": 5988,
        "supply_air_flow_pressure": 0,
        "supply_air_flow": 34,
        "ahu_filter_pressure_level": 1838,
        "fan_levels": 9795,
        "reheat_regulation_level": 0,
        "cooling_regulation_level": 0,
        "duct_pressure": 0,
        "voc_level": 0,
        "rhx_operation_level": 8300,
        "rhx_efficiency": 0,
        "rhx_defrost_pressure_level": 0,
        "heat_exchanger_regulator_lvl": 0,
        "room_temp_set_point": 16,
        "min_temperature_set_point": 0,
        "max_temperature_set_point": 0
    },
    {
        "timestamp": "2025-02-19T12:10:01.464755",
        "co2": 490,
        "co2_sensor_data": 0,
        "outdoor_temperature": 5988,
        "supply_air_flow_pressure": 0,
        "supply_air_flow": 34,
        "ahu_filter_pressure_level": 3298,
        "fan_levels": 10000,
        "reheat_regulation_level": 0,
        "cooling_regulation_level": 0,
        "duct_pressure": 0,
        "voc_level": 0,
        "rhx_operation_level": 8302,
        "rhx_efficiency": 0,
        "rhx_defrost_pressure_level": 0,
        "heat_exchanger_regulator_lvl": 0,
        "room_temp_set_point": 16,
        "min_temperature_set_point": 0,
        "max_temperature_set_point": 0
    },
    {
        "timestamp": "2025-02-19T12:20:01.387287",
        "co2": 509,
        "co2_sensor_data": 0,
        "outdoor_temperature": 5988,
        "supply_air_flow_pressure": 0,
        "supply_air_flow": 35,
        "ahu_filter_pressure_level": 1538,
        "fan_levels": 9071,
        "reheat_regulation_level": 0,
        "cooling_regulation_level": 0,
        "duct_pressure": 0,
        "voc_level": 0,
        "rhx_operation_level": 8300,
        "rhx_efficiency": 0,
        "rhx_defrost_pressure_level": 0,
        "heat_exchanger_regulator_lvl": 0,
        "room_temp_set_point": 16,
        "min_temperature_set_point": 0,
        "max_temperature_set_point": 0
    },
    {
        "timestamp": "2025-02-19T12:30:01.391058",
        "co2": 556,
        "co2_sensor_data": 0,
        "outdoor_temperature": 5988,
        "supply_air_flow_pressure": 0,
        "supply_air_flow": 32,
        "ahu_filter_pressure_level": 3410,
        "fan_levels": 10000,
        "reheat_regulation_level": 0,
        "cooling_regulation_level": 0,
        "duct_pressure": 0,
        "voc_level": 0,
        "rhx_operation_level": 8304,
        "rhx_efficiency": 0,
        "rhx_defrost_pressure_level": 0,
        "heat_exchanger_regulator_lvl": 0,
        "room_temp_set_point": 16,
        "min_temperature_set_point": 0,
        "max_temperature_set_point": 0
    },
    {
        "timestamp": "2025-02-19T12:40:02.141225",
        "co2": 569,
        "co2_sensor_data": 0,
        "outdoor_temperature": 5988,
        "supply_air_flow_pressure": 0,
        "supply_air_flow": 35,
        "ahu_filter_pressure_level": 3215,
        "fan_levels": 8361,
        "reheat_regulation_level": 0,
        "cooling_regulation_level": 0,
        "duct_pressure": 0,
        "voc_level": 0,
        "rhx_operation_level": 8301,
        "rhx_efficiency": 0,
        "rhx_defrost_pressure_level": 0,
        "heat_exchanger_regulator_lvl": 0,
        "room_temp_set_point": 16,
        "min_temperature_set_point": 0,
        "max_temperature_set_point": 0
    },
    {
        "timestamp": "2025-02-19T12:50:01.926917",
        "co2": 588,
        "co2_sensor_data": 0,
        "outdoor_temperature": 5988,
        "supply_air_flow_pressure": 0,
        "supply_air_flow": 35,
        "ahu_filter_pressure_level": 2574,
        "fan_levels": 10000,
        "reheat_regulation_level": 0,
        "cooling_regulation_level": 0,
        "duct_pressure": 0,
        "voc_level": 0,
        "rhx_operation_level": 8299,
        "rhx_efficiency": 0,
        "rhx_defrost_pressure_level": 0,
        "heat_exchanger_regulator_lvl": 0,
        "room_temp_set_point": 16,
        "min_temperature_set_point": 0,
        "max_temperature_set_point": 0
    },
    {
        "timestamp": "2025-02-19T13:00:01.850451",
        "co2": 562,
        "co2_sensor_data": 0,
        "outdoor_temperature": 5988,
        "supply_air_flow_pressure": 0,
        "supply_air_flow": 35,
        "ahu_filter_pressure_level": 2584,
        "fan_levels": 6224,
        "reheat_regulation_level": 0,
        "cooling_regulation_level": 0,
        "duct_pressure": 0,
        "voc_level": 0,
        "rhx_operation_level": 8304,
        "rhx_efficiency": 0,
        "rhx_defrost_pressure_level": 0,
        "heat_exchanger_regulator_lvl": 0,
        "room_temp_set_point": 16,
        "min_temperature_set_point": 0,
        "max_temperature_set_point": 0
    },
    {
        "timestamp": "2025-02-19T13:10:01.702893",
        "co2": 535,
        "co2_sensor_data": 0,
        "outdoor_temperature": 5988,
        "supply_air_flow_pressure": 0,
        "supply_air_flow": 35,
        "ahu_filter_pressure_level": 2739,
        "fan_levels": 10000,
        "reheat_regulation_level": 0,
        "cooling_regulation_level": 0,
        "duct_pressure": 0,
        "voc_level": 0,
        "rhx_operation_level": 8304,
        "rhx_efficiency": 0,
        "rhx_defrost_pressure_level": 0,
        "heat_exchanger_regulator_lvl": 0,
        "room_temp_set_point": 16,
        "min_temperature_set_point": 0,
        "max_temperature_set_point": 0
    },
    {
        "timestamp": "2025-02-19T13:20:01.529856",
        "co2": 509,
        "co2_sensor_data": 0,
        "outdoor_temperature": 5988,
        "supply_air_flow_pressure": 0,
        "supply_air_flow": 35,
        "ahu_filter_pressure_level": 2723,
        "fan_levels": 7292,
        "reheat_regulation_level": 0,
        "cooling_regulation_level": 0,
        "duct_pressure": 0,
        "voc_level": 0,
        "rhx_operation_level": 8304,
        "rhx_efficiency": 0,
        "rhx_defrost_pressure_level": 0,
        "heat_exchanger_regulator_lvl": 0,
        "room_temp_set_point": 16,
        "min_temperature_set_point": 0,
        "max_temperature_set_point": 0
    },
    {
        "timestamp": "2025-02-19T13:30:01.465449",
        "co2": 493,
        "co2_sensor_data": 0,
        "outdoor_temperature": 5988,
        "supply_air_flow_pressure": 0,
        "supply_air_flow": 33,
        "ahu_filter_pressure_level": 2810,
        "fan_levels": 10000,
        "reheat_regulation_level": 0,
        "cooling_regulation_level": 0,
        "duct_pressure": 0,
        "voc_level": 0,
        "rhx_operation_level": 8300,
        "rhx_efficiency": 0,
        "rhx_defrost_pressure_level": 0,
        "heat_exchanger_regulator_lvl": 0,
        "room_temp_set_point": 16,
        "min_temperature_set_point": 0,
        "max_temperature_set_point": 0
    },
    {
        "timestamp": "2025-02-19T13:40:01.398729",
        "co2": 482,
        "co2_sensor_data": 0,
        "outdoor_temperature": 5988,
        "supply_air_flow_pressure": 0,
        "supply_air_flow": 34,
        "ahu_filter_pressure_level": 2768,
        "fan_levels": 7958,
        "reheat_regulation_level": 0,
        "cooling_regulation_level": 0,
        "duct_pressure": 0,
        "voc_level": 0,
        "rhx_operation_level": 8301,
        "rhx_efficiency": 0,
        "rhx_defrost_pressure_level": 0,
        "heat_exchanger_regulator_lvl": 0,
        "room_temp_set_point": 16,
        "min_temperature_set_point": 0,
        "max_temperature_set_point": 0
    },
    {
        "timestamp": "2025-02-19T13:50:01.175840",
        "co2": 472,
        "co2_sensor_data": 0,
        "outdoor_temperature": 5988,
        "supply_air_flow_pressure": 0,
        "supply_air_flow": 33,
        "ahu_filter_pressure_level": 2885,
        "fan_levels": 10000,
        "reheat_regulation_level": 0,
        "cooling_regulation_level": 0,
        "duct_pressure": 0,
        "voc_level": 0,
        "rhx_operation_level": 8301,
        "rhx_efficiency": 0,
        "rhx_defrost_pressure_level": 0,
        "heat_exchanger_regulator_lvl": 0,
        "room_temp_set_point": 16,
        "min_temperature_set_point": 0,
        "max_temperature_set_point": 0
    },
    {
        "timestamp": "2025-02-19T14:00:01.241328",
        "co2": 469,
        "co2_sensor_data": 0,
        "outdoor_temperature": 5988,
        "supply_air_flow_pressure": 0,
        "supply_air_flow": 35,
        "ahu_filter_pressure_level": 2571,
        "fan_levels": 7583,
        "reheat_regulation_level": 0,
        "cooling_regulation_level": 0,
        "duct_pressure": 0,
        "voc_level": 0,
        "rhx_operation_level": 8300,
        "rhx_efficiency": 0,
        "rhx_defrost_pressure_level": 0,
        "heat_exchanger_regulator_lvl": 0,
        "room_temp_set_point": 16,
        "min_temperature_set_point": 0,
        "max_temperature_set_point": 0
    },
    {
        "timestamp": "2025-02-19T14:10:01.992152",
        "co2": 463,
        "co2_sensor_data": 0,
        "outdoor_temperature": 5988,
        "supply_air_flow_pressure": 0,
        "supply_air_flow": 35,
        "ahu_filter_pressure_level": 3014,
        "fan_levels": 10000,
        "reheat_regulation_level": 0,
        "cooling_regulation_level": 0,
        "duct_pressure": 0,
        "voc_level": 0,
        "rhx_operation_level": 8301,
        "rhx_efficiency": 0,
        "rhx_defrost_pressure_level": 0,
        "heat_exchanger_regulator_lvl": 0,
        "room_temp_set_point": 16,
        "min_temperature_set_point": 0,
        "max_temperature_set_point": 0
    },
    {
        "timestamp": "2025-02-19T14:20:01.930546",
        "co2": 455,
        "co2_sensor_data": 0,
        "outdoor_temperature": 5988,
        "supply_air_flow_pressure": 0,
        "supply_air_flow": 34,
        "ahu_filter_pressure_level": 2722,
        "fan_levels": 8704,
        "reheat_regulation_level": 0,
        "cooling_regulation_level": 0,
        "duct_pressure": 0,
        "voc_level": 0,
        "rhx_operation_level": 8301,
        "rhx_efficiency": 0,
        "rhx_defrost_pressure_level": 0,
        "heat_exchanger_regulator_lvl": 0,
        "room_temp_set_point": 16,
        "min_temperature_set_point": 0,
        "max_temperature_set_point": 0
    },
    {
        "timestamp": "2025-02-19T14:30:01.938310",
        "co2": 460,
        "co2_sensor_data": 0,
        "outdoor_temperature": 5988,
        "supply_air_flow_pressure": 0,
        "supply_air_flow": 33,
        "ahu_filter_pressure_level": 2785,
        "fan_levels": 10000,
        "reheat_regulation_level": 0,
        "cooling_regulation_level": 0,
        "duct_pressure": 0,
        "voc_level": 0,
        "rhx_operation_level": 8299,
        "rhx_efficiency": 0,
        "rhx_defrost_pressure_level": 0,
        "heat_exchanger_regulator_lvl": 0,
        "room_temp_set_point": 16,
        "min_temperature_set_point": 0,
        "max_temperature_set_point": 0
    },
    {
        "timestamp": "2025-02-19T14:40:01.926579",
        "co2": 458,
        "co2_sensor_data": 0,
        "outdoor_temperature": 5988,
        "supply_air_flow_pressure": 0,
        "supply_air_flow": 34,
        "ahu_filter_pressure_level": 1712,
        "fan_levels": 6998,
        "reheat_regulation_level": 0,
        "cooling_regulation_level": 0,
        "duct_pressure": 0,
        "voc_level": 0,
        "rhx_operation_level": 8300,
        "rhx_efficiency": 0,
        "rhx_defrost_pressure_level": 0,
        "heat_exchanger_regulator_lvl": 0,
        "room_temp_set_point": 16,
        "min_temperature_set_point": 0,
        "max_temperature_set_point": 0
    },
    {
        "timestamp": "2025-02-19T14:50:01.681915",
        "co2": 476,
        "co2_sensor_data": 0,
        "outdoor_temperature": 5988,
        "supply_air_flow_pressure": 0,
        "supply_air_flow": 35,
        "ahu_filter_pressure_level": 3153,
        "fan_levels": 10000,
        "reheat_regulation_level": 0,
        "cooling_regulation_level": 0,
        "duct_pressure": 0,
        "voc_level": 0,
        "rhx_operation_level": 8300,
        "rhx_efficiency": 0,
        "rhx_defrost_pressure_level": 0,
        "heat_exchanger_regulator_lvl": 0,
        "room_temp_set_point": 16,
        "min_temperature_set_point": 0,
        "max_temperature_set_point": 0
    },
    {
        "timestamp": "2025-02-19T15:00:01.519957",
        "co2": 469,
        "co2_sensor_data": 0,
        "outdoor_temperature": 5988,
        "supply_air_flow_pressure": 0,
        "supply_air_flow": 35,
        "ahu_filter_pressure_level": 2082,
        "fan_levels": 7129,
        "reheat_regulation_level": 0,
        "cooling_regulation_level": 0,
        "duct_pressure": 0,
        "voc_level": 0,
        "rhx_operation_level": 8300,
        "rhx_efficiency": 0,
        "rhx_defrost_pressure_level": 0,
        "heat_exchanger_regulator_lvl": 0,
        "room_temp_set_point": 16,
        "min_temperature_set_point": 0,
        "max_temperature_set_point": 0
    },
    {
        "timestamp": "2025-02-19T15:10:01.496908",
        "co2": 482,
        "co2_sensor_data": 0,
        "outdoor_temperature": 5988,
        "supply_air_flow_pressure": 0,
        "supply_air_flow": 35,
        "ahu_filter_pressure_level": 3111,
        "fan_levels": 10000,
        "reheat_regulation_level": 0,
        "cooling_regulation_level": 0,
        "duct_pressure": 0,
        "voc_level": 0,
        "rhx_operation_level": 8321,
        "rhx_efficiency": 0,
        "rhx_defrost_pressure_level": 0,
        "heat_exchanger_regulator_lvl": 0,
        "room_temp_set_point": 16,
        "min_temperature_set_point": 0,
        "max_temperature_set_point": 0
    },
    {
        "timestamp": "2025-02-19T15:20:01.758625",
        "co2": 485,
        "co2_sensor_data": 0,
        "outdoor_temperature": 5988,
        "supply_air_flow_pressure": 0,
        "supply_air_flow": 35,
        "ahu_filter_pressure_level": 1729,
        "fan_levels": 6459,
        "reheat_regulation_level": 0,
        "cooling_regulation_level": 0,
        "duct_pressure": 0,
        "voc_level": 0,
        "rhx_operation_level": 8300,
        "rhx_efficiency": 0,
        "rhx_defrost_pressure_level": 0,
        "heat_exchanger_regulator_lvl": 0,
        "room_temp_set_point": 16,
        "min_temperature_set_point": 0,
        "max_temperature_set_point": 0
    },
    {
        "timestamp": "2025-02-19T15:30:01.499060",
        "co2": 477,
        "co2_sensor_data": 0,
        "outdoor_temperature": 5988,
        "supply_air_flow_pressure": 0,
        "supply_air_flow": 35,
        "ahu_filter_pressure_level": 3085,
        "fan_levels": 10000,
        "reheat_regulation_level": 0,
        "cooling_regulation_level": 0,
        "duct_pressure": 0,
        "voc_level": 0,
        "rhx_operation_level": 8300,
        "rhx_efficiency": 0,
        "rhx_defrost_pressure_level": 0,
        "heat_exchanger_regulator_lvl": 0,
        "room_temp_set_point": 16,
        "min_temperature_set_point": 0,
        "max_temperature_set_point": 0
    },
    {
        "timestamp": "2025-02-19T15:40:01.283870",
        "co2": 465,
        "co2_sensor_data": 0,
        "outdoor_temperature": 5988,
        "supply_air_flow_pressure": 0,
        "supply_air_flow": 13,
        "ahu_filter_pressure_level": 2867,
        "fan_levels": 8715,
        "reheat_regulation_level": 0,
        "cooling_regulation_level": 0,
        "duct_pressure": 0,
        "voc_level": 0,
        "rhx_operation_level": 8418,
        "rhx_efficiency": 0,
        "rhx_defrost_pressure_level": 0,
        "heat_exchanger_regulator_lvl": 0,
        "room_temp_set_point": 16,
        "min_temperature_set_point": 0,
        "max_temperature_set_point": 0
    },
    {
        "timestamp": "2025-02-19T15:50:02.140761",
        "co2": 475,
        "co2_sensor_data": 0,
        "outdoor_temperature": 5988,
        "supply_air_flow_pressure": 0,
        "supply_air_flow": 13,
        "ahu_filter_pressure_level": 2185,
        "fan_levels": 10000,
        "reheat_regulation_level": 0,
        "cooling_regulation_level": 0,
        "duct_pressure": 0,
        "voc_level": 0,
        "rhx_operation_level": 8406,
        "rhx_efficiency": 0,
        "rhx_defrost_pressure_level": 0,
        "heat_exchanger_regulator_lvl": 0,
        "room_temp_set_point": 16,
        "min_temperature_set_point": 0,
        "max_temperature_set_point": 0
    },
    {
        "timestamp": "2025-02-19T16:00:01.817167",
        "co2": 471,
        "co2_sensor_data": 0,
        "outdoor_temperature": 5988,
        "supply_air_flow_pressure": 0,
        "supply_air_flow": 14,
        "ahu_filter_pressure_level": 3270,
        "fan_levels": 10000,
        "reheat_regulation_level": 0,
        "cooling_regulation_level": 0,
        "duct_pressure": 0,
        "voc_level": 0,
        "rhx_operation_level": 8400,
        "rhx_efficiency": 0,
        "rhx_defrost_pressure_level": 0,
        "heat_exchanger_regulator_lvl": 0,
        "room_temp_set_point": 16,
        "min_temperature_set_point": 0,
        "max_temperature_set_point": 0
    },
    {
        "timestamp": "2025-02-19T16:10:01.451365",
        "co2": 464,
        "co2_sensor_data": 0,
        "outdoor_temperature": 5988,
        "supply_air_flow_pressure": 0,
        "supply_air_flow": 14,
        "ahu_filter_pressure_level": 2199,
        "fan_levels": 2310,
        "reheat_regulation_level": 0,
        "cooling_regulation_level": 0,
        "duct_pressure": 0,
        "voc_level": 0,
        "rhx_operation_level": 8400,
        "rhx_efficiency": 0,
        "rhx_defrost_pressure_level": 0,
        "heat_exchanger_regulator_lvl": 0,
        "room_temp_set_point": 16,
        "min_temperature_set_point": 0,
        "max_temperature_set_point": 0
    },
    {
        "timestamp": "2025-02-19T16:20:02.127285",
        "co2": 466,
        "co2_sensor_data": 0,
        "outdoor_temperature": 5988,
        "supply_air_flow_pressure": 0,
        "supply_air_flow": 14,
        "ahu_filter_pressure_level": 2012,
        "fan_levels": 1943,
        "reheat_regulation_level": 0,
        "cooling_regulation_level": 0,
        "duct_pressure": 0,
        "voc_level": 0,
        "rhx_operation_level": 8400,
        "rhx_efficiency": 0,
        "rhx_defrost_pressure_level": 0,
        "heat_exchanger_regulator_lvl": 0,
        "room_temp_set_point": 16,
        "min_temperature_set_point": 0,
        "max_temperature_set_point": 0
    },
    {
        "timestamp": "2025-02-19T16:30:01.763248",
        "co2": 464,
        "co2_sensor_data": 0,
        "outdoor_temperature": 5988,
        "supply_air_flow_pressure": 0,
        "supply_air_flow": 14,
        "ahu_filter_pressure_level": 1948,
        "fan_levels": 2749,
        "reheat_regulation_level": 0,
        "cooling_regulation_level": 0,
        "duct_pressure": 0,
        "voc_level": 0,
        "rhx_operation_level": 8396,
        "rhx_efficiency": 0,
        "rhx_defrost_pressure_level": 0,
        "heat_exchanger_regulator_lvl": 0,
        "room_temp_set_point": 16,
        "min_temperature_set_point": 0,
        "max_temperature_set_point": 0
    },
    {
        "timestamp": "2025-02-19T16:40:01.497537",
        "co2": 455,
        "co2_sensor_data": 0,
        "outdoor_temperature": 5988,
        "supply_air_flow_pressure": 0,
        "supply_air_flow": 14,
        "ahu_filter_pressure_level": 1912,
        "fan_levels": 4862,
        "reheat_regulation_level": 0,
        "cooling_regulation_level": 0,
        "duct_pressure": 0,
        "voc_level": 0,
        "rhx_operation_level": 8401,
        "rhx_efficiency": 0,
        "rhx_defrost_pressure_level": 0,
        "heat_exchanger_regulator_lvl": 0,
        "room_temp_set_point": 16,
        "min_temperature_set_point": 0,
        "max_temperature_set_point": 0
    },
    {
        "timestamp": "2025-02-19T16:50:01.297548",
        "co2": 455,
        "co2_sensor_data": 0,
        "outdoor_temperature": 5988,
        "supply_air_flow_pressure": 0,
        "supply_air_flow": 14,
        "ahu_filter_pressure_level": 2104,
        "fan_levels": 10000,
        "reheat_regulation_level": 0,
        "cooling_regulation_level": 0,
        "duct_pressure": 0,
        "voc_level": 0,
        "rhx_operation_level": 8398,
        "rhx_efficiency": 0,
        "rhx_defrost_pressure_level": 0,
        "heat_exchanger_regulator_lvl": 0,
        "room_temp_set_point": 16,
        "min_temperature_set_point": 0,
        "max_temperature_set_point": 0
    },
    {
        "timestamp": "2025-02-19T17:00:01.186411",
        "co2": 450,
        "co2_sensor_data": 0,
        "outdoor_temperature": 5988,
        "supply_air_flow_pressure": 0,
        "supply_air_flow": 14,
        "ahu_filter_pressure_level": 2981,
        "fan_levels": 4072,
        "reheat_regulation_level": 0,
        "cooling_regulation_level": 0,
        "duct_pressure": 0,
        "voc_level": 0,
        "rhx_operation_level": 8400,
        "rhx_efficiency": 0,
        "rhx_defrost_pressure_level": 0,
        "heat_exchanger_regulator_lvl": 0,
        "room_temp_set_point": 16,
        "min_temperature_set_point": 0,
        "max_temperature_set_point": 0
    },
    {
        "timestamp": "2025-02-19T17:10:01.908016",
        "co2": 445,
        "co2_sensor_data": 0,
        "outdoor_temperature": 5988,
        "supply_air_flow_pressure": 0,
        "supply_air_flow": 14,
        "ahu_filter_pressure_level": 1724,
        "fan_levels": 10000,
        "reheat_regulation_level": 0,
        "cooling_regulation_level": 0,
        "duct_pressure": 0,
        "voc_level": 0,
        "rhx_operation_level": 8401,
        "rhx_efficiency": 0,
        "rhx_defrost_pressure_level": 0,
        "heat_exchanger_regulator_lvl": 0,
        "room_temp_set_point": 16,
        "min_temperature_set_point": 0,
        "max_temperature_set_point": 0
    },
    {
        "timestamp": "2025-02-19T17:20:01.485947",
        "co2": 446,
        "co2_sensor_data": 0,
        "outdoor_temperature": 5988,
        "supply_air_flow_pressure": 0,
        "supply_air_flow": 14,
        "ahu_filter_pressure_level": 3706,
        "fan_levels": 8153,
        "reheat_regulation_level": 0,
        "cooling_regulation_level": 0,
        "duct_pressure": 0,
        "voc_level": 0,
        "rhx_operation_level": 8402,
        "rhx_efficiency": 0,
        "rhx_defrost_pressure_level": 0,
        "heat_exchanger_regulator_lvl": 0,
        "room_temp_set_point": 16,
        "min_temperature_set_point": 0,
        "max_temperature_set_point": 0
    },
    {
        "timestamp": "2025-02-19T17:30:01.295072",
        "co2": 456,
        "co2_sensor_data": 0,
        "outdoor_temperature": 5988,
        "supply_air_flow_pressure": 0,
        "supply_air_flow": 14,
        "ahu_filter_pressure_level": 1832,
        "fan_levels": 10000,
        "reheat_regulation_level": 0,
        "cooling_regulation_level": 0,
        "duct_pressure": 0,
        "voc_level": 0,
        "rhx_operation_level": 8398,
        "rhx_efficiency": 0,
        "rhx_defrost_pressure_level": 0,
        "heat_exchanger_regulator_lvl": 0,
        "room_temp_set_point": 16,
        "min_temperature_set_point": 0,
        "max_temperature_set_point": 0
    },
    {
        "timestamp": "2025-02-19T17:40:01.969389",
        "co2": 442,
        "co2_sensor_data": 0,
        "outdoor_temperature": 5988,
        "supply_air_flow_pressure": 0,
        "supply_air_flow": 14,
        "ahu_filter_pressure_level": 3701,
        "fan_levels": 8792,
        "reheat_regulation_level": 0,
        "cooling_regulation_level": 0,
        "duct_pressure": 0,
        "voc_level": 0,
        "rhx_operation_level": 8400,
        "rhx_efficiency": 0,
        "rhx_defrost_pressure_level": 0,
        "heat_exchanger_regulator_lvl": 0,
        "room_temp_set_point": 16,
        "min_temperature_set_point": 0,
        "max_temperature_set_point": 0
    },
    {
        "timestamp": "2025-02-19T17:50:01.689998",
        "co2": 452,
        "co2_sensor_data": 0,
        "outdoor_temperature": 5988,
        "supply_air_flow_pressure": 0,
        "supply_air_flow": 15,
        "ahu_filter_pressure_level": 2346,
        "fan_levels": 10000,
        "reheat_regulation_level": 0,
        "cooling_regulation_level": 0,
        "duct_pressure": 0,
        "voc_level": 0,
        "rhx_operation_level": 8399,
        "rhx_efficiency": 0,
        "rhx_defrost_pressure_level": 0,
        "heat_exchanger_regulator_lvl": 0,
        "room_temp_set_point": 16,
        "min_temperature_set_point": 0,
        "max_temperature_set_point": 0
    },
    {
        "timestamp": "2025-02-19T18:00:01.351579",
        "co2": 445,
        "co2_sensor_data": 0,
        "outdoor_temperature": 5988,
        "supply_air_flow_pressure": 0,
        "supply_air_flow": 14,
        "ahu_filter_pressure_level": 2508,
        "fan_levels": 9658,
        "reheat_regulation_level": 0,
        "cooling_regulation_level": 0,
        "duct_pressure": 0,
        "voc_level": 0,
        "rhx_operation_level": 8400,
        "rhx_efficiency": 0,
        "rhx_defrost_pressure_level": 0,
        "heat_exchanger_regulator_lvl": 0,
        "room_temp_set_point": 16,
        "min_temperature_set_point": 0,
        "max_temperature_set_point": 0
    },
    {
        "timestamp": "2025-02-19T18:10:01.206946",
        "co2": 450,
        "co2_sensor_data": 0,
        "outdoor_temperature": 5988,
        "supply_air_flow_pressure": 0,
        "supply_air_flow": 14,
        "ahu_filter_pressure_level": 2919,
        "fan_levels": 10000,
        "reheat_regulation_level": 0,
        "cooling_regulation_level": 0,
        "duct_pressure": 0,
        "voc_level": 0,
        "rhx_operation_level": 8400,
        "rhx_efficiency": 0,
        "rhx_defrost_pressure_level": 0,
        "heat_exchanger_regulator_lvl": 0,
        "room_temp_set_point": 16,
        "min_temperature_set_point": 0,
        "max_temperature_set_point": 0
    },
    {
        "timestamp": "2025-02-19T18:20:01.870035",
        "co2": 449,
        "co2_sensor_data": 0,
        "outdoor_temperature": 5988,
        "supply_air_flow_pressure": 0,
        "supply_air_flow": 15,
        "ahu_filter_pressure_level": 2093,
        "fan_levels": 10000,
        "reheat_regulation_level": 0,
        "cooling_regulation_level": 0,
        "duct_pressure": 0,
        "voc_level": 0,
        "rhx_operation_level": 8400,
        "rhx_efficiency": 0,
        "rhx_defrost_pressure_level": 0,
        "heat_exchanger_regulator_lvl": 0,
        "room_temp_set_point": 16,
        "min_temperature_set_point": 0,
        "max_temperature_set_point": 0
    },
    {
        "timestamp": "2025-02-19T18:30:01.825181",
        "co2": 449,
        "co2_sensor_data": 0,
        "outdoor_temperature": 5988,
        "supply_air_flow_pressure": 0,
        "supply_air_flow": 14,
        "ahu_filter_pressure_level": 3707,
        "fan_levels": 5104,
        "reheat_regulation_level": 0,
        "cooling_regulation_level": 0,
        "duct_pressure": 0,
        "voc_level": 0,
        "rhx_operation_level": 8400,
        "rhx_efficiency": 0,
        "rhx_defrost_pressure_level": 0,
        "heat_exchanger_regulator_lvl": 0,
        "room_temp_set_point": 16,
        "min_temperature_set_point": 0,
        "max_temperature_set_point": 0
    },
    {
        "timestamp": "2025-02-19T18:40:01.685579",
        "co2": 454,
        "co2_sensor_data": 0,
        "outdoor_temperature": 5988,
        "supply_air_flow_pressure": 0,
        "supply_air_flow": 14,
        "ahu_filter_pressure_level": 2588,
        "fan_levels": 10000,
        "reheat_regulation_level": 0,
        "cooling_regulation_level": 0,
        "duct_pressure": 0,
        "voc_level": 0,
        "rhx_operation_level": 8398,
        "rhx_efficiency": 0,
        "rhx_defrost_pressure_level": 0,
        "heat_exchanger_regulator_lvl": 0,
        "room_temp_set_point": 16,
        "min_temperature_set_point": 0,
        "max_temperature_set_point": 0
    },
    {
        "timestamp": "2025-02-19T18:50:01.586655",
        "co2": 452,
        "co2_sensor_data": 0,
        "outdoor_temperature": 5988,
        "supply_air_flow_pressure": 0,
        "supply_air_flow": 14,
        "ahu_filter_pressure_level": 2283,
        "fan_levels": 10000,
        "reheat_regulation_level": 0,
        "cooling_regulation_level": 0,
        "duct_pressure": 0,
        "voc_level": 0,
        "rhx_operation_level": 8356,
        "rhx_efficiency": 0,
        "rhx_defrost_pressure_level": 0,
        "heat_exchanger_regulator_lvl": 0,
        "room_temp_set_point": 16,
        "min_temperature_set_point": 0,
        "max_temperature_set_point": 0
    },
    {
        "timestamp": "2025-02-19T19:00:01.352201",
        "co2": 454,
        "co2_sensor_data": 0,
        "outdoor_temperature": 5988,
        "supply_air_flow_pressure": 0,
        "supply_air_flow": 14,
        "ahu_filter_pressure_level": 3308,
        "fan_levels": 10000,
        "reheat_regulation_level": 0,
        "cooling_regulation_level": 0,
        "duct_pressure": 0,
        "voc_level": 0,
        "rhx_operation_level": 8395,
        "rhx_efficiency": 0,
        "rhx_defrost_pressure_level": 0,
        "heat_exchanger_regulator_lvl": 0,
        "room_temp_set_point": 16,
        "min_temperature_set_point": 0,
        "max_temperature_set_point": 0
    },
    {
        "timestamp": "2025-02-19T19:10:01.254790",
        "co2": 451,
        "co2_sensor_data": 0,
        "outdoor_temperature": 5988,
        "supply_air_flow_pressure": 0,
        "supply_air_flow": 14,
        "ahu_filter_pressure_level": 2873,
        "fan_levels": 10000,
        "reheat_regulation_level": 0,
        "cooling_regulation_level": 0,
        "duct_pressure": 0,
        "voc_level": 0,
        "rhx_operation_level": 8398,
        "rhx_efficiency": 0,
        "rhx_defrost_pressure_level": 0,
        "heat_exchanger_regulator_lvl": 0,
        "room_temp_set_point": 16,
        "min_temperature_set_point": 0,
        "max_temperature_set_point": 0
    },
    {
        "timestamp": "2025-02-19T19:20:02.058029",
        "co2": 455,
        "co2_sensor_data": 0,
        "outdoor_temperature": 5988,
        "supply_air_flow_pressure": 0,
        "supply_air_flow": 14,
        "ahu_filter_pressure_level": 2584,
        "fan_levels": 10000,
        "reheat_regulation_level": 0,
        "cooling_regulation_level": 0,
        "duct_pressure": 0,
        "voc_level": 0,
        "rhx_operation_level": 8400,
        "rhx_efficiency": 0,
        "rhx_defrost_pressure_level": 0,
        "heat_exchanger_regulator_lvl": 0,
        "room_temp_set_point": 16,
        "min_temperature_set_point": 0,
        "max_temperature_set_point": 0
    },
    {
        "timestamp": "2025-02-19T19:30:01.980653",
        "co2": 454,
        "co2_sensor_data": 0,
        "outdoor_temperature": 5988,
        "supply_air_flow_pressure": 0,
        "supply_air_flow": 14,
        "ahu_filter_pressure_level": 2485,
        "fan_levels": 10000,
        "reheat_regulation_level": 0,
        "cooling_regulation_level": 0,
        "duct_pressure": 0,
        "voc_level": 0,
        "rhx_operation_level": 8398,
        "rhx_efficiency": 0,
        "rhx_defrost_pressure_level": 0,
        "heat_exchanger_regulator_lvl": 0,
        "room_temp_set_point": 16,
        "min_temperature_set_point": 0,
        "max_temperature_set_point": 0
    },
    {
        "timestamp": "2025-02-19T19:40:01.569667",
        "co2": 451,
        "co2_sensor_data": 0,
        "outdoor_temperature": 5988,
        "supply_air_flow_pressure": 0,
        "supply_air_flow": 14,
        "ahu_filter_pressure_level": 2978,
        "fan_levels": 10000,
        "reheat_regulation_level": 0,
        "cooling_regulation_level": 0,
        "duct_pressure": 0,
        "voc_level": 0,
        "rhx_operation_level": 8399,
        "rhx_efficiency": 0,
        "rhx_defrost_pressure_level": 0,
        "heat_exchanger_regulator_lvl": 0,
        "room_temp_set_point": 16,
        "min_temperature_set_point": 0,
        "max_temperature_set_point": 0
    },
    {
        "timestamp": "2025-02-19T19:50:01.326029",
        "co2": 449,
        "co2_sensor_data": 0,
        "outdoor_temperature": 5988,
        "supply_air_flow_pressure": 0,
        "supply_air_flow": 14,
        "ahu_filter_pressure_level": 2687,
        "fan_levels": 10000,
        "reheat_regulation_level": 0,
        "cooling_regulation_level": 0,
        "duct_pressure": 0,
        "voc_level": 0,
        "rhx_operation_level": 8401,
        "rhx_efficiency": 0,
        "rhx_defrost_pressure_level": 0,
        "heat_exchanger_regulator_lvl": 0,
        "room_temp_set_point": 16,
        "min_temperature_set_point": 0,
        "max_temperature_set_point": 0
    },
    {
        "timestamp": "2025-02-19T20:00:02.136858",
        "co2": 446,
        "co2_sensor_data": 0,
        "outdoor_temperature": 5988,
        "supply_air_flow_pressure": 0,
        "supply_air_flow": 14,
        "ahu_filter_pressure_level": 2331,
        "fan_levels": 10000,
        "reheat_regulation_level": 0,
        "cooling_regulation_level": 0,
        "duct_pressure": 0,
        "voc_level": 0,
        "rhx_operation_level": 8409,
        "rhx_efficiency": 0,
        "rhx_defrost_pressure_level": 0,
        "heat_exchanger_regulator_lvl": 0,
        "room_temp_set_point": 16,
        "min_temperature_set_point": 0,
        "max_temperature_set_point": 0
    },
    {
        "timestamp": "2025-02-19T20:10:02.094972",
        "co2": 442,
        "co2_sensor_data": 0,
        "outdoor_temperature": 5988,
        "supply_air_flow_pressure": 0,
        "supply_air_flow": 15,
        "ahu_filter_pressure_level": 3422,
        "fan_levels": 8136,
        "reheat_regulation_level": 0,
        "cooling_regulation_level": 0,
        "duct_pressure": 0,
        "voc_level": 0,
        "rhx_operation_level": 8393,
        "rhx_efficiency": 0,
        "rhx_defrost_pressure_level": 0,
        "heat_exchanger_regulator_lvl": 0,
        "room_temp_set_point": 16,
        "min_temperature_set_point": 0,
        "max_temperature_set_point": 0
    },
    {
        "timestamp": "2025-02-19T20:20:01.775460",
        "co2": 445,
        "co2_sensor_data": 0,
        "outdoor_temperature": 5988,
        "supply_air_flow_pressure": 0,
        "supply_air_flow": 14,
        "ahu_filter_pressure_level": 3339,
        "fan_levels": 10000,
        "reheat_regulation_level": 0,
        "cooling_regulation_level": 0,
        "duct_pressure": 0,
        "voc_level": 0,
        "rhx_operation_level": 8395,
        "rhx_efficiency": 0,
        "rhx_defrost_pressure_level": 0,
        "heat_exchanger_regulator_lvl": 0,
        "room_temp_set_point": 16,
        "min_temperature_set_point": 0,
        "max_temperature_set_point": 0
    },
    {
        "timestamp": "2025-02-19T20:30:01.534176",
        "co2": 443,
        "co2_sensor_data": 0,
        "outdoor_temperature": 5988,
        "supply_air_flow_pressure": 0,
        "supply_air_flow": 14,
        "ahu_filter_pressure_level": 2818,
        "fan_levels": 10000,
        "reheat_regulation_level": 0,
        "cooling_regulation_level": 0,
        "duct_pressure": 0,
        "voc_level": 0,
        "rhx_operation_level": 8398,
        "rhx_efficiency": 0,
        "rhx_defrost_pressure_level": 0,
        "heat_exchanger_regulator_lvl": 0,
        "room_temp_set_point": 16,
        "min_temperature_set_point": 0,
        "max_temperature_set_point": 0
    },
    {
        "timestamp": "2025-02-19T20:40:01.486499",
        "co2": 446,
        "co2_sensor_data": 0,
        "outdoor_temperature": 5988,
        "supply_air_flow_pressure": 0,
        "supply_air_flow": 14,
        "ahu_filter_pressure_level": 2449,
        "fan_levels": 10000,
        "reheat_regulation_level": 0,
        "cooling_regulation_level": 0,
        "duct_pressure": 0,
        "voc_level": 0,
        "rhx_operation_level": 8398,
        "rhx_efficiency": 0,
        "rhx_defrost_pressure_level": 0,
        "heat_exchanger_regulator_lvl": 0,
        "room_temp_set_point": 16,
        "min_temperature_set_point": 0,
        "max_temperature_set_point": 0
    },
    {
        "timestamp": "2025-02-19T20:50:01.439335",
        "co2": 442,
        "co2_sensor_data": 0,
        "outdoor_temperature": 5988,
        "supply_air_flow_pressure": 0,
        "supply_air_flow": 14,
        "ahu_filter_pressure_level": 2732,
        "fan_levels": 10000,
        "reheat_regulation_level": 0,
        "cooling_regulation_level": 0,
        "duct_pressure": 0,
        "voc_level": 0,
        "rhx_operation_level": 8396,
        "rhx_efficiency": 0,
        "rhx_defrost_pressure_level": 0,
        "heat_exchanger_regulator_lvl": 0,
        "room_temp_set_point": 16,
        "min_temperature_set_point": 0,
        "max_temperature_set_point": 0
    },
    {
        "timestamp": "2025-02-19T21:00:01.288607",
        "co2": 439,
        "co2_sensor_data": 0,
        "outdoor_temperature": 5988,
        "supply_air_flow_pressure": 0,
        "supply_air_flow": 14,
        "ahu_filter_pressure_level": 3573,
        "fan_levels": 10000,
        "reheat_regulation_level": 0,
        "cooling_regulation_level": 0,
        "duct_pressure": 0,
        "voc_level": 0,
        "rhx_operation_level": 8398,
        "rhx_efficiency": 0,
        "rhx_defrost_pressure_level": 0,
        "heat_exchanger_regulator_lvl": 0,
        "room_temp_set_point": 16,
        "min_temperature_set_point": 0,
        "max_temperature_set_point": 0
    },
    {
        "timestamp": "2025-02-19T21:10:01.174821",
        "co2": 449,
        "co2_sensor_data": 0,
        "outdoor_temperature": 5988,
        "supply_air_flow_pressure": 0,
        "supply_air_flow": 14,
        "ahu_filter_pressure_level": 2886,
        "fan_levels": 10000,
        "reheat_regulation_level": 0,
        "cooling_regulation_level": 0,
        "duct_pressure": 0,
        "voc_level": 0,
        "rhx_operation_level": 8401,
        "rhx_efficiency": 0,
        "rhx_defrost_pressure_level": 0,
        "heat_exchanger_regulator_lvl": 0,
        "room_temp_set_point": 16,
        "min_temperature_set_point": 0,
        "max_temperature_set_point": 0
    },
    {
        "timestamp": "2025-02-19T21:20:01.984152",
        "co2": 443,
        "co2_sensor_data": 0,
        "outdoor_temperature": 5988,
        "supply_air_flow_pressure": 0,
        "supply_air_flow": 14,
        "ahu_filter_pressure_level": 2535,
        "fan_levels": 10000,
        "reheat_regulation_level": 0,
        "cooling_regulation_level": 0,
        "duct_pressure": 0,
        "voc_level": 0,
        "rhx_operation_level": 8397,
        "rhx_efficiency": 0,
        "rhx_defrost_pressure_level": 0,
        "heat_exchanger_regulator_lvl": 0,
        "room_temp_set_point": 16,
        "min_temperature_set_point": 0,
        "max_temperature_set_point": 0
    },
    {
        "timestamp": "2025-02-19T21:30:01.689006",
        "co2": 451,
        "co2_sensor_data": 0,
        "outdoor_temperature": 5988,
        "supply_air_flow_pressure": 0,
        "supply_air_flow": 14,
        "ahu_filter_pressure_level": 2481,
        "fan_levels": 10000,
        "reheat_regulation_level": 0,
        "cooling_regulation_level": 0,
        "duct_pressure": 0,
        "voc_level": 0,
        "rhx_operation_level": 8395,
        "rhx_efficiency": 0,
        "rhx_defrost_pressure_level": 0,
        "heat_exchanger_regulator_lvl": 0,
        "room_temp_set_point": 16,
        "min_temperature_set_point": 0,
        "max_temperature_set_point": 0
    },
    {
        "timestamp": "2025-02-19T21:40:01.646832",
        "co2": 443,
        "co2_sensor_data": 0,
        "outdoor_temperature": 5988,
        "supply_air_flow_pressure": 0,
        "supply_air_flow": 14,
        "ahu_filter_pressure_level": 3695,
        "fan_levels": 7948,
        "reheat_regulation_level": 0,
        "cooling_regulation_level": 0,
        "duct_pressure": 0,
        "voc_level": 0,
        "rhx_operation_level": 8400,
        "rhx_efficiency": 0,
        "rhx_defrost_pressure_level": 0,
        "heat_exchanger_regulator_lvl": 0,
        "room_temp_set_point": 16,
        "min_temperature_set_point": 0,
        "max_temperature_set_point": 0
    },
    {
        "timestamp": "2025-02-19T21:50:01.429385",
        "co2": 446,
        "co2_sensor_data": 0,
        "outdoor_temperature": 5988,
        "supply_air_flow_pressure": 0,
        "supply_air_flow": 14,
        "ahu_filter_pressure_level": 2969,
        "fan_levels": 10000,
        "reheat_regulation_level": 0,
        "cooling_regulation_level": 0,
        "duct_pressure": 0,
        "voc_level": 0,
        "rhx_operation_level": 8400,
        "rhx_efficiency": 0,
        "rhx_defrost_pressure_level": 0,
        "heat_exchanger_regulator_lvl": 0,
        "room_temp_set_point": 16,
        "min_temperature_set_point": 0,
        "max_temperature_set_point": 0
    },
    {
        "timestamp": "2025-02-19T22:00:01.446192",
        "co2": 439,
        "co2_sensor_data": 0,
        "outdoor_temperature": 5988,
        "supply_air_flow_pressure": 0,
        "supply_air_flow": 14,
        "ahu_filter_pressure_level": 2656,
        "fan_levels": 10000,
        "reheat_regulation_level": 0,
        "cooling_regulation_level": 0,
        "duct_pressure": 0,
        "voc_level": 0,
        "rhx_operation_level": 8399,
        "rhx_efficiency": 0,
        "rhx_defrost_pressure_level": 0,
        "heat_exchanger_regulator_lvl": 0,
        "room_temp_set_point": 16,
        "min_temperature_set_point": 0,
        "max_temperature_set_point": 0
    },
    {
        "timestamp": "2025-02-19T22:10:01.229317",
        "co2": 448,
        "co2_sensor_data": 0,
        "outdoor_temperature": 5988,
        "supply_air_flow_pressure": 0,
        "supply_air_flow": 14,
        "ahu_filter_pressure_level": 2312,
        "fan_levels": 10000,
        "reheat_regulation_level": 0,
        "cooling_regulation_level": 0,
        "duct_pressure": 0,
        "voc_level": 0,
        "rhx_operation_level": 8401,
        "rhx_efficiency": 0,
        "rhx_defrost_pressure_level": 0,
        "heat_exchanger_regulator_lvl": 0,
        "room_temp_set_point": 16,
        "min_temperature_set_point": 0,
        "max_temperature_set_point": 0
    },
    {
        "timestamp": "2025-02-19T22:20:02.017022",
        "co2": 448,
        "co2_sensor_data": 0,
        "outdoor_temperature": 5988,
        "supply_air_flow_pressure": 0,
        "supply_air_flow": 14,
        "ahu_filter_pressure_level": 3518,
        "fan_levels": 8983,
        "reheat_regulation_level": 0,
        "cooling_regulation_level": 0,
        "duct_pressure": 0,
        "voc_level": 0,
        "rhx_operation_level": 8398,
        "rhx_efficiency": 0,
        "rhx_defrost_pressure_level": 0,
        "heat_exchanger_regulator_lvl": 0,
        "room_temp_set_point": 16,
        "min_temperature_set_point": 0,
        "max_temperature_set_point": 0
    },
    {
        "timestamp": "2025-02-19T22:30:01.799156",
        "co2": 449,
        "co2_sensor_data": 0,
        "outdoor_temperature": 5988,
        "supply_air_flow_pressure": 0,
        "supply_air_flow": 14,
        "ahu_filter_pressure_level": 3215,
        "fan_levels": 10000,
        "reheat_regulation_level": 0,
        "cooling_regulation_level": 0,
        "duct_pressure": 0,
        "voc_level": 0,
        "rhx_operation_level": 8400,
        "rhx_efficiency": 0,
        "rhx_defrost_pressure_level": 0,
        "heat_exchanger_regulator_lvl": 0,
        "room_temp_set_point": 16,
        "min_temperature_set_point": 0,
        "max_temperature_set_point": 0
    },
    {
        "timestamp": "2025-02-19T22:40:01.486217",
        "co2": 446,
        "co2_sensor_data": 0,
        "outdoor_temperature": 5988,
        "supply_air_flow_pressure": 0,
        "supply_air_flow": 14,
        "ahu_filter_pressure_level": 2731,
        "fan_levels": 10000,
        "reheat_regulation_level": 0,
        "cooling_regulation_level": 0,
        "duct_pressure": 0,
        "voc_level": 0,
        "rhx_operation_level": 8400,
        "rhx_efficiency": 0,
        "rhx_defrost_pressure_level": 0,
        "heat_exchanger_regulator_lvl": 0,
        "room_temp_set_point": 16,
        "min_temperature_set_point": 0,
        "max_temperature_set_point": 0
    },
    {
        "timestamp": "2025-02-19T22:50:02.079954",
        "co2": 452,
        "co2_sensor_data": 0,
        "outdoor_temperature": 5988,
        "supply_air_flow_pressure": 0,
        "supply_air_flow": 14,
        "ahu_filter_pressure_level": 2357,
        "fan_levels": 10000,
        "reheat_regulation_level": 0,
        "cooling_regulation_level": 0,
        "duct_pressure": 0,
        "voc_level": 0,
        "rhx_operation_level": 8402,
        "rhx_efficiency": 0,
        "rhx_defrost_pressure_level": 0,
        "heat_exchanger_regulator_lvl": 0,
        "room_temp_set_point": 16,
        "min_temperature_set_point": 0,
        "max_temperature_set_point": 0
    },
    {
        "timestamp": "2025-02-19T23:00:01.940937",
        "co2": 447,
        "co2_sensor_data": 0,
        "outdoor_temperature": 5988,
        "supply_air_flow_pressure": 0,
        "supply_air_flow": 14,
        "ahu_filter_pressure_level": 3039,
        "fan_levels": 10000,
        "reheat_regulation_level": 0,
        "cooling_regulation_level": 0,
        "duct_pressure": 0,
        "voc_level": 0,
        "rhx_operation_level": 8400,
        "rhx_efficiency": 0,
        "rhx_defrost_pressure_level": 0,
        "heat_exchanger_regulator_lvl": 0,
        "room_temp_set_point": 16,
        "min_temperature_set_point": 0,
        "max_temperature_set_point": 0
    },
    {
        "timestamp": "2025-02-19T23:10:01.621915",
        "co2": 441,
        "co2_sensor_data": 0,
        "outdoor_temperature": 5988,
        "supply_air_flow_pressure": 0,
        "supply_air_flow": 14,
        "ahu_filter_pressure_level": 3421,
        "fan_levels": 10000,
        "reheat_regulation_level": 0,
        "cooling_regulation_level": 0,
        "duct_pressure": 0,
        "voc_level": 0,
        "rhx_operation_level": 8401,
        "rhx_efficiency": 0,
        "rhx_defrost_pressure_level": 0,
        "heat_exchanger_regulator_lvl": 0,
        "room_temp_set_point": 16,
        "min_temperature_set_point": 0,
        "max_temperature_set_point": 0
    },
    {
        "timestamp": "2025-02-19T23:20:01.391883",
        "co2": 448,
        "co2_sensor_data": 0,
        "outdoor_temperature": 5988,
        "supply_air_flow_pressure": 0,
        "supply_air_flow": 14,
        "ahu_filter_pressure_level": 2832,
        "fan_levels": 10000,
        "reheat_regulation_level": 0,
        "cooling_regulation_level": 0,
        "duct_pressure": 0,
        "voc_level": 0,
        "rhx_operation_level": 8401,
        "rhx_efficiency": 0,
        "rhx_defrost_pressure_level": 0,
        "heat_exchanger_regulator_lvl": 0,
        "room_temp_set_point": 16,
        "min_temperature_set_point": 0,
        "max_temperature_set_point": 0
    },
    {
        "timestamp": "2025-02-19T23:30:02.133917",
        "co2": 443,
        "co2_sensor_data": 0,
        "outdoor_temperature": 5988,
        "supply_air_flow_pressure": 0,
        "supply_air_flow": 14,
        "ahu_filter_pressure_level": 2456,
        "fan_levels": 10000,
        "reheat_regulation_level": 0,
        "cooling_regulation_level": 0,
        "duct_pressure": 0,
        "voc_level": 0,
        "rhx_operation_level": 8399,
        "rhx_efficiency": 0,
        "rhx_defrost_pressure_level": 0,
        "heat_exchanger_regulator_lvl": 0,
        "room_temp_set_point": 16,
        "min_temperature_set_point": 0,
        "max_temperature_set_point": 0
    },
    {
        "timestamp": "2025-02-19T23:40:01.725829",
        "co2": 445,
        "co2_sensor_data": 0,
        "outdoor_temperature": 5988,
        "supply_air_flow_pressure": 0,
        "supply_air_flow": 14,
        "ahu_filter_pressure_level": 2778,
        "fan_levels": 10000,
        "reheat_regulation_level": 0,
        "cooling_regulation_level": 0,
        "duct_pressure": 0,
        "voc_level": 0,
        "rhx_operation_level": 8399,
        "rhx_efficiency": 0,
        "rhx_defrost_pressure_level": 0,
        "heat_exchanger_regulator_lvl": 0,
        "room_temp_set_point": 16,
        "min_temperature_set_point": 0,
        "max_temperature_set_point": 0
    },
    {
        "timestamp": "2025-02-19T23:50:01.566935",
        "co2": 435,
        "co2_sensor_data": 0,
        "outdoor_temperature": 5988,
        "supply_air_flow_pressure": 0,
        "supply_air_flow": 13,
        "ahu_filter_pressure_level": 3534,
        "fan_levels": 10000,
        "reheat_regulation_level": 0,
        "cooling_regulation_level": 0,
        "duct_pressure": 0,
        "voc_level": 0,
        "rhx_operation_level": 8402,
        "rhx_efficiency": 0,
        "rhx_defrost_pressure_level": 0,
        "heat_exchanger_regulator_lvl": 0,
        "room_temp_set_point": 16,
        "min_temperature_set_point": 0,
        "max_temperature_set_point": 0
    }
]