[
    {
        "timestamp": "2025-02-15T00:00:01.726108",
        "co2": 411,
        "co2_sensor_data": 0,
        "outdoor_temperature": 5983,
        "supply_air_flow_pressure": 0,
        "supply_air_flow": 14,
        "ahu_filter_pressure_level": 2477,
        "fan_levels": 10000,
        "reheat_regulation_level": 0,
        "cooling_regulation_level": 0,
        "duct_pressure": 0,
        "voc_level": 0,
        "rhx_operation_level": 8400,
        "rhx_efficiency": 0,
        "rhx_defrost_pressure_level": 0,
        "heat_exchanger_regulator_lvl": 0,
        "room_temp_set_point": 16,
        "min_temperature_set_point": 0,
        "max_temperature_set_point": 0
    },
    {
        "timestamp": "2025-02-15T00:10:01.836265",
        "co2": 413,
        "co2_sensor_data": 0,
        "outdoor_temperature": 5983,
        "supply_air_flow_pressure": 0,
        "supply_air_flow": 15,
        "ahu_filter_pressure_level": 2591,
        "fan_levels": 10000,
        "reheat_regulation_level": 0,
        "cooling_regulation_level": 0,
        "duct_pressure": 0,
        "voc_level": 0,
        "rhx_operation_level": 8401,
        "rhx_efficiency": 0,
        "rhx_defrost_pressure_level": 0,
        "heat_exchanger_regulator_lvl": 0,
        "room_temp_set_point": 16,
        "min_temperature_set_point": 0,
        "max_temperature_set_point": 0
    },
    {
        "timestamp": "2025-02-15T00:20:01.794085",
        "co2": 414,
        "co2_sensor_data": 0,
        "outdoor_temperature": 5983,
        "supply_air_flow_pressure": 0,
        "supply_air_flow": 14,
        "ahu_filter_pressure_level": 3066,
        "fan_levels": 10000,
        "reheat_regulation_level": 0,
        "cooling_regulation_level": 0,
        "duct_pressure": 0,
        "voc_level": 0,
        "rhx_operation_level": 8400,
        "rhx_efficiency": 0,
        "rhx_defrost_pressure_level": 0,
        "heat_exchanger_regulator_lvl": 0,
        "room_temp_set_point": 16,
        "min_temperature_set_point": 0,
        "max_temperature_set_point": 0
    },
    {
        "timestamp": "2025-02-15T00:30:01.851281",
        "co2": 415,
        "co2_sensor_data": 0,
        "outdoor_temperature": 5983,
        "supply_air_flow_pressure": 0,
        "supply_air_flow": 14,
        "ahu_filter_pressure_level": 2862,
        "fan_levels": 10000,
        "reheat_regulation_level": 0,
        "cooling_regulation_level": 0,
        "duct_pressure": 0,
        "voc_level": 0,
        "rhx_operation_level": 8400,
        "rhx_efficiency": 0,
        "rhx_defrost_pressure_level": 0,
        "heat_exchanger_regulator_lvl": 0,
        "room_temp_set_point": 16,
        "min_temperature_set_point": 0,
        "max_temperature_set_point": 0
    },
    {
        "timestamp": "2025-02-15T00:40:01.875279",
        "co2": 410,
        "co2_sensor_data": 0,
        "outdoor_temperature": 5983,
        "supply_air_flow_pressure": 0,
        "supply_air_flow": 15,
        "ahu_filter_pressure_level": 2218,
        "fan_levels": 10000,
        "reheat_regulation_level": 0,
        "cooling_regulation_level": 0,
        "duct_pressure": 0,
        "voc_level": 0,
        "rhx_operation_level": 8400,
        "rhx_efficiency": 0,
        "rhx_defrost_pressure_level": 0,
        "heat_exchanger_regulator_lvl": 0,
        "room_temp_set_point": 16,
        "min_temperature_set_point": 0,
        "max_temperature_set_point": 0
    },
    {
        "timestamp": "2025-02-15T00:50:01.826849",
        "co2": 408,
        "co2_sensor_data": 0,
        "outdoor_temperature": 5983,
        "supply_air_flow_pressure": 0,
        "supply_air_flow": 15,
        "ahu_filter_pressure_level": 3669,
        "fan_levels": 10000,
        "reheat_regulation_level": 0,
        "cooling_regulation_level": 0,
        "duct_pressure": 0,
        "voc_level": 0,
        "rhx_operation_level": 8401,
        "rhx_efficiency": 0,
        "rhx_defrost_pressure_level": 0,
        "heat_exchanger_regulator_lvl": 0,
        "room_temp_set_point": 16,
        "min_temperature_set_point": 0,
        "max_temperature_set_point": 0
    },
    {
        "timestamp": "2025-02-15T01:00:01.860605",
        "co2": 413,
        "co2_sensor_data": 0,
        "outdoor_temperature": 5983,
        "supply_air_flow_pressure": 0,
        "supply_air_flow": 14,
        "ahu_filter_pressure_level": 3174,
        "fan_levels": 10000,
        "reheat_regulation_level": 0,
        "cooling_regulation_level": 0,
        "duct_pressure": 0,
        "voc_level": 0,
        "rhx_operation_level": 8403,
        "rhx_efficiency": 0,
        "rhx_defrost_pressure_level": 0,
        "heat_exchanger_regulator_lvl": 0,
        "room_temp_set_point": 16,
        "min_temperature_set_point": 0,
        "max_temperature_set_point": 0
    },
    {
        "timestamp": "2025-02-15T01:10:02.070405",
        "co2": 412,
        "co2_sensor_data": 0,
        "outdoor_temperature": 5983,
        "supply_air_flow_pressure": 0,
        "supply_air_flow": 15,
        "ahu_filter_pressure_level": 2189,
        "fan_levels": 10000,
        "reheat_regulation_level": 0,
        "cooling_regulation_level": 0,
        "duct_pressure": 0,
        "voc_level": 0,
        "rhx_operation_level": 8401,
        "rhx_efficiency": 0,
        "rhx_defrost_pressure_level": 0,
        "heat_exchanger_regulator_lvl": 0,
        "room_temp_set_point": 16,
        "min_temperature_set_point": 0,
        "max_temperature_set_point": 0
    },
    {
        "timestamp": "2025-02-15T01:20:02.134044",
        "co2": 413,
        "co2_sensor_data": 0,
        "outdoor_temperature": 5983,
        "supply_air_flow_pressure": 0,
        "supply_air_flow": 14,
        "ahu_filter_pressure_level": 2668,
        "fan_levels": 9980,
        "reheat_regulation_level": 0,
        "cooling_regulation_level": 0,
        "duct_pressure": 0,
        "voc_level": 0,
        "rhx_operation_level": 8399,
        "rhx_efficiency": 0,
        "rhx_defrost_pressure_level": 0,
        "heat_exchanger_regulator_lvl": 0,
        "room_temp_set_point": 16,
        "min_temperature_set_point": 0,
        "max_temperature_set_point": 0
    },
    {
        "timestamp": "2025-02-15T01:30:01.220792",
        "co2": 414,
        "co2_sensor_data": 0,
        "outdoor_temperature": 5983,
        "supply_air_flow_pressure": 0,
        "supply_air_flow": 14,
        "ahu_filter_pressure_level": 3740,
        "fan_levels": 6720,
        "reheat_regulation_level": 0,
        "cooling_regulation_level": 0,
        "duct_pressure": 0,
        "voc_level": 0,
        "rhx_operation_level": 8400,
        "rhx_efficiency": 0,
        "rhx_defrost_pressure_level": 0,
        "heat_exchanger_regulator_lvl": 0,
        "room_temp_set_point": 16,
        "min_temperature_set_point": 0,
        "max_temperature_set_point": 0
    },
    {
        "timestamp": "2025-02-15T01:40:01.416122",
        "co2": 408,
        "co2_sensor_data": 0,
        "outdoor_temperature": 5983,
        "supply_air_flow_pressure": 0,
        "supply_air_flow": 14,
        "ahu_filter_pressure_level": 3215,
        "fan_levels": 10000,
        "reheat_regulation_level": 0,
        "cooling_regulation_level": 0,
        "duct_pressure": 0,
        "voc_level": 0,
        "rhx_operation_level": 8396,
        "rhx_efficiency": 0,
        "rhx_defrost_pressure_level": 0,
        "heat_exchanger_regulator_lvl": 0,
        "room_temp_set_point": 16,
        "min_temperature_set_point": 0,
        "max_temperature_set_point": 0
    },
    {
        "timestamp": "2025-02-15T01:50:01.590442",
        "co2": 410,
        "co2_sensor_data": 0,
        "outdoor_temperature": 5983,
        "supply_air_flow_pressure": 0,
        "supply_air_flow": 15,
        "ahu_filter_pressure_level": 2222,
        "fan_levels": 10000,
        "reheat_regulation_level": 0,
        "cooling_regulation_level": 0,
        "duct_pressure": 0,
        "voc_level": 0,
        "rhx_operation_level": 8402,
        "rhx_efficiency": 0,
        "rhx_defrost_pressure_level": 0,
        "heat_exchanger_regulator_lvl": 0,
        "room_temp_set_point": 16,
        "min_temperature_set_point": 0,
        "max_temperature_set_point": 0
    },
    {
        "timestamp": "2025-02-15T02:00:01.578018",
        "co2": 413,
        "co2_sensor_data": 0,
        "outdoor_temperature": 5983,
        "supply_air_flow_pressure": 0,
        "supply_air_flow": 15,
        "ahu_filter_pressure_level": 2790,
        "fan_levels": 9563,
        "reheat_regulation_level": 0,
        "cooling_regulation_level": 0,
        "duct_pressure": 0,
        "voc_level": 0,
        "rhx_operation_level": 8399,
        "rhx_efficiency": 0,
        "rhx_defrost_pressure_level": 0,
        "heat_exchanger_regulator_lvl": 0,
        "room_temp_set_point": 16,
        "min_temperature_set_point": 0,
        "max_temperature_set_point": 0
    },
    {
        "timestamp": "2025-02-15T02:10:01.582027",
        "co2": 411,
        "co2_sensor_data": 0,
        "outdoor_temperature": 5983,
        "supply_air_flow_pressure": 0,
        "supply_air_flow": 14,
        "ahu_filter_pressure_level": 3706,
        "fan_levels": 8459,
        "reheat_regulation_level": 0,
        "cooling_regulation_level": 0,
        "duct_pressure": 0,
        "voc_level": 0,
        "rhx_operation_level": 8397,
        "rhx_efficiency": 0,
        "rhx_defrost_pressure_level": 0,
        "heat_exchanger_regulator_lvl": 0,
        "room_temp_set_point": 16,
        "min_temperature_set_point": 0,
        "max_temperature_set_point": 0
    },
    {
        "timestamp": "2025-02-15T02:20:01.817266",
        "co2": 411,
        "co2_sensor_data": 0,
        "outdoor_temperature": 5983,
        "supply_air_flow_pressure": 0,
        "supply_air_flow": 14,
        "ahu_filter_pressure_level": 3152,
        "fan_levels": 10000,
        "reheat_regulation_level": 0,
        "cooling_regulation_level": 0,
        "duct_pressure": 0,
        "voc_level": 0,
        "rhx_operation_level": 8400,
        "rhx_efficiency": 0,
        "rhx_defrost_pressure_level": 0,
        "heat_exchanger_regulator_lvl": 0,
        "room_temp_set_point": 16,
        "min_temperature_set_point": 0,
        "max_temperature_set_point": 0
    },
    {
        "timestamp": "2025-02-15T02:30:01.909247",
        "co2": 409,
        "co2_sensor_data": 0,
        "outdoor_temperature": 5983,
        "supply_air_flow_pressure": 0,
        "supply_air_flow": 14,
        "ahu_filter_pressure_level": 2125,
        "fan_levels": 10000,
        "reheat_regulation_level": 0,
        "cooling_regulation_level": 0,
        "duct_pressure": 0,
        "voc_level": 0,
        "rhx_operation_level": 8399,
        "rhx_efficiency": 0,
        "rhx_defrost_pressure_level": 0,
        "heat_exchanger_regulator_lvl": 0,
        "room_temp_set_point": 16,
        "min_temperature_set_point": 0,
        "max_temperature_set_point": 0
    },
    {
        "timestamp": "2025-02-15T02:40:01.773782",
        "co2": 407,
        "co2_sensor_data": 0,
        "outdoor_temperature": 5983,
        "supply_air_flow_pressure": 0,
        "supply_air_flow": 15,
        "ahu_filter_pressure_level": 3015,
        "fan_levels": 8694,
        "reheat_regulation_level": 0,
        "cooling_regulation_level": 0,
        "duct_pressure": 0,
        "voc_level": 0,
        "rhx_operation_level": 8400,
        "rhx_efficiency": 0,
        "rhx_defrost_pressure_level": 0,
        "heat_exchanger_regulator_lvl": 0,
        "room_temp_set_point": 16,
        "min_temperature_set_point": 0,
        "max_temperature_set_point": 0
    },
    {
        "timestamp": "2025-02-15T02:50:01.842133",
        "co2": 408,
        "co2_sensor_data": 0,
        "outdoor_temperature": 5983,
        "supply_air_flow_pressure": 0,
        "supply_air_flow": 14,
        "ahu_filter_pressure_level": 3590,
        "fan_levels": 10000,
        "reheat_regulation_level": 0,
        "cooling_regulation_level": 0,
        "duct_pressure": 0,
        "voc_level": 0,
        "rhx_operation_level": 8400,
        "rhx_efficiency": 0,
        "rhx_defrost_pressure_level": 0,
        "heat_exchanger_regulator_lvl": 0,
        "room_temp_set_point": 16,
        "min_temperature_set_point": 0,
        "max_temperature_set_point": 0
    },
    {
        "timestamp": "2025-02-15T03:00:01.923709",
        "co2": 407,
        "co2_sensor_data": 0,
        "outdoor_temperature": 5983,
        "supply_air_flow_pressure": 0,
        "supply_air_flow": 15,
        "ahu_filter_pressure_level": 2511,
        "fan_levels": 10000,
        "reheat_regulation_level": 0,
        "cooling_regulation_level": 0,
        "duct_pressure": 0,
        "voc_level": 0,
        "rhx_operation_level": 8400,
        "rhx_efficiency": 0,
        "rhx_defrost_pressure_level": 0,
        "heat_exchanger_regulator_lvl": 0,
        "room_temp_set_point": 16,
        "min_temperature_set_point": 0,
        "max_temperature_set_point": 0
    },
    {
        "timestamp": "2025-02-15T03:10:01.798381",
        "co2": 411,
        "co2_sensor_data": 0,
        "outdoor_temperature": 5984,
        "supply_air_flow_pressure": 0,
        "supply_air_flow": 14,
        "ahu_filter_pressure_level": 2331,
        "fan_levels": 10000,
        "reheat_regulation_level": 0,
        "cooling_regulation_level": 0,
        "duct_pressure": 0,
        "voc_level": 0,
        "rhx_operation_level": 8399,
        "rhx_efficiency": 0,
        "rhx_defrost_pressure_level": 0,
        "heat_exchanger_regulator_lvl": 0,
        "room_temp_set_point": 16,
        "min_temperature_set_point": 0,
        "max_temperature_set_point": 0
    },
    {
        "timestamp": "2025-02-15T03:20:01.772713",
        "co2": 406,
        "co2_sensor_data": 0,
        "outdoor_temperature": 5984,
        "supply_air_flow_pressure": 0,
        "supply_air_flow": 15,
        "ahu_filter_pressure_level": 2987,
        "fan_levels": 9201,
        "reheat_regulation_level": 0,
        "cooling_regulation_level": 0,
        "duct_pressure": 0,
        "voc_level": 0,
        "rhx_operation_level": 8397,
        "rhx_efficiency": 0,
        "rhx_defrost_pressure_level": 0,
        "heat_exchanger_regulator_lvl": 0,
        "room_temp_set_point": 16,
        "min_temperature_set_point": 0,
        "max_temperature_set_point": 0
    },
    {
        "timestamp": "2025-02-15T03:30:01.937934",
        "co2": 406,
        "co2_sensor_data": 0,
        "outdoor_temperature": 5984,
        "supply_air_flow_pressure": 0,
        "supply_air_flow": 15,
        "ahu_filter_pressure_level": 3667,
        "fan_levels": 10000,
        "reheat_regulation_level": 0,
        "cooling_regulation_level": 0,
        "duct_pressure": 0,
        "voc_level": 0,
        "rhx_operation_level": 8396,
        "rhx_efficiency": 0,
        "rhx_defrost_pressure_level": 0,
        "heat_exchanger_regulator_lvl": 0,
        "room_temp_set_point": 16,
        "min_temperature_set_point": 0,
        "max_temperature_set_point": 0
    },
    {
        "timestamp": "2025-02-15T03:40:01.881287",
        "co2": 407,
        "co2_sensor_data": 0,
        "outdoor_temperature": 5984,
        "supply_air_flow_pressure": 0,
        "supply_air_flow": 15,
        "ahu_filter_pressure_level": 1617,
        "fan_levels": 10000,
        "reheat_regulation_level": 0,
        "cooling_regulation_level": 0,
        "duct_pressure": 0,
        "voc_level": 0,
        "rhx_operation_level": 8400,
        "rhx_efficiency": 0,
        "rhx_defrost_pressure_level": 0,
        "heat_exchanger_regulator_lvl": 0,
        "room_temp_set_point": 16,
        "min_temperature_set_point": 0,
        "max_temperature_set_point": 0
    },
    {
        "timestamp": "2025-02-15T03:50:01.935006",
        "co2": 411,
        "co2_sensor_data": 0,
        "outdoor_temperature": 5984,
        "supply_air_flow_pressure": 0,
        "supply_air_flow": 15,
        "ahu_filter_pressure_level": 2807,
        "fan_levels": 9880,
        "reheat_regulation_level": 0,
        "cooling_regulation_level": 0,
        "duct_pressure": 0,
        "voc_level": 0,
        "rhx_operation_level": 8395,
        "rhx_efficiency": 0,
        "rhx_defrost_pressure_level": 0,
        "heat_exchanger_regulator_lvl": 0,
        "room_temp_set_point": 16,
        "min_temperature_set_point": 0,
        "max_temperature_set_point": 0
    },
    {
        "timestamp": "2025-02-15T04:00:01.898469",
        "co2": 412,
        "co2_sensor_data": 0,
        "outdoor_temperature": 5984,
        "supply_air_flow_pressure": 0,
        "supply_air_flow": 14,
        "ahu_filter_pressure_level": 3691,
        "fan_levels": 9347,
        "reheat_regulation_level": 0,
        "cooling_regulation_level": 0,
        "duct_pressure": 0,
        "voc_level": 0,
        "rhx_operation_level": 8400,
        "rhx_efficiency": 0,
        "rhx_defrost_pressure_level": 0,
        "heat_exchanger_regulator_lvl": 0,
        "room_temp_set_point": 16,
        "min_temperature_set_point": 0,
        "max_temperature_set_point": 0
    },
    {
        "timestamp": "2025-02-15T04:10:01.798714",
        "co2": 408,
        "co2_sensor_data": 0,
        "outdoor_temperature": 5984,
        "supply_air_flow_pressure": 0,
        "supply_air_flow": 14,
        "ahu_filter_pressure_level": 3159,
        "fan_levels": 10000,
        "reheat_regulation_level": 0,
        "cooling_regulation_level": 0,
        "duct_pressure": 0,
        "voc_level": 0,
        "rhx_operation_level": 8402,
        "rhx_efficiency": 0,
        "rhx_defrost_pressure_level": 0,
        "heat_exchanger_regulator_lvl": 0,
        "room_temp_set_point": 16,
        "min_temperature_set_point": 0,
        "max_temperature_set_point": 0
    },
    {
        "timestamp": "2025-02-15T04:20:01.970589",
        "co2": 402,
        "co2_sensor_data": 0,
        "outdoor_temperature": 5984,
        "supply_air_flow_pressure": 0,
        "supply_air_flow": 15,
        "ahu_filter_pressure_level": 2870,
        "fan_levels": 10000,
        "reheat_regulation_level": 0,
        "cooling_regulation_level": 0,
        "duct_pressure": 0,
        "voc_level": 0,
        "rhx_operation_level": 8400,
        "rhx_efficiency": 0,
        "rhx_defrost_pressure_level": 0,
        "heat_exchanger_regulator_lvl": 0,
        "room_temp_set_point": 16,
        "min_temperature_set_point": 0,
        "max_temperature_set_point": 0
    },
    {
        "timestamp": "2025-02-15T04:30:02.135450",
        "co2": 407,
        "co2_sensor_data": 0,
        "outdoor_temperature": 5984,
        "supply_air_flow_pressure": 0,
        "supply_air_flow": 15,
        "ahu_filter_pressure_level": 2579,
        "fan_levels": 10000,
        "reheat_regulation_level": 0,
        "cooling_regulation_level": 0,
        "duct_pressure": 0,
        "voc_level": 0,
        "rhx_operation_level": 8400,
        "rhx_efficiency": 0,
        "rhx_defrost_pressure_level": 0,
        "heat_exchanger_regulator_lvl": 0,
        "room_temp_set_point": 16,
        "min_temperature_set_point": 0,
        "max_temperature_set_point": 0
    },
    {
        "timestamp": "2025-02-15T04:40:01.265842",
        "co2": 409,
        "co2_sensor_data": 0,
        "outdoor_temperature": 5984,
        "supply_air_flow_pressure": 0,
        "supply_air_flow": 14,
        "ahu_filter_pressure_level": 2461,
        "fan_levels": 10000,
        "reheat_regulation_level": 0,
        "cooling_regulation_level": 0,
        "duct_pressure": 0,
        "voc_level": 0,
        "rhx_operation_level": 8401,
        "rhx_efficiency": 0,
        "rhx_defrost_pressure_level": 0,
        "heat_exchanger_regulator_lvl": 0,
        "room_temp_set_point": 16,
        "min_temperature_set_point": 0,
        "max_temperature_set_point": 0
    },
    {
        "timestamp": "2025-02-15T04:50:02.138747",
        "co2": 405,
        "co2_sensor_data": 0,
        "outdoor_temperature": 5984,
        "supply_air_flow_pressure": 0,
        "supply_air_flow": 14,
        "ahu_filter_pressure_level": 3173,
        "fan_levels": 10000,
        "reheat_regulation_level": 0,
        "cooling_regulation_level": 0,
        "duct_pressure": 0,
        "voc_level": 0,
        "rhx_operation_level": 8400,
        "rhx_efficiency": 0,
        "rhx_defrost_pressure_level": 0,
        "heat_exchanger_regulator_lvl": 0,
        "room_temp_set_point": 16,
        "min_temperature_set_point": 0,
        "max_temperature_set_point": 0
    },
    {
        "timestamp": "2025-02-15T05:00:02.092637",
        "co2": 405,
        "co2_sensor_data": 0,
        "outdoor_temperature": 5984,
        "supply_air_flow_pressure": 0,
        "supply_air_flow": 14,
        "ahu_filter_pressure_level": 2177,
        "fan_levels": 10000,
        "reheat_regulation_level": 0,
        "cooling_regulation_level": 0,
        "duct_pressure": 0,
        "voc_level": 0,
        "rhx_operation_level": 8398,
        "rhx_efficiency": 0,
        "rhx_defrost_pressure_level": 0,
        "heat_exchanger_regulator_lvl": 0,
        "room_temp_set_point": 16,
        "min_temperature_set_point": 0,
        "max_temperature_set_point": 0
    },
    {
        "timestamp": "2025-02-15T05:10:02.158237",
        "co2": 402,
        "co2_sensor_data": 0,
        "outdoor_temperature": 5984,
        "supply_air_flow_pressure": 0,
        "supply_air_flow": 14,
        "ahu_filter_pressure_level": 2854,
        "fan_levels": 9374,
        "reheat_regulation_level": 0,
        "cooling_regulation_level": 0,
        "duct_pressure": 0,
        "voc_level": 0,
        "rhx_operation_level": 8399,
        "rhx_efficiency": 0,
        "rhx_defrost_pressure_level": 0,
        "heat_exchanger_regulator_lvl": 0,
        "room_temp_set_point": 16,
        "min_temperature_set_point": 0,
        "max_temperature_set_point": 0
    },
    {
        "timestamp": "2025-02-15T05:20:01.278503",
        "co2": 406,
        "co2_sensor_data": 0,
        "outdoor_temperature": 5984,
        "supply_air_flow_pressure": 0,
        "supply_air_flow": 14,
        "ahu_filter_pressure_level": 2929,
        "fan_levels": 10000,
        "reheat_regulation_level": 0,
        "cooling_regulation_level": 0,
        "duct_pressure": 0,
        "voc_level": 0,
        "rhx_operation_level": 8396,
        "rhx_efficiency": 0,
        "rhx_defrost_pressure_level": 0,
        "heat_exchanger_regulator_lvl": 0,
        "room_temp_set_point": 16,
        "min_temperature_set_point": 0,
        "max_temperature_set_point": 0
    },
    {
        "timestamp": "2025-02-15T05:30:01.175447",
        "co2": 400,
        "co2_sensor_data": 0,
        "outdoor_temperature": 5984,
        "supply_air_flow_pressure": 0,
        "supply_air_flow": 14,
        "ahu_filter_pressure_level": 2744,
        "fan_levels": 10000,
        "reheat_regulation_level": 0,
        "cooling_regulation_level": 0,
        "duct_pressure": 0,
        "voc_level": 0,
        "rhx_operation_level": 8399,
        "rhx_efficiency": 0,
        "rhx_defrost_pressure_level": 0,
        "heat_exchanger_regulator_lvl": 0,
        "room_temp_set_point": 16,
        "min_temperature_set_point": 0,
        "max_temperature_set_point": 0
    },
    {
        "timestamp": "2025-02-15T05:40:02.121909",
        "co2": 405,
        "co2_sensor_data": 0,
        "outdoor_temperature": 5984,
        "supply_air_flow_pressure": 0,
        "supply_air_flow": 14,
        "ahu_filter_pressure_level": 2423,
        "fan_levels": 10000,
        "reheat_regulation_level": 0,
        "cooling_regulation_level": 0,
        "duct_pressure": 0,
        "voc_level": 0,
        "rhx_operation_level": 8404,
        "rhx_efficiency": 0,
        "rhx_defrost_pressure_level": 0,
        "heat_exchanger_regulator_lvl": 0,
        "room_temp_set_point": 16,
        "min_temperature_set_point": 0,
        "max_temperature_set_point": 0
    },
    {
        "timestamp": "2025-02-15T05:50:01.334128",
        "co2": 403,
        "co2_sensor_data": 0,
        "outdoor_temperature": 5984,
        "supply_air_flow_pressure": 0,
        "supply_air_flow": 14,
        "ahu_filter_pressure_level": 2651,
        "fan_levels": 9727,
        "reheat_regulation_level": 0,
        "cooling_regulation_level": 0,
        "duct_pressure": 0,
        "voc_level": 0,
        "rhx_operation_level": 8400,
        "rhx_efficiency": 0,
        "rhx_defrost_pressure_level": 0,
        "heat_exchanger_regulator_lvl": 0,
        "room_temp_set_point": 16,
        "min_temperature_set_point": 0,
        "max_temperature_set_point": 0
    },
    {
        "timestamp": "2025-02-15T06:00:01.446482",
        "co2": 407,
        "co2_sensor_data": 0,
        "outdoor_temperature": 5984,
        "supply_air_flow_pressure": 0,
        "supply_air_flow": 14,
        "ahu_filter_pressure_level": 3068,
        "fan_levels": 10000,
        "reheat_regulation_level": 0,
        "cooling_regulation_level": 0,
        "duct_pressure": 0,
        "voc_level": 0,
        "rhx_operation_level": 8400,
        "rhx_efficiency": 0,
        "rhx_defrost_pressure_level": 0,
        "heat_exchanger_regulator_lvl": 0,
        "room_temp_set_point": 16,
        "min_temperature_set_point": 0,
        "max_temperature_set_point": 0
    },
    {
        "timestamp": "2025-02-15T06:10:01.352230",
        "co2": 404,
        "co2_sensor_data": 0,
        "outdoor_temperature": 5984,
        "supply_air_flow_pressure": 0,
        "supply_air_flow": 14,
        "ahu_filter_pressure_level": 2087,
        "fan_levels": 10000,
        "reheat_regulation_level": 0,
        "cooling_regulation_level": 0,
        "duct_pressure": 0,
        "voc_level": 0,
        "rhx_operation_level": 8396,
        "rhx_efficiency": 0,
        "rhx_defrost_pressure_level": 0,
        "heat_exchanger_regulator_lvl": 0,
        "room_temp_set_point": 16,
        "min_temperature_set_point": 0,
        "max_temperature_set_point": 0
    },
    {
        "timestamp": "2025-02-15T06:20:01.293255",
        "co2": 403,
        "co2_sensor_data": 0,
        "outdoor_temperature": 5984,
        "supply_air_flow_pressure": 0,
        "supply_air_flow": 15,
        "ahu_filter_pressure_level": 3188,
        "fan_levels": 7734,
        "reheat_regulation_level": 0,
        "cooling_regulation_level": 0,
        "duct_pressure": 0,
        "voc_level": 0,
        "rhx_operation_level": 8388,
        "rhx_efficiency": 0,
        "rhx_defrost_pressure_level": 0,
        "heat_exchanger_regulator_lvl": 0,
        "room_temp_set_point": 16,
        "min_temperature_set_point": 0,
        "max_temperature_set_point": 0
    },
    {
        "timestamp": "2025-02-15T06:30:01.192190",
        "co2": 407,
        "co2_sensor_data": 0,
        "outdoor_temperature": 5984,
        "supply_air_flow_pressure": 0,
        "supply_air_flow": 13,
        "ahu_filter_pressure_level": 2726,
        "fan_levels": 10000,
        "reheat_regulation_level": 0,
        "cooling_regulation_level": 0,
        "duct_pressure": 0,
        "voc_level": 0,
        "rhx_operation_level": 8362,
        "rhx_efficiency": 0,
        "rhx_defrost_pressure_level": 0,
        "heat_exchanger_regulator_lvl": 0,
        "room_temp_set_point": 16,
        "min_temperature_set_point": 0,
        "max_temperature_set_point": 0
    },
    {
        "timestamp": "2025-02-15T06:40:02.138500",
        "co2": 403,
        "co2_sensor_data": 0,
        "outdoor_temperature": 5984,
        "supply_air_flow_pressure": 0,
        "supply_air_flow": 15,
        "ahu_filter_pressure_level": 2105,
        "fan_levels": 10000,
        "reheat_regulation_level": 0,
        "cooling_regulation_level": 0,
        "duct_pressure": 0,
        "voc_level": 0,
        "rhx_operation_level": 8369,
        "rhx_efficiency": 0,
        "rhx_defrost_pressure_level": 0,
        "heat_exchanger_regulator_lvl": 0,
        "room_temp_set_point": 16,
        "min_temperature_set_point": 0,
        "max_temperature_set_point": 0
    },
    {
        "timestamp": "2025-02-15T06:50:01.970466",
        "co2": 401,
        "co2_sensor_data": 0,
        "outdoor_temperature": 5984,
        "supply_air_flow_pressure": 0,
        "supply_air_flow": 14,
        "ahu_filter_pressure_level": 3748,
        "fan_levels": 6372,
        "reheat_regulation_level": 0,
        "cooling_regulation_level": 0,
        "duct_pressure": 0,
        "voc_level": 0,
        "rhx_operation_level": 8396,
        "rhx_efficiency": 0,
        "rhx_defrost_pressure_level": 0,
        "heat_exchanger_regulator_lvl": 0,
        "room_temp_set_point": 16,
        "min_temperature_set_point": 0,
        "max_temperature_set_point": 0
    },
    {
        "timestamp": "2025-02-15T07:00:01.965870",
        "co2": 399,
        "co2_sensor_data": 0,
        "outdoor_temperature": 5984,
        "supply_air_flow_pressure": 0,
        "supply_air_flow": 6,
        "ahu_filter_pressure_level": 2670,
        "fan_levels": 10000,
        "reheat_regulation_level": 0,
        "cooling_regulation_level": 0,
        "duct_pressure": 0,
        "voc_level": 0,
        "rhx_operation_level": 8696,
        "rhx_efficiency": 0,
        "rhx_defrost_pressure_level": 0,
        "heat_exchanger_regulator_lvl": 0,
        "room_temp_set_point": 16,
        "min_temperature_set_point": 0,
        "max_temperature_set_point": 0
    },
    {
        "timestamp": "2025-02-15T07:10:01.918196",
        "co2": 399,
        "co2_sensor_data": 0,
        "outdoor_temperature": 5984,
        "supply_air_flow_pressure": 0,
        "supply_air_flow": 14,
        "ahu_filter_pressure_level": 2262,
        "fan_levels": 10000,
        "reheat_regulation_level": 0,
        "cooling_regulation_level": 0,
        "duct_pressure": 0,
        "voc_level": 0,
        "rhx_operation_level": 8286,
        "rhx_efficiency": 0,
        "rhx_defrost_pressure_level": 0,
        "heat_exchanger_regulator_lvl": 0,
        "room_temp_set_point": 16,
        "min_temperature_set_point": 0,
        "max_temperature_set_point": 0
    },
    {
        "timestamp": "2025-02-15T07:20:02.077112",
        "co2": 403,
        "co2_sensor_data": 0,
        "outdoor_temperature": 5984,
        "supply_air_flow_pressure": 0,
        "supply_air_flow": 15,
        "ahu_filter_pressure_level": 3523,
        "fan_levels": 10000,
        "reheat_regulation_level": 0,
        "cooling_regulation_level": 0,
        "duct_pressure": 0,
        "voc_level": 0,
        "rhx_operation_level": 8232,
        "rhx_efficiency": 0,
        "rhx_defrost_pressure_level": 0,
        "heat_exchanger_regulator_lvl": 0,
        "room_temp_set_point": 16,
        "min_temperature_set_point": 0,
        "max_temperature_set_point": 0
    },
    {
        "timestamp": "2025-02-15T07:30:01.951915",
        "co2": 405,
        "co2_sensor_data": 0,
        "outdoor_temperature": 5984,
        "supply_air_flow_pressure": 0,
        "supply_air_flow": 11,
        "ahu_filter_pressure_level": 2449,
        "fan_levels": 10000,
        "reheat_regulation_level": 0,
        "cooling_regulation_level": 0,
        "duct_pressure": 0,
        "voc_level": 0,
        "rhx_operation_level": 8296,
        "rhx_efficiency": 0,
        "rhx_defrost_pressure_level": 0,
        "heat_exchanger_regulator_lvl": 0,
        "room_temp_set_point": 16,
        "min_temperature_set_point": 0,
        "max_temperature_set_point": 0
    },
    {
        "timestamp": "2025-02-15T07:40:01.920711",
        "co2": 398,
        "co2_sensor_data": 0,
        "outdoor_temperature": 5984,
        "supply_air_flow_pressure": 0,
        "supply_air_flow": 13,
        "ahu_filter_pressure_level": 2318,
        "fan_levels": 10000,
        "reheat_regulation_level": 0,
        "cooling_regulation_level": 0,
        "duct_pressure": 0,
        "voc_level": 0,
        "rhx_operation_level": 8396,
        "rhx_efficiency": 0,
        "rhx_defrost_pressure_level": 0,
        "heat_exchanger_regulator_lvl": 0,
        "room_temp_set_point": 16,
        "min_temperature_set_point": 0,
        "max_temperature_set_point": 0
    },
    {
        "timestamp": "2025-02-15T07:50:01.942177",
        "co2": 405,
        "co2_sensor_data": 0,
        "outdoor_temperature": 5984,
        "supply_air_flow_pressure": 0,
        "supply_air_flow": 15,
        "ahu_filter_pressure_level": 3308,
        "fan_levels": 10000,
        "reheat_regulation_level": 0,
        "cooling_regulation_level": 0,
        "duct_pressure": 0,
        "voc_level": 0,
        "rhx_operation_level": 8054,
        "rhx_efficiency": 0,
        "rhx_defrost_pressure_level": 0,
        "heat_exchanger_regulator_lvl": 0,
        "room_temp_set_point": 16,
        "min_temperature_set_point": 0,
        "max_temperature_set_point": 0
    },
    {
        "timestamp": "2025-02-15T08:00:01.861574",
        "co2": 402,
        "co2_sensor_data": 0,
        "outdoor_temperature": 5984,
        "supply_air_flow_pressure": 0,
        "supply_air_flow": 13,
        "ahu_filter_pressure_level": 2069,
        "fan_levels": 10000,
        "reheat_regulation_level": 0,
        "cooling_regulation_level": 0,
        "duct_pressure": 0,
        "voc_level": 0,
        "rhx_operation_level": 8344,
        "rhx_efficiency": 0,
        "rhx_defrost_pressure_level": 0,
        "heat_exchanger_regulator_lvl": 0,
        "room_temp_set_point": 16,
        "min_temperature_set_point": 0,
        "max_temperature_set_point": 0
    },
    {
        "timestamp": "2025-02-15T08:10:01.829583",
        "co2": 407,
        "co2_sensor_data": 0,
        "outdoor_temperature": 5984,
        "supply_air_flow_pressure": 0,
        "supply_air_flow": 7,
        "ahu_filter_pressure_level": 2713,
        "fan_levels": 9348,
        "reheat_regulation_level": 0,
        "cooling_regulation_level": 0,
        "duct_pressure": 0,
        "voc_level": 0,
        "rhx_operation_level": 7899,
        "rhx_efficiency": 0,
        "rhx_defrost_pressure_level": 0,
        "heat_exchanger_regulator_lvl": 0,
        "room_temp_set_point": 16,
        "min_temperature_set_point": 0,
        "max_temperature_set_point": 0
    },
    {
        "timestamp": "2025-02-15T08:20:01.790497",
        "co2": 404,
        "co2_sensor_data": 0,
        "outdoor_temperature": 5984,
        "supply_air_flow_pressure": 0,
        "supply_air_flow": 15,
        "ahu_filter_pressure_level": 2926,
        "fan_levels": 10000,
        "reheat_regulation_level": 0,
        "cooling_regulation_level": 0,
        "duct_pressure": 0,
        "voc_level": 0,
        "rhx_operation_level": 8667,
        "rhx_efficiency": 0,
        "rhx_defrost_pressure_level": 0,
        "heat_exchanger_regulator_lvl": 0,
        "room_temp_set_point": 16,
        "min_temperature_set_point": 0,
        "max_temperature_set_point": 0
    },
    {
        "timestamp": "2025-02-15T08:30:01.785003",
        "co2": 404,
        "co2_sensor_data": 0,
        "outdoor_temperature": 5984,
        "supply_air_flow_pressure": 0,
        "supply_air_flow": 13,
        "ahu_filter_pressure_level": 2755,
        "fan_levels": 10000,
        "reheat_regulation_level": 0,
        "cooling_regulation_level": 0,
        "duct_pressure": 0,
        "voc_level": 0,
        "rhx_operation_level": 8042,
        "rhx_efficiency": 0,
        "rhx_defrost_pressure_level": 0,
        "heat_exchanger_regulator_lvl": 0,
        "room_temp_set_point": 16,
        "min_temperature_set_point": 0,
        "max_temperature_set_point": 0
    },
    {
        "timestamp": "2025-02-15T08:40:01.869343",
        "co2": 405,
        "co2_sensor_data": 0,
        "outdoor_temperature": 5984,
        "supply_air_flow_pressure": 0,
        "supply_air_flow": 16,
        "ahu_filter_pressure_level": 2381,
        "fan_levels": 10000,
        "reheat_regulation_level": 0,
        "cooling_regulation_level": 0,
        "duct_pressure": 0,
        "voc_level": 0,
        "rhx_operation_level": 8147,
        "rhx_efficiency": 0,
        "rhx_defrost_pressure_level": 0,
        "heat_exchanger_regulator_lvl": 0,
        "room_temp_set_point": 16,
        "min_temperature_set_point": 0,
        "max_temperature_set_point": 0
    },
    {
        "timestamp": "2025-02-15T08:50:01.945567",
        "co2": 405,
        "co2_sensor_data": 0,
        "outdoor_temperature": 5984,
        "supply_air_flow_pressure": 0,
        "supply_air_flow": 14,
        "ahu_filter_pressure_level": 2620,
        "fan_levels": 10000,
        "reheat_regulation_level": 0,
        "cooling_regulation_level": 0,
        "duct_pressure": 0,
        "voc_level": 0,
        "rhx_operation_level": 8398,
        "rhx_efficiency": 0,
        "rhx_defrost_pressure_level": 0,
        "heat_exchanger_regulator_lvl": 0,
        "room_temp_set_point": 16,
        "min_temperature_set_point": 0,
        "max_temperature_set_point": 0
    },
    {
        "timestamp": "2025-02-15T09:00:02.017190",
        "co2": 404,
        "co2_sensor_data": 0,
        "outdoor_temperature": 5984,
        "supply_air_flow_pressure": 0,
        "supply_air_flow": 15,
        "ahu_filter_pressure_level": 3819,
        "fan_levels": 3296,
        "reheat_regulation_level": 0,
        "cooling_regulation_level": 0,
        "duct_pressure": 0,
        "voc_level": 0,
        "rhx_operation_level": 8351,
        "rhx_efficiency": 0,
        "rhx_defrost_pressure_level": 0,
        "heat_exchanger_regulator_lvl": 0,
        "room_temp_set_point": 16,
        "min_temperature_set_point": 0,
        "max_temperature_set_point": 0
    },
    {
        "timestamp": "2025-02-15T09:10:02.005018",
        "co2": 407,
        "co2_sensor_data": 0,
        "outdoor_temperature": 5984,
        "supply_air_flow_pressure": 0,
        "supply_air_flow": 15,
        "ahu_filter_pressure_level": 2630,
        "fan_levels": 10000,
        "reheat_regulation_level": 0,
        "cooling_regulation_level": 0,
        "duct_pressure": 0,
        "voc_level": 0,
        "rhx_operation_level": 8331,
        "rhx_efficiency": 0,
        "rhx_defrost_pressure_level": 0,
        "heat_exchanger_regulator_lvl": 0,
        "room_temp_set_point": 16,
        "min_temperature_set_point": 0,
        "max_temperature_set_point": 0
    },
    {
        "timestamp": "2025-02-15T09:20:01.972609",
        "co2": 406,
        "co2_sensor_data": 0,
        "outdoor_temperature": 5984,
        "supply_air_flow_pressure": 0,
        "supply_air_flow": 14,
        "ahu_filter_pressure_level": 2222,
        "fan_levels": 10000,
        "reheat_regulation_level": 0,
        "cooling_regulation_level": 0,
        "duct_pressure": 0,
        "voc_level": 0,
        "rhx_operation_level": 8349,
        "rhx_efficiency": 0,
        "rhx_defrost_pressure_level": 0,
        "heat_exchanger_regulator_lvl": 0,
        "room_temp_set_point": 16,
        "min_temperature_set_point": 0,
        "max_temperature_set_point": 0
    },
    {
        "timestamp": "2025-02-15T09:30:02.078824",
        "co2": 411,
        "co2_sensor_data": 0,
        "outdoor_temperature": 5984,
        "supply_air_flow_pressure": 0,
        "supply_air_flow": 12,
        "ahu_filter_pressure_level": 2954,
        "fan_levels": 10000,
        "reheat_regulation_level": 0,
        "cooling_regulation_level": 0,
        "duct_pressure": 0,
        "voc_level": 0,
        "rhx_operation_level": 8400,
        "rhx_efficiency": 0,
        "rhx_defrost_pressure_level": 0,
        "heat_exchanger_regulator_lvl": 0,
        "room_temp_set_point": 16,
        "min_temperature_set_point": 0,
        "max_temperature_set_point": 0
    },
    {
        "timestamp": "2025-02-15T09:40:01.299532",
        "co2": 408,
        "co2_sensor_data": 0,
        "outdoor_temperature": 5984,
        "supply_air_flow_pressure": 0,
        "supply_air_flow": 15,
        "ahu_filter_pressure_level": 2870,
        "fan_levels": 10000,
        "reheat_regulation_level": 0,
        "cooling_regulation_level": 0,
        "duct_pressure": 0,
        "voc_level": 0,
        "rhx_operation_level": 8411,
        "rhx_efficiency": 0,
        "rhx_defrost_pressure_level": 0,
        "heat_exchanger_regulator_lvl": 0,
        "room_temp_set_point": 16,
        "min_temperature_set_point": 0,
        "max_temperature_set_point": 0
    },
    {
        "timestamp": "2025-02-15T09:50:01.409763",
        "co2": 408,
        "co2_sensor_data": 0,
        "outdoor_temperature": 5984,
        "supply_air_flow_pressure": 0,
        "supply_air_flow": 15,
        "ahu_filter_pressure_level": 2197,
        "fan_levels": 10000,
        "reheat_regulation_level": 0,
        "cooling_regulation_level": 0,
        "duct_pressure": 0,
        "voc_level": 0,
        "rhx_operation_level": 8389,
        "rhx_efficiency": 0,
        "rhx_defrost_pressure_level": 0,
        "heat_exchanger_regulator_lvl": 0,
        "room_temp_set_point": 16,
        "min_temperature_set_point": 0,
        "max_temperature_set_point": 0
    },
    {
        "timestamp": "2025-02-15T10:00:01.488679",
        "co2": 408,
        "co2_sensor_data": 0,
        "outdoor_temperature": 5984,
        "supply_air_flow_pressure": 0,
        "supply_air_flow": 11,
        "ahu_filter_pressure_level": 3636,
        "fan_levels": 10000,
        "reheat_regulation_level": 0,
        "cooling_regulation_level": 0,
        "duct_pressure": 0,
        "voc_level": 0,
        "rhx_operation_level": 8388,
        "rhx_efficiency": 0,
        "rhx_defrost_pressure_level": 0,
        "heat_exchanger_regulator_lvl": 0,
        "room_temp_set_point": 16,
        "min_temperature_set_point": 0,
        "max_temperature_set_point": 0
    },
    {
        "timestamp": "2025-02-15T10:10:01.522153",
        "co2": 406,
        "co2_sensor_data": 0,
        "outdoor_temperature": 5984,
        "supply_air_flow_pressure": 0,
        "supply_air_flow": 13,
        "ahu_filter_pressure_level": 2259,
        "fan_levels": 10000,
        "reheat_regulation_level": 0,
        "cooling_regulation_level": 0,
        "duct_pressure": 0,
        "voc_level": 0,
        "rhx_operation_level": 8339,
        "rhx_efficiency": 0,
        "rhx_defrost_pressure_level": 0,
        "heat_exchanger_regulator_lvl": 0,
        "room_temp_set_point": 16,
        "min_temperature_set_point": 0,
        "max_temperature_set_point": 0
    },
    {
        "timestamp": "2025-02-15T10:20:01.593397",
        "co2": 412,
        "co2_sensor_data": 0,
        "outdoor_temperature": 5984,
        "supply_air_flow_pressure": 0,
        "supply_air_flow": 13,
        "ahu_filter_pressure_level": 2474,
        "fan_levels": 9637,
        "reheat_regulation_level": 0,
        "cooling_regulation_level": 0,
        "duct_pressure": 0,
        "voc_level": 0,
        "rhx_operation_level": 8402,
        "rhx_efficiency": 0,
        "rhx_defrost_pressure_level": 0,
        "heat_exchanger_regulator_lvl": 0,
        "room_temp_set_point": 16,
        "min_temperature_set_point": 0,
        "max_temperature_set_point": 0
    },
    {
        "timestamp": "2025-02-15T10:30:01.603793",
        "co2": 412,
        "co2_sensor_data": 0,
        "outdoor_temperature": 5984,
        "supply_air_flow_pressure": 0,
        "supply_air_flow": 10,
        "ahu_filter_pressure_level": 2993,
        "fan_levels": 10000,
        "reheat_regulation_level": 0,
        "cooling_regulation_level": 0,
        "duct_pressure": 0,
        "voc_level": 0,
        "rhx_operation_level": 8402,
        "rhx_efficiency": 0,
        "rhx_defrost_pressure_level": 0,
        "heat_exchanger_regulator_lvl": 0,
        "room_temp_set_point": 16,
        "min_temperature_set_point": 0,
        "max_temperature_set_point": 0
    },
    {
        "timestamp": "2025-02-15T10:40:01.581081",
        "co2": 408,
        "co2_sensor_data": 0,
        "outdoor_temperature": 5984,
        "supply_air_flow_pressure": 0,
        "supply_air_flow": 11,
        "ahu_filter_pressure_level": 1987,
        "fan_levels": 10000,
        "reheat_regulation_level": 0,
        "cooling_regulation_level": 0,
        "duct_pressure": 0,
        "voc_level": 0,
        "rhx_operation_level": 8422,
        "rhx_efficiency": 0,
        "rhx_defrost_pressure_level": 0,
        "heat_exchanger_regulator_lvl": 0,
        "room_temp_set_point": 16,
        "min_temperature_set_point": 0,
        "max_temperature_set_point": 0
    },
    {
        "timestamp": "2025-02-15T10:50:01.639846",
        "co2": 411,
        "co2_sensor_data": 0,
        "outdoor_temperature": 5984,
        "supply_air_flow_pressure": 0,
        "supply_air_flow": 13,
        "ahu_filter_pressure_level": 3687,
        "fan_levels": 4347,
        "reheat_regulation_level": 0,
        "cooling_regulation_level": 0,
        "duct_pressure": 0,
        "voc_level": 0,
        "rhx_operation_level": 8347,
        "rhx_efficiency": 0,
        "rhx_defrost_pressure_level": 0,
        "heat_exchanger_regulator_lvl": 0,
        "room_temp_set_point": 16,
        "min_temperature_set_point": 0,
        "max_temperature_set_point": 0
    },
    {
        "timestamp": "2025-02-15T11:00:01.745031",
        "co2": 409,
        "co2_sensor_data": 0,
        "outdoor_temperature": 5984,
        "supply_air_flow_pressure": 0,
        "supply_air_flow": 14,
        "ahu_filter_pressure_level": 2559,
        "fan_levels": 10000,
        "reheat_regulation_level": 0,
        "cooling_regulation_level": 0,
        "duct_pressure": 0,
        "voc_level": 0,
        "rhx_operation_level": 8400,
        "rhx_efficiency": 0,
        "rhx_defrost_pressure_level": 0,
        "heat_exchanger_regulator_lvl": 0,
        "room_temp_set_point": 16,
        "min_temperature_set_point": 0,
        "max_temperature_set_point": 0
    },
    {
        "timestamp": "2025-02-15T11:10:01.916112",
        "co2": 406,
        "co2_sensor_data": 0,
        "outdoor_temperature": 5984,
        "supply_air_flow_pressure": 0,
        "supply_air_flow": 13,
        "ahu_filter_pressure_level": 2211,
        "fan_levels": 10000,
        "reheat_regulation_level": 0,
        "cooling_regulation_level": 0,
        "duct_pressure": 0,
        "voc_level": 0,
        "rhx_operation_level": 8397,
        "rhx_efficiency": 0,
        "rhx_defrost_pressure_level": 0,
        "heat_exchanger_regulator_lvl": 0,
        "room_temp_set_point": 16,
        "min_temperature_set_point": 0,
        "max_temperature_set_point": 0
    },
    {
        "timestamp": "2025-02-15T11:20:02.013821",
        "co2": 410,
        "co2_sensor_data": 0,
        "outdoor_temperature": 5984,
        "supply_air_flow_pressure": 0,
        "supply_air_flow": 14,
        "ahu_filter_pressure_level": 3476,
        "fan_levels": 10000,
        "reheat_regulation_level": 0,
        "cooling_regulation_level": 0,
        "duct_pressure": 0,
        "voc_level": 0,
        "rhx_operation_level": 8338,
        "rhx_efficiency": 0,
        "rhx_defrost_pressure_level": 0,
        "heat_exchanger_regulator_lvl": 0,
        "room_temp_set_point": 16,
        "min_temperature_set_point": 0,
        "max_temperature_set_point": 0
    },
    {
        "timestamp": "2025-02-15T11:30:02.091868",
        "co2": 410,
        "co2_sensor_data": 0,
        "outdoor_temperature": 5984,
        "supply_air_flow_pressure": 0,
        "supply_air_flow": 15,
        "ahu_filter_pressure_level": 1921,
        "fan_levels": 10000,
        "reheat_regulation_level": 0,
        "cooling_regulation_level": 0,
        "duct_pressure": 0,
        "voc_level": 0,
        "rhx_operation_level": 8379,
        "rhx_efficiency": 0,
        "rhx_defrost_pressure_level": 0,
        "heat_exchanger_regulator_lvl": 0,
        "room_temp_set_point": 16,
        "min_temperature_set_point": 0,
        "max_temperature_set_point": 0
    },
    {
        "timestamp": "2025-02-15T11:40:02.138424",
        "co2": 409,
        "co2_sensor_data": 0,
        "outdoor_temperature": 5984,
        "supply_air_flow_pressure": 0,
        "supply_air_flow": 13,
        "ahu_filter_pressure_level": 2564,
        "fan_levels": 7983,
        "reheat_regulation_level": 0,
        "cooling_regulation_level": 0,
        "duct_pressure": 0,
        "voc_level": 0,
        "rhx_operation_level": 8400,
        "rhx_efficiency": 0,
        "rhx_defrost_pressure_level": 0,
        "heat_exchanger_regulator_lvl": 0,
        "room_temp_set_point": 16,
        "min_temperature_set_point": 0,
        "max_temperature_set_point": 0
    },
    {
        "timestamp": "2025-02-15T11:50:01.292926",
        "co2": 408,
        "co2_sensor_data": 0,
        "outdoor_temperature": 5984,
        "supply_air_flow_pressure": 0,
        "supply_air_flow": 13,
        "ahu_filter_pressure_level": 2511,
        "fan_levels": 10000,
        "reheat_regulation_level": 0,
        "cooling_regulation_level": 0,
        "duct_pressure": 0,
        "voc_level": 0,
        "rhx_operation_level": 8397,
        "rhx_efficiency": 0,
        "rhx_defrost_pressure_level": 0,
        "heat_exchanger_regulator_lvl": 0,
        "room_temp_set_point": 16,
        "min_temperature_set_point": 0,
        "max_temperature_set_point": 0
    },
    {
        "timestamp": "2025-02-15T12:00:01.401165",
        "co2": 404,
        "co2_sensor_data": 0,
        "outdoor_temperature": 5984,
        "supply_air_flow_pressure": 0,
        "supply_air_flow": 14,
        "ahu_filter_pressure_level": 1646,
        "fan_levels": 9887,
        "reheat_regulation_level": 0,
        "cooling_regulation_level": 0,
        "duct_pressure": 0,
        "voc_level": 0,
        "rhx_operation_level": 8399,
        "rhx_efficiency": 0,
        "rhx_defrost_pressure_level": 0,
        "heat_exchanger_regulator_lvl": 0,
        "room_temp_set_point": 16,
        "min_temperature_set_point": 0,
        "max_temperature_set_point": 0
    },
    {
        "timestamp": "2025-02-15T12:10:01.561729",
        "co2": 409,
        "co2_sensor_data": 0,
        "outdoor_temperature": 5984,
        "supply_air_flow_pressure": 0,
        "supply_air_flow": 11,
        "ahu_filter_pressure_level": 2933,
        "fan_levels": 10000,
        "reheat_regulation_level": 0,
        "cooling_regulation_level": 0,
        "duct_pressure": 0,
        "voc_level": 0,
        "rhx_operation_level": 8412,
        "rhx_efficiency": 0,
        "rhx_defrost_pressure_level": 0,
        "heat_exchanger_regulator_lvl": 0,
        "room_temp_set_point": 16,
        "min_temperature_set_point": 0,
        "max_temperature_set_point": 0
    },
    {
        "timestamp": "2025-02-15T12:20:01.532883",
        "co2": 410,
        "co2_sensor_data": 0,
        "outdoor_temperature": 5984,
        "supply_air_flow_pressure": 0,
        "supply_air_flow": 14,
        "ahu_filter_pressure_level": 1180,
        "fan_levels": 10000,
        "reheat_regulation_level": 0,
        "cooling_regulation_level": 0,
        "duct_pressure": 0,
        "voc_level": 0,
        "rhx_operation_level": 8400,
        "rhx_efficiency": 0,
        "rhx_defrost_pressure_level": 0,
        "heat_exchanger_regulator_lvl": 0,
        "room_temp_set_point": 16,
        "min_temperature_set_point": 0,
        "max_temperature_set_point": 0
    },
    {
        "timestamp": "2025-02-15T12:30:01.570446",
        "co2": 406,
        "co2_sensor_data": 0,
        "outdoor_temperature": 5984,
        "supply_air_flow_pressure": 0,
        "supply_air_flow": 12,
        "ahu_filter_pressure_level": 3430,
        "fan_levels": 10000,
        "reheat_regulation_level": 0,
        "cooling_regulation_level": 0,
        "duct_pressure": 0,
        "voc_level": 0,
        "rhx_operation_level": 8401,
        "rhx_efficiency": 0,
        "rhx_defrost_pressure_level": 0,
        "heat_exchanger_regulator_lvl": 0,
        "room_temp_set_point": 16,
        "min_temperature_set_point": 0,
        "max_temperature_set_point": 0
    },
    {
        "timestamp": "2025-02-15T12:40:01.641398",
        "co2": 407,
        "co2_sensor_data": 0,
        "outdoor_temperature": 5984,
        "supply_air_flow_pressure": 0,
        "supply_air_flow": 13,
        "ahu_filter_pressure_level": 1546,
        "fan_levels": 10000,
        "reheat_regulation_level": 0,
        "cooling_regulation_level": 0,
        "duct_pressure": 0,
        "voc_level": 0,
        "rhx_operation_level": 8388,
        "rhx_efficiency": 0,
        "rhx_defrost_pressure_level": 0,
        "heat_exchanger_regulator_lvl": 0,
        "room_temp_set_point": 16,
        "min_temperature_set_point": 0,
        "max_temperature_set_point": 0
    },
    {
        "timestamp": "2025-02-15T12:50:01.840564",
        "co2": 404,
        "co2_sensor_data": 0,
        "outdoor_temperature": 5984,
        "supply_air_flow_pressure": 0,
        "supply_air_flow": 12,
        "ahu_filter_pressure_level": 3666,
        "fan_levels": 3265,
        "reheat_regulation_level": 0,
        "cooling_regulation_level": 0,
        "duct_pressure": 0,
        "voc_level": 0,
        "rhx_operation_level": 8400,
        "rhx_efficiency": 0,
        "rhx_defrost_pressure_level": 0,
        "heat_exchanger_regulator_lvl": 0,
        "room_temp_set_point": 16,
        "min_temperature_set_point": 0,
        "max_temperature_set_point": 0
    },
    {
        "timestamp": "2025-02-15T13:00:01.753679",
        "co2": 406,
        "co2_sensor_data": 0,
        "outdoor_temperature": 5984,
        "supply_air_flow_pressure": 0,
        "supply_air_flow": 14,
        "ahu_filter_pressure_level": 1509,
        "fan_levels": 10000,
        "reheat_regulation_level": 0,
        "cooling_regulation_level": 0,
        "duct_pressure": 0,
        "voc_level": 0,
        "rhx_operation_level": 8400,
        "rhx_efficiency": 0,
        "rhx_defrost_pressure_level": 0,
        "heat_exchanger_regulator_lvl": 0,
        "room_temp_set_point": 16,
        "min_temperature_set_point": 0,
        "max_temperature_set_point": 0
    },
    {
        "timestamp": "2025-02-15T13:10:01.921507",
        "co2": 415,
        "co2_sensor_data": 0,
        "outdoor_temperature": 5984,
        "supply_air_flow_pressure": 0,
        "supply_air_flow": 15,
        "ahu_filter_pressure_level": 3741,
        "fan_levels": 2290,
        "reheat_regulation_level": 0,
        "cooling_regulation_level": 0,
        "duct_pressure": 0,
        "voc_level": 0,
        "rhx_operation_level": 8394,
        "rhx_efficiency": 0,
        "rhx_defrost_pressure_level": 0,
        "heat_exchanger_regulator_lvl": 0,
        "room_temp_set_point": 16,
        "min_temperature_set_point": 0,
        "max_temperature_set_point": 0
    },
    {
        "timestamp": "2025-02-15T13:20:02.012104",
        "co2": 402,
        "co2_sensor_data": 0,
        "outdoor_temperature": 5984,
        "supply_air_flow_pressure": 0,
        "supply_air_flow": 15,
        "ahu_filter_pressure_level": 1956,
        "fan_levels": 5145,
        "reheat_regulation_level": 0,
        "cooling_regulation_level": 0,
        "duct_pressure": 0,
        "voc_level": 0,
        "rhx_operation_level": 8350,
        "rhx_efficiency": 0,
        "rhx_defrost_pressure_level": 0,
        "heat_exchanger_regulator_lvl": 0,
        "room_temp_set_point": 16,
        "min_temperature_set_point": 0,
        "max_temperature_set_point": 0
    },
    {
        "timestamp": "2025-02-15T13:30:01.189898",
        "co2": 406,
        "co2_sensor_data": 0,
        "outdoor_temperature": 5984,
        "supply_air_flow_pressure": 0,
        "supply_air_flow": 14,
        "ahu_filter_pressure_level": 2225,
        "fan_levels": 10000,
        "reheat_regulation_level": 0,
        "cooling_regulation_level": 0,
        "duct_pressure": 0,
        "voc_level": 0,
        "rhx_operation_level": 8317,
        "rhx_efficiency": 0,
        "rhx_defrost_pressure_level": 0,
        "heat_exchanger_regulator_lvl": 0,
        "room_temp_set_point": 16,
        "min_temperature_set_point": 0,
        "max_temperature_set_point": 0
    },
    {
        "timestamp": "2025-02-15T13:40:01.201010",
        "co2": 404,
        "co2_sensor_data": 0,
        "outdoor_temperature": 5984,
        "supply_air_flow_pressure": 0,
        "supply_air_flow": 15,
        "ahu_filter_pressure_level": 2293,
        "fan_levels": 3742,
        "reheat_regulation_level": 0,
        "cooling_regulation_level": 0,
        "duct_pressure": 0,
        "voc_level": 0,
        "rhx_operation_level": 8400,
        "rhx_efficiency": 0,
        "rhx_defrost_pressure_level": 0,
        "heat_exchanger_regulator_lvl": 0,
        "room_temp_set_point": 16,
        "min_temperature_set_point": 0,
        "max_temperature_set_point": 0
    },
    {
        "timestamp": "2025-02-15T13:50:01.197678",
        "co2": 411,
        "co2_sensor_data": 0,
        "outdoor_temperature": 5984,
        "supply_air_flow_pressure": 0,
        "supply_air_flow": 12,
        "ahu_filter_pressure_level": 1052,
        "fan_levels": 10000,
        "reheat_regulation_level": 0,
        "cooling_regulation_level": 0,
        "duct_pressure": 0,
        "voc_level": 0,
        "rhx_operation_level": 8398,
        "rhx_efficiency": 0,
        "rhx_defrost_pressure_level": 0,
        "heat_exchanger_regulator_lvl": 0,
        "room_temp_set_point": 16,
        "min_temperature_set_point": 0,
        "max_temperature_set_point": 0
    },
    {
        "timestamp": "2025-02-15T14:00:02.122420",
        "co2": 408,
        "co2_sensor_data": 0,
        "outdoor_temperature": 5984,
        "supply_air_flow_pressure": 0,
        "supply_air_flow": 12,
        "ahu_filter_pressure_level": 3319,
        "fan_levels": 10000,
        "reheat_regulation_level": 0,
        "cooling_regulation_level": 0,
        "duct_pressure": 0,
        "voc_level": 0,
        "rhx_operation_level": 8355,
        "rhx_efficiency": 0,
        "rhx_defrost_pressure_level": 0,
        "heat_exchanger_regulator_lvl": 0,
        "room_temp_set_point": 16,
        "min_temperature_set_point": 0,
        "max_temperature_set_point": 0
    },
    {
        "timestamp": "2025-02-15T14:10:01.290543",
        "co2": 402,
        "co2_sensor_data": 0,
        "outdoor_temperature": 5984,
        "supply_air_flow_pressure": 0,
        "supply_air_flow": 12,
        "ahu_filter_pressure_level": 1973,
        "fan_levels": 5530,
        "reheat_regulation_level": 0,
        "cooling_regulation_level": 0,
        "duct_pressure": 0,
        "voc_level": 0,
        "rhx_operation_level": 8402,
        "rhx_efficiency": 0,
        "rhx_defrost_pressure_level": 0,
        "heat_exchanger_regulator_lvl": 0,
        "room_temp_set_point": 16,
        "min_temperature_set_point": 0,
        "max_temperature_set_point": 0
    },
    {
        "timestamp": "2025-02-15T14:20:01.423127",
        "co2": 411,
        "co2_sensor_data": 0,
        "outdoor_temperature": 5984,
        "supply_air_flow_pressure": 0,
        "supply_air_flow": 14,
        "ahu_filter_pressure_level": 2557,
        "fan_levels": 10000,
        "reheat_regulation_level": 0,
        "cooling_regulation_level": 0,
        "duct_pressure": 0,
        "voc_level": 0,
        "rhx_operation_level": 8398,
        "rhx_efficiency": 0,
        "rhx_defrost_pressure_level": 0,
        "heat_exchanger_regulator_lvl": 0,
        "room_temp_set_point": 16,
        "min_temperature_set_point": 0,
        "max_temperature_set_point": 0
    },
    {
        "timestamp": "2025-02-15T14:30:01.533346",
        "co2": 402,
        "co2_sensor_data": 0,
        "outdoor_temperature": 5984,
        "supply_air_flow_pressure": 0,
        "supply_air_flow": 14,
        "ahu_filter_pressure_level": 2137,
        "fan_levels": 4451,
        "reheat_regulation_level": 0,
        "cooling_regulation_level": 0,
        "duct_pressure": 0,
        "voc_level": 0,
        "rhx_operation_level": 8403,
        "rhx_efficiency": 0,
        "rhx_defrost_pressure_level": 0,
        "heat_exchanger_regulator_lvl": 0,
        "room_temp_set_point": 16,
        "min_temperature_set_point": 0,
        "max_temperature_set_point": 0
    },
    {
        "timestamp": "2025-02-15T14:40:01.676633",
        "co2": 401,
        "co2_sensor_data": 0,
        "outdoor_temperature": 5984,
        "supply_air_flow_pressure": 0,
        "supply_air_flow": 13,
        "ahu_filter_pressure_level": 1507,
        "fan_levels": 10000,
        "reheat_regulation_level": 0,
        "cooling_regulation_level": 0,
        "duct_pressure": 0,
        "voc_level": 0,
        "rhx_operation_level": 8413,
        "rhx_efficiency": 0,
        "rhx_defrost_pressure_level": 0,
        "heat_exchanger_regulator_lvl": 0,
        "room_temp_set_point": 16,
        "min_temperature_set_point": 0,
        "max_temperature_set_point": 0
    },
    {
        "timestamp": "2025-02-15T14:50:01.791784",
        "co2": 406,
        "co2_sensor_data": 0,
        "outdoor_temperature": 5984,
        "supply_air_flow_pressure": 0,
        "supply_air_flow": 14,
        "ahu_filter_pressure_level": 3570,
        "fan_levels": 3069,
        "reheat_regulation_level": 0,
        "cooling_regulation_level": 0,
        "duct_pressure": 0,
        "voc_level": 0,
        "rhx_operation_level": 8357,
        "rhx_efficiency": 0,
        "rhx_defrost_pressure_level": 0,
        "heat_exchanger_regulator_lvl": 0,
        "room_temp_set_point": 16,
        "min_temperature_set_point": 0,
        "max_temperature_set_point": 0
    },
    {
        "timestamp": "2025-02-15T15:00:01.943775",
        "co2": 404,
        "co2_sensor_data": 0,
        "outdoor_temperature": 5984,
        "supply_air_flow_pressure": 0,
        "supply_air_flow": 14,
        "ahu_filter_pressure_level": 1943,
        "fan_levels": 4789,
        "reheat_regulation_level": 0,
        "cooling_regulation_level": 0,
        "duct_pressure": 0,
        "voc_level": 0,
        "rhx_operation_level": 8399,
        "rhx_efficiency": 0,
        "rhx_defrost_pressure_level": 0,
        "heat_exchanger_regulator_lvl": 0,
        "room_temp_set_point": 16,
        "min_temperature_set_point": 0,
        "max_temperature_set_point": 0
    },
    {
        "timestamp": "2025-02-15T15:10:01.945021",
        "co2": 403,
        "co2_sensor_data": 0,
        "outdoor_temperature": 5984,
        "supply_air_flow_pressure": 0,
        "supply_air_flow": 14,
        "ahu_filter_pressure_level": 1663,
        "fan_levels": 10000,
        "reheat_regulation_level": 0,
        "cooling_regulation_level": 0,
        "duct_pressure": 0,
        "voc_level": 0,
        "rhx_operation_level": 8404,
        "rhx_efficiency": 0,
        "rhx_defrost_pressure_level": 0,
        "heat_exchanger_regulator_lvl": 0,
        "room_temp_set_point": 16,
        "min_temperature_set_point": 0,
        "max_temperature_set_point": 0
    },
    {
        "timestamp": "2025-02-15T15:20:02.159032",
        "co2": 399,
        "co2_sensor_data": 0,
        "outdoor_temperature": 5984,
        "supply_air_flow_pressure": 0,
        "supply_air_flow": 14,
        "ahu_filter_pressure_level": 2846,
        "fan_levels": 1352,
        "reheat_regulation_level": 0,
        "cooling_regulation_level": 0,
        "duct_pressure": 0,
        "voc_level": 0,
        "rhx_operation_level": 8401,
        "rhx_efficiency": 0,
        "rhx_defrost_pressure_level": 0,
        "heat_exchanger_regulator_lvl": 0,
        "room_temp_set_point": 16,
        "min_temperature_set_point": 0,
        "max_temperature_set_point": 0
    },
    {
        "timestamp": "2025-02-15T15:30:01.191954",
        "co2": 407,
        "co2_sensor_data": 0,
        "outdoor_temperature": 5984,
        "supply_air_flow_pressure": 0,
        "supply_air_flow": 14,
        "ahu_filter_pressure_level": 1937,
        "fan_levels": 2810,
        "reheat_regulation_level": 0,
        "cooling_regulation_level": 0,
        "duct_pressure": 0,
        "voc_level": 0,
        "rhx_operation_level": 8399,
        "rhx_efficiency": 0,
        "rhx_defrost_pressure_level": 0,
        "heat_exchanger_regulator_lvl": 0,
        "room_temp_set_point": 16,
        "min_temperature_set_point": 0,
        "max_temperature_set_point": 0
    },
    {
        "timestamp": "2025-02-15T15:40:01.508247",
        "co2": 397,
        "co2_sensor_data": 0,
        "outdoor_temperature": 5984,
        "supply_air_flow_pressure": 0,
        "supply_air_flow": 15,
        "ahu_filter_pressure_level": 1856,
        "fan_levels": 4449,
        "reheat_regulation_level": 0,
        "cooling_regulation_level": 0,
        "duct_pressure": 0,
        "voc_level": 0,
        "rhx_operation_level": 8401,
        "rhx_efficiency": 0,
        "rhx_defrost_pressure_level": 0,
        "heat_exchanger_regulator_lvl": 0,
        "room_temp_set_point": 16,
        "min_temperature_set_point": 0,
        "max_temperature_set_point": 0
    },
    {
        "timestamp": "2025-02-15T15:50:01.668188",
        "co2": 406,
        "co2_sensor_data": 0,
        "outdoor_temperature": 5984,
        "supply_air_flow_pressure": 0,
        "supply_air_flow": 15,
        "ahu_filter_pressure_level": 1514,
        "fan_levels": 10000,
        "reheat_regulation_level": 0,
        "cooling_regulation_level": 0,
        "duct_pressure": 0,
        "voc_level": 0,
        "rhx_operation_level": 8400,
        "rhx_efficiency": 0,
        "rhx_defrost_pressure_level": 0,
        "heat_exchanger_regulator_lvl": 0,
        "room_temp_set_point": 16,
        "min_temperature_set_point": 0,
        "max_temperature_set_point": 0
    },
    {
        "timestamp": "2025-02-15T16:00:01.724545",
        "co2": 407,
        "co2_sensor_data": 0,
        "outdoor_temperature": 5984,
        "supply_air_flow_pressure": 0,
        "supply_air_flow": 13,
        "ahu_filter_pressure_level": 3410,
        "fan_levels": 5186,
        "reheat_regulation_level": 0,
        "cooling_regulation_level": 0,
        "duct_pressure": 0,
        "voc_level": 0,
        "rhx_operation_level": 8396,
        "rhx_efficiency": 0,
        "rhx_defrost_pressure_level": 0,
        "heat_exchanger_regulator_lvl": 0,
        "room_temp_set_point": 16,
        "min_temperature_set_point": 0,
        "max_temperature_set_point": 0
    },
    {
        "timestamp": "2025-02-15T16:10:01.953444",
        "co2": 401,
        "co2_sensor_data": 0,
        "outdoor_temperature": 5984,
        "supply_air_flow_pressure": 0,
        "supply_air_flow": 15,
        "ahu_filter_pressure_level": 1656,
        "fan_levels": 10000,
        "reheat_regulation_level": 0,
        "cooling_regulation_level": 0,
        "duct_pressure": 0,
        "voc_level": 0,
        "rhx_operation_level": 8402,
        "rhx_efficiency": 0,
        "rhx_defrost_pressure_level": 0,
        "heat_exchanger_regulator_lvl": 0,
        "room_temp_set_point": 16,
        "min_temperature_set_point": 0,
        "max_temperature_set_point": 0
    },
    {
        "timestamp": "2025-02-15T16:20:01.915950",
        "co2": 406,
        "co2_sensor_data": 0,
        "outdoor_temperature": 5984,
        "supply_air_flow_pressure": 0,
        "supply_air_flow": 14,
        "ahu_filter_pressure_level": 2801,
        "fan_levels": 6449,
        "reheat_regulation_level": 0,
        "cooling_regulation_level": 0,
        "duct_pressure": 0,
        "voc_level": 0,
        "rhx_operation_level": 8400,
        "rhx_efficiency": 0,
        "rhx_defrost_pressure_level": 0,
        "heat_exchanger_regulator_lvl": 0,
        "room_temp_set_point": 16,
        "min_temperature_set_point": 0,
        "max_temperature_set_point": 0
    },
    {
        "timestamp": "2025-02-15T16:30:01.928527",
        "co2": 401,
        "co2_sensor_data": 0,
        "outdoor_temperature": 5984,
        "supply_air_flow_pressure": 0,
        "supply_air_flow": 15,
        "ahu_filter_pressure_level": 1219,
        "fan_levels": 10000,
        "reheat_regulation_level": 0,
        "cooling_regulation_level": 0,
        "duct_pressure": 0,
        "voc_level": 0,
        "rhx_operation_level": 8399,
        "rhx_efficiency": 0,
        "rhx_defrost_pressure_level": 0,
        "heat_exchanger_regulator_lvl": 0,
        "room_temp_set_point": 16,
        "min_temperature_set_point": 0,
        "max_temperature_set_point": 0
    },
    {
        "timestamp": "2025-02-15T16:40:02.057589",
        "co2": 400,
        "co2_sensor_data": 0,
        "outdoor_temperature": 5984,
        "supply_air_flow_pressure": 0,
        "supply_air_flow": 14,
        "ahu_filter_pressure_level": 2855,
        "fan_levels": 7682,
        "reheat_regulation_level": 0,
        "cooling_regulation_level": 0,
        "duct_pressure": 0,
        "voc_level": 0,
        "rhx_operation_level": 8399,
        "rhx_efficiency": 0,
        "rhx_defrost_pressure_level": 0,
        "heat_exchanger_regulator_lvl": 0,
        "room_temp_set_point": 16,
        "min_temperature_set_point": 0,
        "max_temperature_set_point": 0
    },
    {
        "timestamp": "2025-02-15T16:50:02.105584",
        "co2": 401,
        "co2_sensor_data": 0,
        "outdoor_temperature": 5984,
        "supply_air_flow_pressure": 0,
        "supply_air_flow": 15,
        "ahu_filter_pressure_level": 2624,
        "fan_levels": 10000,
        "reheat_regulation_level": 0,
        "cooling_regulation_level": 0,
        "duct_pressure": 0,
        "voc_level": 0,
        "rhx_operation_level": 8400,
        "rhx_efficiency": 0,
        "rhx_defrost_pressure_level": 0,
        "heat_exchanger_regulator_lvl": 0,
        "room_temp_set_point": 16,
        "min_temperature_set_point": 0,
        "max_temperature_set_point": 0
    },
    {
        "timestamp": "2025-02-15T17:00:01.256803",
        "co2": 405,
        "co2_sensor_data": 0,
        "outdoor_temperature": 5984,
        "supply_air_flow_pressure": 0,
        "supply_air_flow": 15,
        "ahu_filter_pressure_level": 2197,
        "fan_levels": 10000,
        "reheat_regulation_level": 0,
        "cooling_regulation_level": 0,
        "duct_pressure": 0,
        "voc_level": 0,
        "rhx_operation_level": 8397,
        "rhx_efficiency": 0,
        "rhx_defrost_pressure_level": 0,
        "heat_exchanger_regulator_lvl": 0,
        "room_temp_set_point": 16,
        "min_temperature_set_point": 0,
        "max_temperature_set_point": 0
    },
    {
        "timestamp": "2025-02-15T17:10:01.355546",
        "co2": 413,
        "co2_sensor_data": 0,
        "outdoor_temperature": 5984,
        "supply_air_flow_pressure": 0,
        "supply_air_flow": 14,
        "ahu_filter_pressure_level": 3458,
        "fan_levels": 10000,
        "reheat_regulation_level": 0,
        "cooling_regulation_level": 0,
        "duct_pressure": 0,
        "voc_level": 0,
        "rhx_operation_level": 8400,
        "rhx_efficiency": 0,
        "rhx_defrost_pressure_level": 0,
        "heat_exchanger_regulator_lvl": 0,
        "room_temp_set_point": 16,
        "min_temperature_set_point": 0,
        "max_temperature_set_point": 0
    },
    {
        "timestamp": "2025-02-15T17:20:01.433080",
        "co2": 414,
        "co2_sensor_data": 0,
        "outdoor_temperature": 5984,
        "supply_air_flow_pressure": 0,
        "supply_air_flow": 15,
        "ahu_filter_pressure_level": 2401,
        "fan_levels": 10000,
        "reheat_regulation_level": 0,
        "cooling_regulation_level": 0,
        "duct_pressure": 0,
        "voc_level": 0,
        "rhx_operation_level": 8401,
        "rhx_efficiency": 0,
        "rhx_defrost_pressure_level": 0,
        "heat_exchanger_regulator_lvl": 0,
        "room_temp_set_point": 16,
        "min_temperature_set_point": 0,
        "max_temperature_set_point": 0
    },
    {
        "timestamp": "2025-02-15T17:30:01.645040",
        "co2": 415,
        "co2_sensor_data": 0,
        "outdoor_temperature": 5984,
        "supply_air_flow_pressure": 0,
        "supply_air_flow": 14,
        "ahu_filter_pressure_level": 2431,
        "fan_levels": 10000,
        "reheat_regulation_level": 0,
        "cooling_regulation_level": 0,
        "duct_pressure": 0,
        "voc_level": 0,
        "rhx_operation_level": 8400,
        "rhx_efficiency": 0,
        "rhx_defrost_pressure_level": 0,
        "heat_exchanger_regulator_lvl": 0,
        "room_temp_set_point": 16,
        "min_temperature_set_point": 0,
        "max_temperature_set_point": 0
    },
    {
        "timestamp": "2025-02-15T17:40:01.641712",
        "co2": 415,
        "co2_sensor_data": 0,
        "outdoor_temperature": 5984,
        "supply_air_flow_pressure": 0,
        "supply_air_flow": 14,
        "ahu_filter_pressure_level": 3395,
        "fan_levels": 8422,
        "reheat_regulation_level": 0,
        "cooling_regulation_level": 0,
        "duct_pressure": 0,
        "voc_level": 0,
        "rhx_operation_level": 8400,
        "rhx_efficiency": 0,
        "rhx_defrost_pressure_level": 0,
        "heat_exchanger_regulator_lvl": 0,
        "room_temp_set_point": 16,
        "min_temperature_set_point": 0,
        "max_temperature_set_point": 0
    },
    {
        "timestamp": "2025-02-15T17:50:01.757647",
        "co2": 414,
        "co2_sensor_data": 0,
        "outdoor_temperature": 5984,
        "supply_air_flow_pressure": 0,
        "supply_air_flow": 14,
        "ahu_filter_pressure_level": 3438,
        "fan_levels": 10000,
        "reheat_regulation_level": 0,
        "cooling_regulation_level": 0,
        "duct_pressure": 0,
        "voc_level": 0,
        "rhx_operation_level": 8400,
        "rhx_efficiency": 0,
        "rhx_defrost_pressure_level": 0,
        "heat_exchanger_regulator_lvl": 0,
        "room_temp_set_point": 16,
        "min_temperature_set_point": 0,
        "max_temperature_set_point": 0
    },
    {
        "timestamp": "2025-02-15T18:00:01.819576",
        "co2": 413,
        "co2_sensor_data": 0,
        "outdoor_temperature": 5984,
        "supply_air_flow_pressure": 0,
        "supply_air_flow": 14,
        "ahu_filter_pressure_level": 2973,
        "fan_levels": 10000,
        "reheat_regulation_level": 0,
        "cooling_regulation_level": 0,
        "duct_pressure": 0,
        "voc_level": 0,
        "rhx_operation_level": 8397,
        "rhx_efficiency": 0,
        "rhx_defrost_pressure_level": 0,
        "heat_exchanger_regulator_lvl": 0,
        "room_temp_set_point": 16,
        "min_temperature_set_point": 0,
        "max_temperature_set_point": 0
    },
    {
        "timestamp": "2025-02-15T18:10:02.013420",
        "co2": 419,
        "co2_sensor_data": 0,
        "outdoor_temperature": 5984,
        "supply_air_flow_pressure": 0,
        "supply_air_flow": 14,
        "ahu_filter_pressure_level": 2702,
        "fan_levels": 10000,
        "reheat_regulation_level": 0,
        "cooling_regulation_level": 0,
        "duct_pressure": 0,
        "voc_level": 0,
        "rhx_operation_level": 8397,
        "rhx_efficiency": 0,
        "rhx_defrost_pressure_level": 0,
        "heat_exchanger_regulator_lvl": 0,
        "room_temp_set_point": 16,
        "min_temperature_set_point": 0,
        "max_temperature_set_point": 0
    },
    {
        "timestamp": "2025-02-15T18:20:01.260939",
        "co2": 414,
        "co2_sensor_data": 0,
        "outdoor_temperature": 5984,
        "supply_air_flow_pressure": 0,
        "supply_air_flow": 14,
        "ahu_filter_pressure_level": 2343,
        "fan_levels": 10000,
        "reheat_regulation_level": 0,
        "cooling_regulation_level": 0,
        "duct_pressure": 0,
        "voc_level": 0,
        "rhx_operation_level": 8401,
        "rhx_efficiency": 0,
        "rhx_defrost_pressure_level": 0,
        "heat_exchanger_regulator_lvl": 0,
        "room_temp_set_point": 16,
        "min_temperature_set_point": 0,
        "max_temperature_set_point": 0
    },
    {
        "timestamp": "2025-02-15T18:30:01.394813",
        "co2": 416,
        "co2_sensor_data": 0,
        "outdoor_temperature": 5984,
        "supply_air_flow_pressure": 0,
        "supply_air_flow": 15,
        "ahu_filter_pressure_level": 3307,
        "fan_levels": 8883,
        "reheat_regulation_level": 0,
        "cooling_regulation_level": 0,
        "duct_pressure": 0,
        "voc_level": 0,
        "rhx_operation_level": 8399,
        "rhx_efficiency": 0,
        "rhx_defrost_pressure_level": 0,
        "heat_exchanger_regulator_lvl": 0,
        "room_temp_set_point": 16,
        "min_temperature_set_point": 0,
        "max_temperature_set_point": 0
    },
    {
        "timestamp": "2025-02-15T18:40:01.553606",
        "co2": 419,
        "co2_sensor_data": 0,
        "outdoor_temperature": 5984,
        "supply_air_flow_pressure": 0,
        "supply_air_flow": 14,
        "ahu_filter_pressure_level": 3419,
        "fan_levels": 10000,
        "reheat_regulation_level": 0,
        "cooling_regulation_level": 0,
        "duct_pressure": 0,
        "voc_level": 0,
        "rhx_operation_level": 8401,
        "rhx_efficiency": 0,
        "rhx_defrost_pressure_level": 0,
        "heat_exchanger_regulator_lvl": 0,
        "room_temp_set_point": 16,
        "min_temperature_set_point": 0,
        "max_temperature_set_point": 0
    },
    {
        "timestamp": "2025-02-15T18:50:01.671644",
        "co2": 419,
        "co2_sensor_data": 0,
        "outdoor_temperature": 5984,
        "supply_air_flow_pressure": 0,
        "supply_air_flow": 14,
        "ahu_filter_pressure_level": 2894,
        "fan_levels": 10000,
        "reheat_regulation_level": 0,
        "cooling_regulation_level": 0,
        "duct_pressure": 0,
        "voc_level": 0,
        "rhx_operation_level": 8396,
        "rhx_efficiency": 0,
        "rhx_defrost_pressure_level": 0,
        "heat_exchanger_regulator_lvl": 0,
        "room_temp_set_point": 16,
        "min_temperature_set_point": 0,
        "max_temperature_set_point": 0
    },
    {
        "timestamp": "2025-02-15T19:00:01.261985",
        "co2": 417,
        "co2_sensor_data": 0,
        "outdoor_temperature": 5984,
        "supply_air_flow_pressure": 0,
        "supply_air_flow": 14,
        "ahu_filter_pressure_level": 2585,
        "fan_levels": 10000,
        "reheat_regulation_level": 0,
        "cooling_regulation_level": 0,
        "duct_pressure": 0,
        "voc_level": 0,
        "rhx_operation_level": 8399,
        "rhx_efficiency": 0,
        "rhx_defrost_pressure_level": 0,
        "heat_exchanger_regulator_lvl": 0,
        "room_temp_set_point": 16,
        "min_temperature_set_point": 0,
        "max_temperature_set_point": 0
    },
    {
        "timestamp": "2025-02-15T19:10:01.796359",
        "co2": 420,
        "co2_sensor_data": 0,
        "outdoor_temperature": 5984,
        "supply_air_flow_pressure": 0,
        "supply_air_flow": 14,
        "ahu_filter_pressure_level": 2520,
        "fan_levels": 10000,
        "reheat_regulation_level": 0,
        "cooling_regulation_level": 0,
        "duct_pressure": 0,
        "voc_level": 0,
        "rhx_operation_level": 8398,
        "rhx_efficiency": 0,
        "rhx_defrost_pressure_level": 0,
        "heat_exchanger_regulator_lvl": 0,
        "room_temp_set_point": 16,
        "min_temperature_set_point": 0,
        "max_temperature_set_point": 0
    },
    {
        "timestamp": "2025-02-15T19:20:02.141331",
        "co2": 418,
        "co2_sensor_data": 0,
        "outdoor_temperature": 5984,
        "supply_air_flow_pressure": 0,
        "supply_air_flow": 14,
        "ahu_filter_pressure_level": 3722,
        "fan_levels": 6787,
        "reheat_regulation_level": 0,
        "cooling_regulation_level": 0,
        "duct_pressure": 0,
        "voc_level": 0,
        "rhx_operation_level": 8399,
        "rhx_efficiency": 0,
        "rhx_defrost_pressure_level": 0,
        "heat_exchanger_regulator_lvl": 0,
        "room_temp_set_point": 16,
        "min_temperature_set_point": 0,
        "max_temperature_set_point": 0
    },
    {
        "timestamp": "2025-02-15T19:30:01.353379",
        "co2": 425,
        "co2_sensor_data": 0,
        "outdoor_temperature": 5984,
        "supply_air_flow_pressure": 0,
        "supply_air_flow": 14,
        "ahu_filter_pressure_level": 3086,
        "fan_levels": 10000,
        "reheat_regulation_level": 0,
        "cooling_regulation_level": 0,
        "duct_pressure": 0,
        "voc_level": 0,
        "rhx_operation_level": 8399,
        "rhx_efficiency": 0,
        "rhx_defrost_pressure_level": 0,
        "heat_exchanger_regulator_lvl": 0,
        "room_temp_set_point": 16,
        "min_temperature_set_point": 0,
        "max_temperature_set_point": 0
    },
    {
        "timestamp": "2025-02-15T19:40:01.595985",
        "co2": 427,
        "co2_sensor_data": 0,
        "outdoor_temperature": 5984,
        "supply_air_flow_pressure": 0,
        "supply_air_flow": 14,
        "ahu_filter_pressure_level": 2711,
        "fan_levels": 10000,
        "reheat_regulation_level": 0,
        "cooling_regulation_level": 0,
        "duct_pressure": 0,
        "voc_level": 0,
        "rhx_operation_level": 8400,
        "rhx_efficiency": 0,
        "rhx_defrost_pressure_level": 0,
        "heat_exchanger_regulator_lvl": 0,
        "room_temp_set_point": 16,
        "min_temperature_set_point": 0,
        "max_temperature_set_point": 0
    },
    {
        "timestamp": "2025-02-15T19:50:01.751527",
        "co2": 431,
        "co2_sensor_data": 0,
        "outdoor_temperature": 5984,
        "supply_air_flow_pressure": 0,
        "supply_air_flow": 14,
        "ahu_filter_pressure_level": 2306,
        "fan_levels": 10000,
        "reheat_regulation_level": 0,
        "cooling_regulation_level": 0,
        "duct_pressure": 0,
        "voc_level": 0,
        "rhx_operation_level": 8403,
        "rhx_efficiency": 0,
        "rhx_defrost_pressure_level": 0,
        "heat_exchanger_regulator_lvl": 0,
        "room_temp_set_point": 16,
        "min_temperature_set_point": 0,
        "max_temperature_set_point": 0
    },
    {
        "timestamp": "2025-02-15T20:00:01.787732",
        "co2": 427,
        "co2_sensor_data": 0,
        "outdoor_temperature": 5984,
        "supply_air_flow_pressure": 0,
        "supply_air_flow": 14,
        "ahu_filter_pressure_level": 3031,
        "fan_levels": 10000,
        "reheat_regulation_level": 0,
        "cooling_regulation_level": 0,
        "duct_pressure": 0,
        "voc_level": 0,
        "rhx_operation_level": 8399,
        "rhx_efficiency": 0,
        "rhx_defrost_pressure_level": 0,
        "heat_exchanger_regulator_lvl": 0,
        "room_temp_set_point": 16,
        "min_temperature_set_point": 0,
        "max_temperature_set_point": 0
    },
    {
        "timestamp": "2025-02-15T20:10:01.887202",
        "co2": 422,
        "co2_sensor_data": 0,
        "outdoor_temperature": 5984,
        "supply_air_flow_pressure": 0,
        "supply_air_flow": 14,
        "ahu_filter_pressure_level": 3387,
        "fan_levels": 10000,
        "reheat_regulation_level": 0,
        "cooling_regulation_level": 0,
        "duct_pressure": 0,
        "voc_level": 0,
        "rhx_operation_level": 8400,
        "rhx_efficiency": 0,
        "rhx_defrost_pressure_level": 0,
        "heat_exchanger_regulator_lvl": 0,
        "room_temp_set_point": 16,
        "min_temperature_set_point": 0,
        "max_temperature_set_point": 0
    },
    {
        "timestamp": "2025-02-15T20:20:01.905713",
        "co2": 422,
        "co2_sensor_data": 0,
        "outdoor_temperature": 5984,
        "supply_air_flow_pressure": 0,
        "supply_air_flow": 14,
        "ahu_filter_pressure_level": 2820,
        "fan_levels": 10000,
        "reheat_regulation_level": 0,
        "cooling_regulation_level": 0,
        "duct_pressure": 0,
        "voc_level": 0,
        "rhx_operation_level": 8399,
        "rhx_efficiency": 0,
        "rhx_defrost_pressure_level": 0,
        "heat_exchanger_regulator_lvl": 0,
        "room_temp_set_point": 16,
        "min_temperature_set_point": 0,
        "max_temperature_set_point": 0
    },
    {
        "timestamp": "2025-02-15T20:30:02.004797",
        "co2": 424,
        "co2_sensor_data": 0,
        "outdoor_temperature": 5984,
        "supply_air_flow_pressure": 0,
        "supply_air_flow": 14,
        "ahu_filter_pressure_level": 2450,
        "fan_levels": 10000,
        "reheat_regulation_level": 0,
        "cooling_regulation_level": 0,
        "duct_pressure": 0,
        "voc_level": 0,
        "rhx_operation_level": 8405,
        "rhx_efficiency": 0,
        "rhx_defrost_pressure_level": 0,
        "heat_exchanger_regulator_lvl": 0,
        "room_temp_set_point": 16,
        "min_temperature_set_point": 0,
        "max_temperature_set_point": 0
    },
    {
        "timestamp": "2025-02-15T20:40:01.993315",
        "co2": 422,
        "co2_sensor_data": 0,
        "outdoor_temperature": 5984,
        "supply_air_flow_pressure": 0,
        "supply_air_flow": 14,
        "ahu_filter_pressure_level": 2613,
        "fan_levels": 10000,
        "reheat_regulation_level": 0,
        "cooling_regulation_level": 0,
        "duct_pressure": 0,
        "voc_level": 0,
        "rhx_operation_level": 8399,
        "rhx_efficiency": 0,
        "rhx_defrost_pressure_level": 0,
        "heat_exchanger_regulator_lvl": 0,
        "room_temp_set_point": 16,
        "min_temperature_set_point": 0,
        "max_temperature_set_point": 0
    },
    {
        "timestamp": "2025-02-15T20:50:02.062757",
        "co2": 421,
        "co2_sensor_data": 0,
        "outdoor_temperature": 5984,
        "supply_air_flow_pressure": 0,
        "supply_air_flow": 14,
        "ahu_filter_pressure_level": 3599,
        "fan_levels": 10000,
        "reheat_regulation_level": 0,
        "cooling_regulation_level": 0,
        "duct_pressure": 0,
        "voc_level": 0,
        "rhx_operation_level": 8399,
        "rhx_efficiency": 0,
        "rhx_defrost_pressure_level": 0,
        "heat_exchanger_regulator_lvl": 0,
        "room_temp_set_point": 16,
        "min_temperature_set_point": 0,
        "max_temperature_set_point": 0
    },
    {
        "timestamp": "2025-02-15T21:00:02.052117",
        "co2": 418,
        "co2_sensor_data": 0,
        "outdoor_temperature": 5984,
        "supply_air_flow_pressure": 0,
        "supply_air_flow": 14,
        "ahu_filter_pressure_level": 2906,
        "fan_levels": 10000,
        "reheat_regulation_level": 0,
        "cooling_regulation_level": 0,
        "duct_pressure": 0,
        "voc_level": 0,
        "rhx_operation_level": 8398,
        "rhx_efficiency": 0,
        "rhx_defrost_pressure_level": 0,
        "heat_exchanger_regulator_lvl": 0,
        "room_temp_set_point": 16,
        "min_temperature_set_point": 0,
        "max_temperature_set_point": 0
    },
    {
        "timestamp": "2025-02-15T21:10:01.182662",
        "co2": 422,
        "co2_sensor_data": 0,
        "outdoor_temperature": 5984,
        "supply_air_flow_pressure": 0,
        "supply_air_flow": 14,
        "ahu_filter_pressure_level": 2610,
        "fan_levels": 10000,
        "reheat_regulation_level": 0,
        "cooling_regulation_level": 0,
        "duct_pressure": 0,
        "voc_level": 0,
        "rhx_operation_level": 8400,
        "rhx_efficiency": 0,
        "rhx_defrost_pressure_level": 0,
        "heat_exchanger_regulator_lvl": 0,
        "room_temp_set_point": 16,
        "min_temperature_set_point": 0,
        "max_temperature_set_point": 0
    },
    {
        "timestamp": "2025-02-15T21:20:01.215990",
        "co2": 419,
        "co2_sensor_data": 0,
        "outdoor_temperature": 5984,
        "supply_air_flow_pressure": 0,
        "supply_air_flow": 15,
        "ahu_filter_pressure_level": 2380,
        "fan_levels": 10000,
        "reheat_regulation_level": 0,
        "cooling_regulation_level": 0,
        "duct_pressure": 0,
        "voc_level": 0,
        "rhx_operation_level": 8396,
        "rhx_efficiency": 0,
        "rhx_defrost_pressure_level": 0,
        "heat_exchanger_regulator_lvl": 0,
        "room_temp_set_point": 16,
        "min_temperature_set_point": 0,
        "max_temperature_set_point": 0
    },
    {
        "timestamp": "2025-02-15T21:30:01.265982",
        "co2": 419,
        "co2_sensor_data": 0,
        "outdoor_temperature": 5984,
        "supply_air_flow_pressure": 0,
        "supply_air_flow": 14,
        "ahu_filter_pressure_level": 3653,
        "fan_levels": 7463,
        "reheat_regulation_level": 0,
        "cooling_regulation_level": 0,
        "duct_pressure": 0,
        "voc_level": 0,
        "rhx_operation_level": 8401,
        "rhx_efficiency": 0,
        "rhx_defrost_pressure_level": 0,
        "heat_exchanger_regulator_lvl": 0,
        "room_temp_set_point": 16,
        "min_temperature_set_point": 0,
        "max_temperature_set_point": 0
    },
    {
        "timestamp": "2025-02-15T21:40:01.351437",
        "co2": 421,
        "co2_sensor_data": 0,
        "outdoor_temperature": 5984,
        "supply_air_flow_pressure": 0,
        "supply_air_flow": 14,
        "ahu_filter_pressure_level": 3179,
        "fan_levels": 10000,
        "reheat_regulation_level": 0,
        "cooling_regulation_level": 0,
        "duct_pressure": 0,
        "voc_level": 0,
        "rhx_operation_level": 8396,
        "rhx_efficiency": 0,
        "rhx_defrost_pressure_level": 0,
        "heat_exchanger_regulator_lvl": 0,
        "room_temp_set_point": 16,
        "min_temperature_set_point": 0,
        "max_temperature_set_point": 0
    },
    {
        "timestamp": "2025-02-15T21:50:01.358922",
        "co2": 417,
        "co2_sensor_data": 0,
        "outdoor_temperature": 5984,
        "supply_air_flow_pressure": 0,
        "supply_air_flow": 14,
        "ahu_filter_pressure_level": 2723,
        "fan_levels": 10000,
        "reheat_regulation_level": 0,
        "cooling_regulation_level": 0,
        "duct_pressure": 0,
        "voc_level": 0,
        "rhx_operation_level": 8403,
        "rhx_efficiency": 0,
        "rhx_defrost_pressure_level": 0,
        "heat_exchanger_regulator_lvl": 0,
        "room_temp_set_point": 16,
        "min_temperature_set_point": 0,
        "max_temperature_set_point": 0
    },
    {
        "timestamp": "2025-02-15T22:00:01.455690",
        "co2": 420,
        "co2_sensor_data": 0,
        "outdoor_temperature": 5984,
        "supply_air_flow_pressure": 0,
        "supply_air_flow": 14,
        "ahu_filter_pressure_level": 2322,
        "fan_levels": 10000,
        "reheat_regulation_level": 0,
        "cooling_regulation_level": 0,
        "duct_pressure": 0,
        "voc_level": 0,
        "rhx_operation_level": 8400,
        "rhx_efficiency": 0,
        "rhx_defrost_pressure_level": 0,
        "heat_exchanger_regulator_lvl": 0,
        "room_temp_set_point": 16,
        "min_temperature_set_point": 0,
        "max_temperature_set_point": 0
    },
    {
        "timestamp": "2025-02-15T22:10:01.793661",
        "co2": 409,
        "co2_sensor_data": 0,
        "outdoor_temperature": 5984,
        "supply_air_flow_pressure": 0,
        "supply_air_flow": 13,
        "ahu_filter_pressure_level": 2963,
        "fan_levels": 10000,
        "reheat_regulation_level": 0,
        "cooling_regulation_level": 0,
        "duct_pressure": 0,
        "voc_level": 0,
        "rhx_operation_level": 8402,
        "rhx_efficiency": 0,
        "rhx_defrost_pressure_level": 0,
        "heat_exchanger_regulator_lvl": 0,
        "room_temp_set_point": 16,
        "min_temperature_set_point": 0,
        "max_temperature_set_point": 0
    },
    {
        "timestamp": "2025-02-15T22:20:01.928374",
        "co2": 419,
        "co2_sensor_data": 0,
        "outdoor_temperature": 5984,
        "supply_air_flow_pressure": 0,
        "supply_air_flow": 14,
        "ahu_filter_pressure_level": 3452,
        "fan_levels": 10000,
        "reheat_regulation_level": 0,
        "cooling_regulation_level": 0,
        "duct_pressure": 0,
        "voc_level": 0,
        "rhx_operation_level": 8402,
        "rhx_efficiency": 0,
        "rhx_defrost_pressure_level": 0,
        "heat_exchanger_regulator_lvl": 0,
        "room_temp_set_point": 16,
        "min_temperature_set_point": 0,
        "max_temperature_set_point": 0
    },
    {
        "timestamp": "2025-02-15T22:30:02.025547",
        "co2": 415,
        "co2_sensor_data": 0,
        "outdoor_temperature": 5984,
        "supply_air_flow_pressure": 0,
        "supply_air_flow": 13,
        "ahu_filter_pressure_level": 2858,
        "fan_levels": 10000,
        "reheat_regulation_level": 0,
        "cooling_regulation_level": 0,
        "duct_pressure": 0,
        "voc_level": 0,
        "rhx_operation_level": 8393,
        "rhx_efficiency": 0,
        "rhx_defrost_pressure_level": 0,
        "heat_exchanger_regulator_lvl": 0,
        "room_temp_set_point": 16,
        "min_temperature_set_point": 0,
        "max_temperature_set_point": 0
    },
    {
        "timestamp": "2025-02-15T22:40:01.237967",
        "co2": 413,
        "co2_sensor_data": 0,
        "outdoor_temperature": 5984,
        "supply_air_flow_pressure": 0,
        "supply_air_flow": 14,
        "ahu_filter_pressure_level": 2466,
        "fan_levels": 10000,
        "reheat_regulation_level": 0,
        "cooling_regulation_level": 0,
        "duct_pressure": 0,
        "voc_level": 0,
        "rhx_operation_level": 8401,
        "rhx_efficiency": 0,
        "rhx_defrost_pressure_level": 0,
        "heat_exchanger_regulator_lvl": 0,
        "room_temp_set_point": 16,
        "min_temperature_set_point": 0,
        "max_temperature_set_point": 0
    },
    {
        "timestamp": "2025-02-15T22:50:01.212193",
        "co2": 418,
        "co2_sensor_data": 0,
        "outdoor_temperature": 5984,
        "supply_air_flow_pressure": 0,
        "supply_air_flow": 13,
        "ahu_filter_pressure_level": 2855,
        "fan_levels": 10000,
        "reheat_regulation_level": 0,
        "cooling_regulation_level": 0,
        "duct_pressure": 0,
        "voc_level": 0,
        "rhx_operation_level": 8401,
        "rhx_efficiency": 0,
        "rhx_defrost_pressure_level": 0,
        "heat_exchanger_regulator_lvl": 0,
        "room_temp_set_point": 16,
        "min_temperature_set_point": 0,
        "max_temperature_set_point": 0
    },
    {
        "timestamp": "2025-02-15T23:00:01.335891",
        "co2": 418,
        "co2_sensor_data": 0,
        "outdoor_temperature": 5984,
        "supply_air_flow_pressure": 0,
        "supply_air_flow": 14,
        "ahu_filter_pressure_level": 3518,
        "fan_levels": 10000,
        "reheat_regulation_level": 0,
        "cooling_regulation_level": 0,
        "duct_pressure": 0,
        "voc_level": 0,
        "rhx_operation_level": 8400,
        "rhx_efficiency": 0,
        "rhx_defrost_pressure_level": 0,
        "heat_exchanger_regulator_lvl": 0,
        "room_temp_set_point": 16,
        "min_temperature_set_point": 0,
        "max_temperature_set_point": 0
    },
    {
        "timestamp": "2025-02-15T23:10:01.490875",
        "co2": 419,
        "co2_sensor_data": 0,
        "outdoor_temperature": 5984,
        "supply_air_flow_pressure": 0,
        "supply_air_flow": 13,
        "ahu_filter_pressure_level": 2857,
        "fan_levels": 10000,
        "reheat_regulation_level": 0,
        "cooling_regulation_level": 0,
        "duct_pressure": 0,
        "voc_level": 0,
        "rhx_operation_level": 8400,
        "rhx_efficiency": 0,
        "rhx_defrost_pressure_level": 0,
        "heat_exchanger_regulator_lvl": 0,
        "room_temp_set_point": 16,
        "min_temperature_set_point": 0,
        "max_temperature_set_point": 0
    },
    {
        "timestamp": "2025-02-15T23:20:01.597443",
        "co2": 414,
        "co2_sensor_data": 0,
        "outdoor_temperature": 5984,
        "supply_air_flow_pressure": 0,
        "supply_air_flow": 15,
        "ahu_filter_pressure_level": 2470,
        "fan_levels": 10000,
        "reheat_regulation_level": 0,
        "cooling_regulation_level": 0,
        "duct_pressure": 0,
        "voc_level": 0,
        "rhx_operation_level": 8397,
        "rhx_efficiency": 0,
        "rhx_defrost_pressure_level": 0,
        "heat_exchanger_regulator_lvl": 0,
        "room_temp_set_point": 16,
        "min_temperature_set_point": 0,
        "max_temperature_set_point": 0
    },
    {
        "timestamp": "2025-02-15T23:30:01.678270",
        "co2": 417,
        "co2_sensor_data": 0,
        "outdoor_temperature": 5984,
        "supply_air_flow_pressure": 0,
        "supply_air_flow": 14,
        "ahu_filter_pressure_level": 2661,
        "fan_levels": 10000,
        "reheat_regulation_level": 0,
        "cooling_regulation_level": 0,
        "duct_pressure": 0,
        "voc_level": 0,
        "rhx_operation_level": 8399,
        "rhx_efficiency": 0,
        "rhx_defrost_pressure_level": 0,
        "heat_exchanger_regulator_lvl": 0,
        "room_temp_set_point": 16,
        "min_temperature_set_point": 0,
        "max_temperature_set_point": 0
    },
    {
        "timestamp": "2025-02-15T23:40:01.673764",
        "co2": 414,
        "co2_sensor_data": 0,
        "outdoor_temperature": 5984,
        "supply_air_flow_pressure": 0,
        "supply_air_flow": 14,
        "ahu_filter_pressure_level": 3591,
        "fan_levels": 10000,
        "reheat_regulation_level": 0,
        "cooling_regulation_level": 0,
        "duct_pressure": 0,
        "voc_level": 0,
        "rhx_operation_level": 8400,
        "rhx_efficiency": 0,
        "rhx_defrost_pressure_level": 0,
        "heat_exchanger_regulator_lvl": 0,
        "room_temp_set_point": 16,
        "min_temperature_set_point": 0,
        "max_temperature_set_point": 0
    },
    {
        "timestamp": "2025-02-15T23:50:01.840624",
        "co2": 411,
        "co2_sensor_data": 0,
        "outdoor_temperature": 5984,
        "supply_air_flow_pressure": 0,
        "supply_air_flow": 14,
        "ahu_filter_pressure_level": 2921,
        "fan_levels": 10000,
        "reheat_regulation_level": 0,
        "cooling_regulation_level": 0,
        "duct_pressure": 0,
        "voc_level": 0,
        "rhx_operation_level": 8378,
        "rhx_efficiency": 0,
        "rhx_defrost_pressure_level": 0,
        "heat_exchanger_regulator_lvl": 0,
        "room_temp_set_point": 16,
        "min_temperature_set_point": 0,
        "max_temperature_set_point": 0
    }
]